solid JSCAD
facet normal -1 0 0
outer loop
vertex -27.5001 -22.4998 6.299716666666667
vertex -27.5001 -19.500033333333334 7.499933333333334
vertex -27.5001 -19.500033333333334 5.499916666666667
endloop
endfacet
facet normal -1 0 0
outer loop
vertex -27.5001 -22.4998 6.299716666666667
vertex -27.5001 -19.500033333333334 5.499916666666667
vertex -27.5001 -22.4998 5.499916666666667
endloop
endfacet
facet normal -1 0 0
outer loop
vertex -27.5001 -22.4998 6.299716666666667
vertex -27.5001 -22.4998 5.499916666666667
vertex -27.5001 -25.500083333333333 5.499916666666667
endloop
endfacet
facet normal -1 0 0
outer loop
vertex -27.5001 -22.4998 6.299716666666667
vertex -27.5001 -25.500083333333333 5.499916666666667
vertex -27.5001 -25.500083333333333 7.499933333333334
endloop
endfacet
facet normal -1 0 0
outer loop
vertex -27.5001 -22.4998 6.299716666666667
vertex -27.5001 -25.500083333333333 7.499933333333334
vertex -27.5001 -19.500033333333334 7.499933333333334
endloop
endfacet
facet normal -1 0 0
outer loop
vertex -27.5001 22.4998 6.299716666666667
vertex -27.5001 25.500083333333333 7.499933333333334
vertex -27.5001 25.500083333333333 5.499916666666667
endloop
endfacet
facet normal -1 0 0
outer loop
vertex -27.5001 22.4998 6.299716666666667
vertex -27.5001 25.500083333333333 5.499916666666667
vertex -27.5001 22.4998 5.499916666666667
endloop
endfacet
facet normal -1 0 0
outer loop
vertex -27.5001 22.4998 6.299716666666667
vertex -27.5001 22.4998 5.499916666666667
vertex -27.5001 19.500033333333334 5.499916666666667
endloop
endfacet
facet normal -1 0 0
outer loop
vertex -27.5001 22.4998 6.299716666666667
vertex -27.5001 19.500033333333334 5.499916666666667
vertex -27.5001 19.500033333333334 7.499933333333334
endloop
endfacet
facet normal -1 0 0
outer loop
vertex -27.5001 22.4998 6.299716666666667
vertex -27.5001 19.500033333333334 7.499933333333334
vertex -27.5001 25.500083333333333 7.499933333333334
endloop
endfacet
facet normal -1 0 0
outer loop
vertex -27.5001 -22.4998 5.499916666666667
vertex -27.5001 -22.4998 1.4998833333333335
vertex -27.5001 -25.500083333333333 1.4998833333333335
endloop
endfacet
facet normal -1 0 0
outer loop
vertex -27.5001 -22.4998 5.499916666666667
vertex -27.5001 -25.500083333333333 1.4998833333333335
vertex -27.5001 -25.500083333333333 5.499916666666667
endloop
endfacet
facet normal -1 0 0
outer loop
vertex -27.5001 25.500083333333333 5.499916666666667
vertex -27.5001 25.500083333333333 1.4998833333333335
vertex -27.5001 22.4998 1.4998833333333335
endloop
endfacet
facet normal -1 0 0
outer loop
vertex -27.5001 25.500083333333333 5.499916666666667
vertex -27.5001 22.4998 1.4998833333333335
vertex -27.5001 22.4998 5.499916666666667
endloop
endfacet
facet normal 1 0 0
outer loop
vertex 27.5001 22.4998 6.299716666666667
vertex 27.5001 19.500033333333334 7.499933333333334
vertex 27.5001 19.500033333333334 5.499916666666667
endloop
endfacet
facet normal 1 0 0
outer loop
vertex 27.5001 22.4998 6.299716666666667
vertex 27.5001 19.500033333333334 5.499916666666667
vertex 27.5001 22.4998 5.499916666666667
endloop
endfacet
facet normal 1 0 0
outer loop
vertex 27.5001 22.4998 6.299716666666667
vertex 27.5001 22.4998 5.499916666666667
vertex 27.5001 25.500083333333333 5.499916666666667
endloop
endfacet
facet normal 1 0 0
outer loop
vertex 27.5001 22.4998 6.299716666666667
vertex 27.5001 25.500083333333333 5.499916666666667
vertex 27.5001 25.500083333333333 7.499933333333334
endloop
endfacet
facet normal 1 0 0
outer loop
vertex 27.5001 22.4998 6.299716666666667
vertex 27.5001 25.500083333333333 7.499933333333334
vertex 27.5001 19.500033333333334 7.499933333333334
endloop
endfacet
facet normal 1 0 0
outer loop
vertex 27.5001 -22.4998 6.299716666666667
vertex 27.5001 -25.500083333333333 7.499933333333334
vertex 27.5001 -25.500083333333333 5.499916666666667
endloop
endfacet
facet normal 1 0 0
outer loop
vertex 27.5001 -22.4998 6.299716666666667
vertex 27.5001 -25.500083333333333 5.499916666666667
vertex 27.5001 -22.4998 5.499916666666667
endloop
endfacet
facet normal 1 0 0
outer loop
vertex 27.5001 -22.4998 6.299716666666667
vertex 27.5001 -22.4998 5.499916666666667
vertex 27.5001 -19.500033333333334 5.499916666666667
endloop
endfacet
facet normal 1 0 0
outer loop
vertex 27.5001 -22.4998 6.299716666666667
vertex 27.5001 -19.500033333333334 5.499916666666667
vertex 27.5001 -19.500033333333334 7.499933333333334
endloop
endfacet
facet normal 1 0 0
outer loop
vertex 27.5001 -22.4998 6.299716666666667
vertex 27.5001 -19.500033333333334 7.499933333333334
vertex 27.5001 -25.500083333333333 7.499933333333334
endloop
endfacet
facet normal 1 0 0
outer loop
vertex 27.5001 22.4998 5.499916666666667
vertex 27.5001 22.4998 1.4998833333333335
vertex 27.5001 25.500083333333333 1.4998833333333335
endloop
endfacet
facet normal 1 0 0
outer loop
vertex 27.5001 22.4998 5.499916666666667
vertex 27.5001 25.500083333333333 1.4998833333333335
vertex 27.5001 25.500083333333333 5.499916666666667
endloop
endfacet
facet normal 1 0 0
outer loop
vertex 27.5001 -25.500083333333333 5.499916666666667
vertex 27.5001 -25.500083333333333 1.4998833333333335
vertex 27.5001 -22.4998 1.4998833333333335
endloop
endfacet
facet normal 1 0 0
outer loop
vertex 27.5001 -25.500083333333333 5.499916666666667
vertex 27.5001 -22.4998 1.4998833333333335
vertex 27.5001 -22.4998 5.499916666666667
endloop
endfacet
facet normal 0 0.9999999999999999 0
outer loop
vertex -27.5001 -19.500033333333334 5.499916666666667
vertex -27.5001 -19.500033333333334 7.499933333333334
vertex 27.5001 -19.500033333333334 7.499933333333334
endloop
endfacet
facet normal 0 0.9999999999999999 0
outer loop
vertex -27.5001 -19.500033333333334 5.499916666666667
vertex 27.5001 -19.500033333333334 7.499933333333334
vertex 27.5001 -19.500033333333334 5.499916666666667
endloop
endfacet
facet normal 0 0 -1
outer loop
vertex 27.5001 22.4998 5.499916666666667
vertex 27.5001 19.500033333333334 5.499916666666667
vertex -27.5001 19.500033333333334 5.499916666666667
endloop
endfacet
facet normal 0 0 -1
outer loop
vertex 27.5001 22.4998 5.499916666666667
vertex -27.5001 19.500033333333334 5.499916666666667
vertex -27.5001 22.4998 5.499916666666667
endloop
endfacet
facet normal 0 0 -1
outer loop
vertex 27.5001 -19.500033333333334 5.499916666666667
vertex 27.5001 -22.4998 5.499916666666667
vertex -27.5001 -22.4998 5.499916666666667
endloop
endfacet
facet normal 0 0 -1
outer loop
vertex 27.5001 -19.500033333333334 5.499916666666667
vertex -27.5001 -22.4998 5.499916666666667
vertex -27.5001 -19.500033333333334 5.499916666666667
endloop
endfacet
facet normal 0 0 1
outer loop
vertex -27.5001 25.500083333333333 7.499933333333334
vertex -27.5001 19.500033333333334 7.499933333333334
vertex 27.5001 19.500033333333334 7.499933333333334
endloop
endfacet
facet normal 0 0 1
outer loop
vertex -27.5001 25.500083333333333 7.499933333333334
vertex 27.5001 19.500033333333334 7.499933333333334
vertex 27.5001 25.500083333333333 7.499933333333334
endloop
endfacet
facet normal 0 0 1
outer loop
vertex -27.5001 -19.500033333333334 7.499933333333334
vertex -27.5001 -25.500083333333333 7.499933333333334
vertex 27.5001 -25.500083333333333 7.499933333333334
endloop
endfacet
facet normal 0 0 1
outer loop
vertex -27.5001 -19.500033333333334 7.499933333333334
vertex 27.5001 -25.500083333333333 7.499933333333334
vertex 27.5001 -19.500033333333334 7.499933333333334
endloop
endfacet
facet normal 0 0 -1
outer loop
vertex 32.49988333333334 27.5001 -1.4998833333333335
vertex 32.49988333333334 -27.5001 -1.4998833333333335
vertex -32.49988333333334 -27.5001 -1.4998833333333335
endloop
endfacet
facet normal 0 0 -1
outer loop
vertex 32.49988333333334 27.5001 -1.4998833333333335
vertex -32.49988333333334 -27.5001 -1.4998833333333335
vertex -32.49988333333334 27.5001 -1.4998833333333335
endloop
endfacet
facet normal -1 0 0
outer loop
vertex 24.499816666666668 0 29.999733333333335
vertex 24.499816666666668 10.000083333333334 33.50015
vertex 24.499816666666668 10.000083333333334 27.66646666666667
endloop
endfacet
facet normal -0.9999999999999999 0 0
outer loop
vertex 24.499816666666668 0 29.999733333333335
vertex 24.499816666666668 10.000083333333334 27.66646666666667
vertex 24.499816666666668 0 27.66646666666667
endloop
endfacet
facet normal -0.9999999999999999 0 0
outer loop
vertex 24.499816666666668 0 29.999733333333335
vertex 24.499816666666668 0 27.66646666666667
vertex 24.499816666666668 -10.000083333333334 27.66646666666667
endloop
endfacet
facet normal -1 0 0
outer loop
vertex 24.499816666666668 0 29.999733333333335
vertex 24.499816666666668 -10.000083333333334 27.66646666666667
vertex 24.499816666666668 -10.000083333333334 33.50015
endloop
endfacet
facet normal -1 0 0
outer loop
vertex 24.499816666666668 0 29.999733333333335
vertex 24.499816666666668 -10.000083333333334 33.50015
vertex 24.499816666666668 10.000083333333334 33.50015
endloop
endfacet
facet normal -1 0 0
outer loop
vertex 24.499816666666668 0 27.66646666666667
vertex 24.499816666666668 -0.5853833333333334 27.60911666666667
vertex 24.499816666666668 -10.000083333333334 27.60911666666667
endloop
endfacet
facet normal -1 0 0
outer loop
vertex 24.499816666666668 0 27.66646666666667
vertex 24.499816666666668 -10.000083333333334 27.60911666666667
vertex 24.499816666666668 -10.000083333333334 27.66646666666667
endloop
endfacet
facet normal -1 0 0
outer loop
vertex 24.499816666666668 10.000083333333334 27.66646666666667
vertex 24.499816666666668 10.000083333333334 27.60911666666667
vertex 24.499816666666668 0.5853833333333334 27.60911666666667
endloop
endfacet
facet normal -1 0 0
outer loop
vertex 24.499816666666668 10.000083333333334 27.66646666666667
vertex 24.499816666666668 0.5853833333333334 27.60911666666667
vertex 24.499816666666668 0 27.66646666666667
endloop
endfacet
facet normal -1 0 0
outer loop
vertex 24.499816666666668 -0.5853833333333334 27.60911666666667
vertex 24.499816666666668 -1.1480333333333335 27.438100000000002
vertex 24.499816666666668 -10.000083333333334 27.438100000000002
endloop
endfacet
facet normal -1 0 0
outer loop
vertex 24.499816666666668 -0.5853833333333334 27.60911666666667
vertex 24.499816666666668 -10.000083333333334 27.438100000000002
vertex 24.499816666666668 -10.000083333333334 27.60911666666667
endloop
endfacet
facet normal -1 0 0
outer loop
vertex 24.499816666666668 10.000083333333334 27.60911666666667
vertex 24.499816666666668 10.000083333333334 27.438100000000002
vertex 24.499816666666668 1.1480333333333335 27.438100000000002
endloop
endfacet
facet normal -1 0 0
outer loop
vertex 24.499816666666668 10.000083333333334 27.60911666666667
vertex 24.499816666666668 1.1480333333333335 27.438100000000002
vertex 24.499816666666668 0.5853833333333334 27.60911666666667
endloop
endfacet
facet normal -1 0 0
outer loop
vertex 24.499816666666668 -1.1480333333333335 27.438100000000002
vertex 24.499816666666668 -1.6667666666666667 27.161166666666666
vertex 24.499816666666668 -10.000083333333334 27.161166666666666
endloop
endfacet
facet normal -1 0 0
outer loop
vertex 24.499816666666668 -1.1480333333333335 27.438100000000002
vertex 24.499816666666668 -10.000083333333334 27.161166666666666
vertex 24.499816666666668 -10.000083333333334 27.438100000000002
endloop
endfacet
facet normal -1 0 0
outer loop
vertex 24.499816666666668 10.000083333333334 27.438100000000002
vertex 24.499816666666668 10.000083333333334 27.161166666666666
vertex 24.499816666666668 1.6667666666666667 27.161166666666666
endloop
endfacet
facet normal -1 0 0
outer loop
vertex 24.499816666666668 10.000083333333334 27.438100000000002
vertex 24.499816666666668 1.6667666666666667 27.161166666666666
vertex 24.499816666666668 1.1480333333333335 27.438100000000002
endloop
endfacet
facet normal -1 0 0
outer loop
vertex 24.499816666666668 -1.6667666666666667 27.161166666666666
vertex 24.499816666666668 -2.1214333333333335 26.788133333333334
vertex 24.499816666666668 -10.000083333333334 26.788133333333334
endloop
endfacet
facet normal -1 0 0
outer loop
vertex 24.499816666666668 -1.6667666666666667 27.161166666666666
vertex 24.499816666666668 -10.000083333333334 26.788133333333334
vertex 24.499816666666668 -10.000083333333334 27.161166666666666
endloop
endfacet
facet normal -1 0 0
outer loop
vertex 24.499816666666668 10.000083333333334 27.161166666666666
vertex 24.499816666666668 10.000083333333334 26.788133333333334
vertex 24.499816666666668 2.1214333333333335 26.788133333333334
endloop
endfacet
facet normal -1 0 0
outer loop
vertex 24.499816666666668 10.000083333333334 27.161166666666666
vertex 24.499816666666668 2.1214333333333335 26.788133333333334
vertex 24.499816666666668 1.6667666666666667 27.161166666666666
endloop
endfacet
facet normal -1 0 0
outer loop
vertex 24.499816666666668 -2.1214333333333335 26.788133333333334
vertex 24.499816666666668 -2.494466666666667 26.333466666666666
vertex 24.499816666666668 -10.000083333333334 26.333466666666666
endloop
endfacet
facet normal -1 0 0
outer loop
vertex 24.499816666666668 -2.1214333333333335 26.788133333333334
vertex 24.499816666666668 -10.000083333333334 26.333466666666666
vertex 24.499816666666668 -10.000083333333334 26.788133333333334
endloop
endfacet
facet normal -0.9999999999999999 0 0
outer loop
vertex 24.499816666666668 10.000083333333334 26.788133333333334
vertex 24.499816666666668 10.000083333333334 26.333466666666666
vertex 24.499816666666668 2.494466666666667 26.333466666666666
endloop
endfacet
facet normal -1 0 0
outer loop
vertex 24.499816666666668 10.000083333333334 26.788133333333334
vertex 24.499816666666668 2.494466666666667 26.333466666666666
vertex 24.499816666666668 2.1214333333333335 26.788133333333334
endloop
endfacet
facet normal -1 0 0
outer loop
vertex 24.499816666666668 -2.494466666666667 26.333466666666666
vertex 24.499816666666668 -2.7714000000000003 25.814733333333333
vertex 24.499816666666668 -10.000083333333334 25.814733333333333
endloop
endfacet
facet normal -1 0 0
outer loop
vertex 24.499816666666668 -2.494466666666667 26.333466666666666
vertex 24.499816666666668 -10.000083333333334 25.814733333333333
vertex 24.499816666666668 -10.000083333333334 26.333466666666666
endloop
endfacet
facet normal -0.9999999999999999 0 0
outer loop
vertex 24.499816666666668 10.000083333333334 26.333466666666666
vertex 24.499816666666668 10.000083333333334 25.814733333333333
vertex 24.499816666666668 2.7714000000000003 25.814733333333333
endloop
endfacet
facet normal -1 0 0
outer loop
vertex 24.499816666666668 10.000083333333334 26.333466666666666
vertex 24.499816666666668 2.7714000000000003 25.814733333333333
vertex 24.499816666666668 2.494466666666667 26.333466666666666
endloop
endfacet
facet normal -1 0 0
outer loop
vertex 24.499816666666668 -2.7714000000000003 25.814733333333333
vertex 24.499816666666668 -2.942416666666667 25.252083333333335
vertex 24.499816666666668 -10.000083333333334 25.252083333333335
endloop
endfacet
facet normal -1 0 0
outer loop
vertex 24.499816666666668 -2.7714000000000003 25.814733333333333
vertex 24.499816666666668 -10.000083333333334 25.252083333333335
vertex 24.499816666666668 -10.000083333333334 25.814733333333333
endloop
endfacet
facet normal -1 0 0
outer loop
vertex 24.499816666666668 10.000083333333334 25.814733333333333
vertex 24.499816666666668 10.000083333333334 25.252083333333335
vertex 24.499816666666668 2.942416666666667 25.252083333333335
endloop
endfacet
facet normal -1 0 0
outer loop
vertex 24.499816666666668 10.000083333333334 25.814733333333333
vertex 24.499816666666668 2.942416666666667 25.252083333333335
vertex 24.499816666666668 2.7714000000000003 25.814733333333333
endloop
endfacet
facet normal -1 0 0
outer loop
vertex 24.499816666666668 -2.942416666666667 25.252083333333335
vertex 24.499816666666668 -2.999766666666667 24.666700000000002
vertex 24.499816666666668 -10.000083333333334 24.666700000000002
endloop
endfacet
facet normal -1 0 0
outer loop
vertex 24.499816666666668 -2.942416666666667 25.252083333333335
vertex 24.499816666666668 -10.000083333333334 24.666700000000002
vertex 24.499816666666668 -10.000083333333334 25.252083333333335
endloop
endfacet
facet normal -1 0 0
outer loop
vertex 24.499816666666668 10.000083333333334 25.252083333333335
vertex 24.499816666666668 10.000083333333334 24.666700000000002
vertex 24.499816666666668 2.999766666666667 24.666700000000002
endloop
endfacet
facet normal -1 0 0
outer loop
vertex 24.499816666666668 10.000083333333334 25.252083333333335
vertex 24.499816666666668 2.999766666666667 24.666700000000002
vertex 24.499816666666668 2.942416666666667 25.252083333333335
endloop
endfacet
facet normal -1 0 0
outer loop
vertex 24.499816666666668 -2.999766666666667 24.666700000000002
vertex 24.499816666666668 -2.942416666666667 24.081316666666666
vertex 24.499816666666668 -10.000083333333334 24.081316666666666
endloop
endfacet
facet normal -1 0 0
outer loop
vertex 24.499816666666668 -2.999766666666667 24.666700000000002
vertex 24.499816666666668 -10.000083333333334 24.081316666666666
vertex 24.499816666666668 -10.000083333333334 24.666700000000002
endloop
endfacet
facet normal -1 0 0
outer loop
vertex 24.499816666666668 10.000083333333334 24.666700000000002
vertex 24.499816666666668 10.000083333333334 24.081316666666666
vertex 24.499816666666668 2.942416666666667 24.081316666666666
endloop
endfacet
facet normal -1 0 0
outer loop
vertex 24.499816666666668 10.000083333333334 24.666700000000002
vertex 24.499816666666668 2.942416666666667 24.081316666666666
vertex 24.499816666666668 2.999766666666667 24.666700000000002
endloop
endfacet
facet normal -1 0 0
outer loop
vertex 24.499816666666668 -2.942416666666667 24.081316666666666
vertex 24.499816666666668 -2.7714000000000003 23.518666666666668
vertex 24.499816666666668 -10.000083333333334 23.518666666666668
endloop
endfacet
facet normal -1 0 0
outer loop
vertex 24.499816666666668 -2.942416666666667 24.081316666666666
vertex 24.499816666666668 -10.000083333333334 23.518666666666668
vertex 24.499816666666668 -10.000083333333334 24.081316666666666
endloop
endfacet
facet normal -1 0 0
outer loop
vertex 24.499816666666668 10.000083333333334 24.081316666666666
vertex 24.499816666666668 10.000083333333334 23.518666666666668
vertex 24.499816666666668 2.7714000000000003 23.518666666666668
endloop
endfacet
facet normal -1 0 0
outer loop
vertex 24.499816666666668 10.000083333333334 24.081316666666666
vertex 24.499816666666668 2.7714000000000003 23.518666666666668
vertex 24.499816666666668 2.942416666666667 24.081316666666666
endloop
endfacet
facet normal -1 0 0
outer loop
vertex 24.499816666666668 -2.7714000000000003 23.518666666666668
vertex 24.499816666666668 -2.494466666666667 22.999933333333335
vertex 24.499816666666668 -10.000083333333334 22.999933333333335
endloop
endfacet
facet normal -0.9999999999999999 0 0
outer loop
vertex 24.499816666666668 -2.7714000000000003 23.518666666666668
vertex 24.499816666666668 -10.000083333333334 22.999933333333335
vertex 24.499816666666668 -10.000083333333334 23.518666666666668
endloop
endfacet
facet normal -1 0 0
outer loop
vertex 24.499816666666668 10.000083333333334 23.518666666666668
vertex 24.499816666666668 10.000083333333334 22.999933333333335
vertex 24.499816666666668 2.494466666666667 22.999933333333335
endloop
endfacet
facet normal -0.9999999999999999 0 0
outer loop
vertex 24.499816666666668 10.000083333333334 23.518666666666668
vertex 24.499816666666668 2.494466666666667 22.999933333333335
vertex 24.499816666666668 2.7714000000000003 23.518666666666668
endloop
endfacet
facet normal -1 0 0
outer loop
vertex 24.499816666666668 -2.494466666666667 22.999933333333335
vertex 24.499816666666668 -2.1214333333333335 22.545266666666667
vertex 24.499816666666668 -10.000083333333334 22.545266666666667
endloop
endfacet
facet normal -0.9999999999999999 0 0
outer loop
vertex 24.499816666666668 -2.494466666666667 22.999933333333335
vertex 24.499816666666668 -10.000083333333334 22.545266666666667
vertex 24.499816666666668 -10.000083333333334 22.999933333333335
endloop
endfacet
facet normal -1 0 0
outer loop
vertex 24.499816666666668 10.000083333333334 22.999933333333335
vertex 24.499816666666668 10.000083333333334 22.545266666666667
vertex 24.499816666666668 2.1214333333333335 22.545266666666667
endloop
endfacet
facet normal -0.9999999999999999 0 0
outer loop
vertex 24.499816666666668 10.000083333333334 22.999933333333335
vertex 24.499816666666668 2.1214333333333335 22.545266666666667
vertex 24.499816666666668 2.494466666666667 22.999933333333335
endloop
endfacet
facet normal -1 0 0
outer loop
vertex 24.499816666666668 -2.1214333333333335 22.545266666666667
vertex 24.499816666666668 -1.6667666666666667 22.172233333333335
vertex 24.499816666666668 -10.000083333333334 22.172233333333335
endloop
endfacet
facet normal -1 0 0
outer loop
vertex 24.499816666666668 -2.1214333333333335 22.545266666666667
vertex 24.499816666666668 -10.000083333333334 22.172233333333335
vertex 24.499816666666668 -10.000083333333334 22.545266666666667
endloop
endfacet
facet normal -1 0 0
outer loop
vertex 24.499816666666668 10.000083333333334 22.545266666666667
vertex 24.499816666666668 10.000083333333334 22.172233333333335
vertex 24.499816666666668 1.6667666666666667 22.172233333333335
endloop
endfacet
facet normal -1 0 0
outer loop
vertex 24.499816666666668 10.000083333333334 22.545266666666667
vertex 24.499816666666668 1.6667666666666667 22.172233333333335
vertex 24.499816666666668 2.1214333333333335 22.545266666666667
endloop
endfacet
facet normal -1 0 0
outer loop
vertex 24.499816666666668 -1.6667666666666667 22.172233333333335
vertex 24.499816666666668 -1.1480333333333335 21.894783333333333
vertex 24.499816666666668 -10.000083333333334 21.894783333333333
endloop
endfacet
facet normal -1 0 0
outer loop
vertex 24.499816666666668 -1.6667666666666667 22.172233333333335
vertex 24.499816666666668 -10.000083333333334 21.894783333333333
vertex 24.499816666666668 -10.000083333333334 22.172233333333335
endloop
endfacet
facet normal -1 0 0
outer loop
vertex 24.499816666666668 10.000083333333334 22.172233333333335
vertex 24.499816666666668 10.000083333333334 21.894783333333333
vertex 24.499816666666668 1.1480333333333335 21.894783333333333
endloop
endfacet
facet normal -1 0 0
outer loop
vertex 24.499816666666668 10.000083333333334 22.172233333333335
vertex 24.499816666666668 1.1480333333333335 21.894783333333333
vertex 24.499816666666668 1.6667666666666667 22.172233333333335
endloop
endfacet
facet normal -1 0 0
outer loop
vertex 24.499816666666668 -1.1480333333333335 21.894783333333333
vertex 24.499816666666668 -0.5853833333333334 21.724283333333336
vertex 24.499816666666668 -10.000083333333334 21.724283333333336
endloop
endfacet
facet normal -0.9999999999999999 0 0
outer loop
vertex 24.499816666666668 -1.1480333333333335 21.894783333333333
vertex 24.499816666666668 -10.000083333333334 21.724283333333336
vertex 24.499816666666668 -10.000083333333334 21.894783333333333
endloop
endfacet
facet normal -1 0 0
outer loop
vertex 24.499816666666668 10.000083333333334 21.894783333333333
vertex 24.499816666666668 10.000083333333334 21.724283333333336
vertex 24.499816666666668 0.5853833333333334 21.724283333333336
endloop
endfacet
facet normal -0.9999999999999999 0 0
outer loop
vertex 24.499816666666668 10.000083333333334 21.894783333333333
vertex 24.499816666666668 0.5853833333333334 21.724283333333336
vertex 24.499816666666668 1.1480333333333335 21.894783333333333
endloop
endfacet
facet normal -0.9999999999999999 0 0
outer loop
vertex 24.499816666666668 -0.5853833333333334 21.724283333333336
vertex 24.499816666666668 0 21.666416666666667
vertex 24.499816666666668 -10.000083333333334 21.666416666666667
endloop
endfacet
facet normal -1 0 0
outer loop
vertex 24.499816666666668 -0.5853833333333334 21.724283333333336
vertex 24.499816666666668 -10.000083333333334 21.666416666666667
vertex 24.499816666666668 -10.000083333333334 21.724283333333336
endloop
endfacet
facet normal -0.9999999999999999 0 0
outer loop
vertex 24.499816666666668 10.000083333333334 21.724283333333336
vertex 24.499816666666668 10.000083333333334 21.666416666666667
vertex 24.499816666666668 0 21.666416666666667
endloop
endfacet
facet normal -1 0 0
outer loop
vertex 24.499816666666668 10.000083333333334 21.724283333333336
vertex 24.499816666666668 0 21.666416666666667
vertex 24.499816666666668 0.5853833333333334 21.724283333333336
endloop
endfacet
facet normal -1 0 0
outer loop
vertex 24.499816666666668 0 11.110916666666666
vertex 24.499816666666668 0 21.666416666666667
vertex 24.499816666666668 10.000083333333334 21.666416666666667
endloop
endfacet
facet normal -1 0 0
outer loop
vertex 24.499816666666668 0 11.110916666666666
vertex 24.499816666666668 10.000083333333334 21.666416666666667
vertex 24.499816666666668 10.000083333333334 14.500250000000001
endloop
endfacet
facet normal -1 0 0
outer loop
vertex 24.499816666666668 0 11.110916666666666
vertex 24.499816666666668 10.000083333333334 14.500250000000001
vertex 24.499816666666668 10.000083333333334 1.4998833333333335
endloop
endfacet
facet normal -1 0 0
outer loop
vertex 24.499816666666668 0 11.110916666666666
vertex 24.499816666666668 10.000083333333334 1.4998833333333335
vertex 24.499816666666668 8.5002 1.4998833333333335
endloop
endfacet
facet normal -1 0 0
outer loop
vertex 24.499816666666668 0 11.110916666666666
vertex 24.499816666666668 8.5002 1.4998833333333335
vertex 24.499816666666668 -8.5002 1.4998833333333335
endloop
endfacet
facet normal -1 0 0
outer loop
vertex 24.499816666666668 0 11.110916666666666
vertex 24.499816666666668 -8.5002 1.4998833333333335
vertex 24.499816666666668 -10.000083333333334 1.4998833333333335
endloop
endfacet
facet normal -1 0 0
outer loop
vertex 24.499816666666668 0 11.110916666666666
vertex 24.499816666666668 -10.000083333333334 1.4998833333333335
vertex 24.499816666666668 -10.000083333333334 14.500250000000001
endloop
endfacet
facet normal -1 0 0
outer loop
vertex 24.499816666666668 0 11.110916666666666
vertex 24.499816666666668 -10.000083333333334 14.500250000000001
vertex 24.499816666666668 -10.000083333333334 21.666416666666667
endloop
endfacet
facet normal -1 0 0
outer loop
vertex 24.499816666666668 0 11.110916666666666
vertex 24.499816666666668 -10.000083333333334 21.666416666666667
vertex 24.499816666666668 0 21.666416666666667
endloop
endfacet
facet normal -1 0 0
outer loop
vertex 24.499816666666668 8.5002 1.4998833333333335
vertex 24.499816666666668 8.5002 0.5001333333333333
vertex 24.499816666666668 -8.5002 0.5001333333333333
endloop
endfacet
facet normal -1 0 0
outer loop
vertex 24.499816666666668 8.5002 1.4998833333333335
vertex 24.499816666666668 -8.5002 0.5001333333333333
vertex 24.499816666666668 -8.5002 1.4998833333333335
endloop
endfacet
facet normal 0 0 1
outer loop
vertex 32.49988333333334 -10.000083333333334 14.500250000000001
vertex 32.49988333333334 10.000083333333334 14.500250000000001
vertex 31.500133333333334 10.000083333333334 14.500250000000001
endloop
endfacet
facet normal 0 0 1
outer loop
vertex 32.49988333333334 -10.000083333333334 14.500250000000001
vertex 31.500133333333334 10.000083333333334 14.500250000000001
vertex 31.500133333333334 -10.000083333333334 14.500250000000001
endloop
endfacet
facet normal 1 0 0
outer loop
vertex 31.500133333333334 0 29.999733333333335
vertex 31.500133333333334 -10.000083333333334 33.50015
vertex 31.500133333333334 -10.000083333333334 27.66646666666667
endloop
endfacet
facet normal 0.9999999999999999 0 0
outer loop
vertex 31.500133333333334 0 29.999733333333335
vertex 31.500133333333334 -10.000083333333334 27.66646666666667
vertex 31.500133333333334 0 27.66646666666667
endloop
endfacet
facet normal 0.9999999999999999 0 0
outer loop
vertex 31.500133333333334 0 29.999733333333335
vertex 31.500133333333334 0 27.66646666666667
vertex 31.500133333333334 10.000083333333334 27.66646666666667
endloop
endfacet
facet normal 1 0 0
outer loop
vertex 31.500133333333334 0 29.999733333333335
vertex 31.500133333333334 10.000083333333334 27.66646666666667
vertex 31.500133333333334 10.000083333333334 33.50015
endloop
endfacet
facet normal 1 0 0
outer loop
vertex 31.500133333333334 0 29.999733333333335
vertex 31.500133333333334 10.000083333333334 33.50015
vertex 31.500133333333334 -10.000083333333334 33.50015
endloop
endfacet
facet normal 1 0 0
outer loop
vertex 31.500133333333334 0 27.66646666666667
vertex 31.500133333333334 0.5853833333333334 27.60911666666667
vertex 31.500133333333334 10.000083333333334 27.60911666666667
endloop
endfacet
facet normal 1 0 0
outer loop
vertex 31.500133333333334 0 27.66646666666667
vertex 31.500133333333334 10.000083333333334 27.60911666666667
vertex 31.500133333333334 10.000083333333334 27.66646666666667
endloop
endfacet
facet normal 1 0 0
outer loop
vertex 31.500133333333334 -10.000083333333334 27.66646666666667
vertex 31.500133333333334 -10.000083333333334 27.60911666666667
vertex 31.500133333333334 -0.5853833333333334 27.60911666666667
endloop
endfacet
facet normal 1 0 0
outer loop
vertex 31.500133333333334 -10.000083333333334 27.66646666666667
vertex 31.500133333333334 -0.5853833333333334 27.60911666666667
vertex 31.500133333333334 0 27.66646666666667
endloop
endfacet
facet normal 1 0 0
outer loop
vertex 31.500133333333334 0.5853833333333334 27.60911666666667
vertex 31.500133333333334 1.1480333333333335 27.438100000000002
vertex 31.500133333333334 10.000083333333334 27.438100000000002
endloop
endfacet
facet normal 1 0 0
outer loop
vertex 31.500133333333334 0.5853833333333334 27.60911666666667
vertex 31.500133333333334 10.000083333333334 27.438100000000002
vertex 31.500133333333334 10.000083333333334 27.60911666666667
endloop
endfacet
facet normal 1 0 0
outer loop
vertex 31.500133333333334 -10.000083333333334 27.60911666666667
vertex 31.500133333333334 -10.000083333333334 27.438100000000002
vertex 31.500133333333334 -1.1480333333333335 27.438100000000002
endloop
endfacet
facet normal 1 0 0
outer loop
vertex 31.500133333333334 -10.000083333333334 27.60911666666667
vertex 31.500133333333334 -1.1480333333333335 27.438100000000002
vertex 31.500133333333334 -0.5853833333333334 27.60911666666667
endloop
endfacet
facet normal 1 0 0
outer loop
vertex 31.500133333333334 1.1480333333333335 27.438100000000002
vertex 31.500133333333334 1.6667666666666667 27.161166666666666
vertex 31.500133333333334 10.000083333333334 27.161166666666666
endloop
endfacet
facet normal 1 0 0
outer loop
vertex 31.500133333333334 1.1480333333333335 27.438100000000002
vertex 31.500133333333334 10.000083333333334 27.161166666666666
vertex 31.500133333333334 10.000083333333334 27.438100000000002
endloop
endfacet
facet normal 1 0 0
outer loop
vertex 31.500133333333334 -10.000083333333334 27.438100000000002
vertex 31.500133333333334 -10.000083333333334 27.161166666666666
vertex 31.500133333333334 -1.6667666666666667 27.161166666666666
endloop
endfacet
facet normal 1 0 0
outer loop
vertex 31.500133333333334 -10.000083333333334 27.438100000000002
vertex 31.500133333333334 -1.6667666666666667 27.161166666666666
vertex 31.500133333333334 -1.1480333333333335 27.438100000000002
endloop
endfacet
facet normal 1 0 0
outer loop
vertex 31.500133333333334 1.6667666666666667 27.161166666666666
vertex 31.500133333333334 2.1214333333333335 26.788133333333334
vertex 31.500133333333334 10.000083333333334 26.788133333333334
endloop
endfacet
facet normal 1 0 0
outer loop
vertex 31.500133333333334 1.6667666666666667 27.161166666666666
vertex 31.500133333333334 10.000083333333334 26.788133333333334
vertex 31.500133333333334 10.000083333333334 27.161166666666666
endloop
endfacet
facet normal 1 0 0
outer loop
vertex 31.500133333333334 -10.000083333333334 27.161166666666666
vertex 31.500133333333334 -10.000083333333334 26.788133333333334
vertex 31.500133333333334 -2.1214333333333335 26.788133333333334
endloop
endfacet
facet normal 1 0 0
outer loop
vertex 31.500133333333334 -10.000083333333334 27.161166666666666
vertex 31.500133333333334 -2.1214333333333335 26.788133333333334
vertex 31.500133333333334 -1.6667666666666667 27.161166666666666
endloop
endfacet
facet normal 1 0 0
outer loop
vertex 31.500133333333334 2.1214333333333335 26.788133333333334
vertex 31.500133333333334 2.494466666666667 26.333466666666666
vertex 31.500133333333334 10.000083333333334 26.333466666666666
endloop
endfacet
facet normal 1 0 0
outer loop
vertex 31.500133333333334 2.1214333333333335 26.788133333333334
vertex 31.500133333333334 10.000083333333334 26.333466666666666
vertex 31.500133333333334 10.000083333333334 26.788133333333334
endloop
endfacet
facet normal 0.9999999999999999 0 0
outer loop
vertex 31.500133333333334 -10.000083333333334 26.788133333333334
vertex 31.500133333333334 -10.000083333333334 26.333466666666666
vertex 31.500133333333334 -2.494466666666667 26.333466666666666
endloop
endfacet
facet normal 1 0 0
outer loop
vertex 31.500133333333334 -10.000083333333334 26.788133333333334
vertex 31.500133333333334 -2.494466666666667 26.333466666666666
vertex 31.500133333333334 -2.1214333333333335 26.788133333333334
endloop
endfacet
facet normal 1 0 0
outer loop
vertex 31.500133333333334 2.494466666666667 26.333466666666666
vertex 31.500133333333334 2.7714000000000003 25.814733333333333
vertex 31.500133333333334 10.000083333333334 25.814733333333333
endloop
endfacet
facet normal 1 0 0
outer loop
vertex 31.500133333333334 2.494466666666667 26.333466666666666
vertex 31.500133333333334 10.000083333333334 25.814733333333333
vertex 31.500133333333334 10.000083333333334 26.333466666666666
endloop
endfacet
facet normal 0.9999999999999999 0 0
outer loop
vertex 31.500133333333334 -10.000083333333334 26.333466666666666
vertex 31.500133333333334 -10.000083333333334 25.814733333333333
vertex 31.500133333333334 -2.7714000000000003 25.814733333333333
endloop
endfacet
facet normal 1 0 0
outer loop
vertex 31.500133333333334 -10.000083333333334 26.333466666666666
vertex 31.500133333333334 -2.7714000000000003 25.814733333333333
vertex 31.500133333333334 -2.494466666666667 26.333466666666666
endloop
endfacet
facet normal 1 0 0
outer loop
vertex 31.500133333333334 2.7714000000000003 25.814733333333333
vertex 31.500133333333334 2.942416666666667 25.252083333333335
vertex 31.500133333333334 10.000083333333334 25.252083333333335
endloop
endfacet
facet normal 1 0 0
outer loop
vertex 31.500133333333334 2.7714000000000003 25.814733333333333
vertex 31.500133333333334 10.000083333333334 25.252083333333335
vertex 31.500133333333334 10.000083333333334 25.814733333333333
endloop
endfacet
facet normal 1 0 0
outer loop
vertex 31.500133333333334 -10.000083333333334 25.814733333333333
vertex 31.500133333333334 -10.000083333333334 25.252083333333335
vertex 31.500133333333334 -2.942416666666667 25.252083333333335
endloop
endfacet
facet normal 1 0 0
outer loop
vertex 31.500133333333334 -10.000083333333334 25.814733333333333
vertex 31.500133333333334 -2.942416666666667 25.252083333333335
vertex 31.500133333333334 -2.7714000000000003 25.814733333333333
endloop
endfacet
facet normal 1 0 0
outer loop
vertex 31.500133333333334 2.942416666666667 25.252083333333335
vertex 31.500133333333334 2.999766666666667 24.666700000000002
vertex 31.500133333333334 10.000083333333334 24.666700000000002
endloop
endfacet
facet normal 1 0 0
outer loop
vertex 31.500133333333334 2.942416666666667 25.252083333333335
vertex 31.500133333333334 10.000083333333334 24.666700000000002
vertex 31.500133333333334 10.000083333333334 25.252083333333335
endloop
endfacet
facet normal 1 0 0
outer loop
vertex 31.500133333333334 -10.000083333333334 25.252083333333335
vertex 31.500133333333334 -10.000083333333334 24.666700000000002
vertex 31.500133333333334 -2.999766666666667 24.666700000000002
endloop
endfacet
facet normal 1 0 0
outer loop
vertex 31.500133333333334 -10.000083333333334 25.252083333333335
vertex 31.500133333333334 -2.999766666666667 24.666700000000002
vertex 31.500133333333334 -2.942416666666667 25.252083333333335
endloop
endfacet
facet normal 1 0 0
outer loop
vertex 31.500133333333334 2.999766666666667 24.666700000000002
vertex 31.500133333333334 2.942416666666667 24.081316666666666
vertex 31.500133333333334 10.000083333333334 24.081316666666666
endloop
endfacet
facet normal 1 0 0
outer loop
vertex 31.500133333333334 2.999766666666667 24.666700000000002
vertex 31.500133333333334 10.000083333333334 24.081316666666666
vertex 31.500133333333334 10.000083333333334 24.666700000000002
endloop
endfacet
facet normal 1 0 0
outer loop
vertex 31.500133333333334 -10.000083333333334 24.666700000000002
vertex 31.500133333333334 -10.000083333333334 24.081316666666666
vertex 31.500133333333334 -2.942416666666667 24.081316666666666
endloop
endfacet
facet normal 1 0 0
outer loop
vertex 31.500133333333334 -10.000083333333334 24.666700000000002
vertex 31.500133333333334 -2.942416666666667 24.081316666666666
vertex 31.500133333333334 -2.999766666666667 24.666700000000002
endloop
endfacet
facet normal 1 0 0
outer loop
vertex 31.500133333333334 2.942416666666667 24.081316666666666
vertex 31.500133333333334 2.7714000000000003 23.518666666666668
vertex 31.500133333333334 10.000083333333334 23.518666666666668
endloop
endfacet
facet normal 1 0 0
outer loop
vertex 31.500133333333334 2.942416666666667 24.081316666666666
vertex 31.500133333333334 10.000083333333334 23.518666666666668
vertex 31.500133333333334 10.000083333333334 24.081316666666666
endloop
endfacet
facet normal 1 0 0
outer loop
vertex 31.500133333333334 -10.000083333333334 24.081316666666666
vertex 31.500133333333334 -10.000083333333334 23.518666666666668
vertex 31.500133333333334 -2.7714000000000003 23.518666666666668
endloop
endfacet
facet normal 1 0 0
outer loop
vertex 31.500133333333334 -10.000083333333334 24.081316666666666
vertex 31.500133333333334 -2.7714000000000003 23.518666666666668
vertex 31.500133333333334 -2.942416666666667 24.081316666666666
endloop
endfacet
facet normal 1 0 0
outer loop
vertex 31.500133333333334 2.7714000000000003 23.518666666666668
vertex 31.500133333333334 2.494466666666667 22.999933333333335
vertex 31.500133333333334 10.000083333333334 22.999933333333335
endloop
endfacet
facet normal 0.9999999999999999 0 0
outer loop
vertex 31.500133333333334 2.7714000000000003 23.518666666666668
vertex 31.500133333333334 10.000083333333334 22.999933333333335
vertex 31.500133333333334 10.000083333333334 23.518666666666668
endloop
endfacet
facet normal 1 0 0
outer loop
vertex 31.500133333333334 -10.000083333333334 23.518666666666668
vertex 31.500133333333334 -10.000083333333334 22.999933333333335
vertex 31.500133333333334 -2.494466666666667 22.999933333333335
endloop
endfacet
facet normal 0.9999999999999999 0 0
outer loop
vertex 31.500133333333334 -10.000083333333334 23.518666666666668
vertex 31.500133333333334 -2.494466666666667 22.999933333333335
vertex 31.500133333333334 -2.7714000000000003 23.518666666666668
endloop
endfacet
facet normal 1 0 0
outer loop
vertex 31.500133333333334 2.494466666666667 22.999933333333335
vertex 31.500133333333334 2.1214333333333335 22.545266666666667
vertex 31.500133333333334 10.000083333333334 22.545266666666667
endloop
endfacet
facet normal 0.9999999999999999 0 0
outer loop
vertex 31.500133333333334 2.494466666666667 22.999933333333335
vertex 31.500133333333334 10.000083333333334 22.545266666666667
vertex 31.500133333333334 10.000083333333334 22.999933333333335
endloop
endfacet
facet normal 1 0 0
outer loop
vertex 31.500133333333334 -10.000083333333334 22.999933333333335
vertex 31.500133333333334 -10.000083333333334 22.545266666666667
vertex 31.500133333333334 -2.1214333333333335 22.545266666666667
endloop
endfacet
facet normal 0.9999999999999999 0 0
outer loop
vertex 31.500133333333334 -10.000083333333334 22.999933333333335
vertex 31.500133333333334 -2.1214333333333335 22.545266666666667
vertex 31.500133333333334 -2.494466666666667 22.999933333333335
endloop
endfacet
facet normal 1 0 0
outer loop
vertex 31.500133333333334 2.1214333333333335 22.545266666666667
vertex 31.500133333333334 1.6667666666666667 22.172233333333335
vertex 31.500133333333334 10.000083333333334 22.172233333333335
endloop
endfacet
facet normal 1 0 0
outer loop
vertex 31.500133333333334 2.1214333333333335 22.545266666666667
vertex 31.500133333333334 10.000083333333334 22.172233333333335
vertex 31.500133333333334 10.000083333333334 22.545266666666667
endloop
endfacet
facet normal 1 0 0
outer loop
vertex 31.500133333333334 -10.000083333333334 22.545266666666667
vertex 31.500133333333334 -10.000083333333334 22.172233333333335
vertex 31.500133333333334 -1.6667666666666667 22.172233333333335
endloop
endfacet
facet normal 1 0 0
outer loop
vertex 31.500133333333334 -10.000083333333334 22.545266666666667
vertex 31.500133333333334 -1.6667666666666667 22.172233333333335
vertex 31.500133333333334 -2.1214333333333335 22.545266666666667
endloop
endfacet
facet normal 1 0 0
outer loop
vertex 31.500133333333334 1.6667666666666667 22.172233333333335
vertex 31.500133333333334 1.1480333333333335 21.894783333333333
vertex 31.500133333333334 10.000083333333334 21.894783333333333
endloop
endfacet
facet normal 1 0 0
outer loop
vertex 31.500133333333334 1.6667666666666667 22.172233333333335
vertex 31.500133333333334 10.000083333333334 21.894783333333333
vertex 31.500133333333334 10.000083333333334 22.172233333333335
endloop
endfacet
facet normal 1 0 0
outer loop
vertex 31.500133333333334 -10.000083333333334 22.172233333333335
vertex 31.500133333333334 -10.000083333333334 21.894783333333333
vertex 31.500133333333334 -1.1480333333333335 21.894783333333333
endloop
endfacet
facet normal 1 0 0
outer loop
vertex 31.500133333333334 -10.000083333333334 22.172233333333335
vertex 31.500133333333334 -1.1480333333333335 21.894783333333333
vertex 31.500133333333334 -1.6667666666666667 22.172233333333335
endloop
endfacet
facet normal 1 0 0
outer loop
vertex 31.500133333333334 1.1480333333333335 21.894783333333333
vertex 31.500133333333334 0.5853833333333334 21.724283333333336
vertex 31.500133333333334 10.000083333333334 21.724283333333336
endloop
endfacet
facet normal 0.9999999999999999 0 0
outer loop
vertex 31.500133333333334 1.1480333333333335 21.894783333333333
vertex 31.500133333333334 10.000083333333334 21.724283333333336
vertex 31.500133333333334 10.000083333333334 21.894783333333333
endloop
endfacet
facet normal 1 0 0
outer loop
vertex 31.500133333333334 -10.000083333333334 21.894783333333333
vertex 31.500133333333334 -10.000083333333334 21.724283333333336
vertex 31.500133333333334 -0.5853833333333334 21.724283333333336
endloop
endfacet
facet normal 0.9999999999999999 0 0
outer loop
vertex 31.500133333333334 -10.000083333333334 21.894783333333333
vertex 31.500133333333334 -0.5853833333333334 21.724283333333336
vertex 31.500133333333334 -1.1480333333333335 21.894783333333333
endloop
endfacet
facet normal 0.9999999999999999 0 0
outer loop
vertex 31.500133333333334 0.5853833333333334 21.724283333333336
vertex 31.500133333333334 0 21.666416666666667
vertex 31.500133333333334 10.000083333333334 21.666416666666667
endloop
endfacet
facet normal 1 0 0
outer loop
vertex 31.500133333333334 0.5853833333333334 21.724283333333336
vertex 31.500133333333334 10.000083333333334 21.666416666666667
vertex 31.500133333333334 10.000083333333334 21.724283333333336
endloop
endfacet
facet normal 0.9999999999999999 0 0
outer loop
vertex 31.500133333333334 -10.000083333333334 21.724283333333336
vertex 31.500133333333334 -10.000083333333334 21.666416666666667
vertex 31.500133333333334 0 21.666416666666667
endloop
endfacet
facet normal 1 0 0
outer loop
vertex 31.500133333333334 -10.000083333333334 21.724283333333336
vertex 31.500133333333334 0 21.666416666666667
vertex 31.500133333333334 -0.5853833333333334 21.724283333333336
endloop
endfacet
facet normal 1 0 0
outer loop
vertex 31.500133333333334 0 18.79995
vertex 31.500133333333334 0 21.666416666666667
vertex 31.500133333333334 -10.000083333333334 21.666416666666667
endloop
endfacet
facet normal 1 0 0
outer loop
vertex 31.500133333333334 0 18.79995
vertex 31.500133333333334 -10.000083333333334 21.666416666666667
vertex 31.500133333333334 -10.000083333333334 14.500250000000001
endloop
endfacet
facet normal 1 0 0
outer loop
vertex 31.500133333333334 0 18.79995
vertex 31.500133333333334 -10.000083333333334 14.500250000000001
vertex 31.500133333333334 10.000083333333334 14.500250000000001
endloop
endfacet
facet normal 1 0 0
outer loop
vertex 31.500133333333334 0 18.79995
vertex 31.500133333333334 10.000083333333334 14.500250000000001
vertex 31.500133333333334 10.000083333333334 21.666416666666667
endloop
endfacet
facet normal 1 0 0
outer loop
vertex 31.500133333333334 0 18.79995
vertex 31.500133333333334 10.000083333333334 21.666416666666667
vertex 31.500133333333334 0 21.666416666666667
endloop
endfacet
facet normal 0 -0.09837312909221538 0.9951496005488856
outer loop
vertex 24.499816666666668 0 21.666416666666667
vertex 31.500133333333334 0 21.666416666666667
vertex 31.500133333333334 0.5853833333333334 21.724283333333336
endloop
endfacet
facet normal 0 -0.09837312909221538 0.9951496005488856
outer loop
vertex 24.499816666666668 0 21.666416666666667
vertex 31.500133333333334 0.5853833333333334 21.724283333333336
vertex 24.499816666666668 0.5853833333333334 21.724283333333336
endloop
endfacet
facet normal 0 -0.290007395282866 0.9570244044334749
outer loop
vertex 24.499816666666668 0.5853833333333334 21.724283333333336
vertex 31.500133333333334 0.5853833333333334 21.724283333333336
vertex 31.500133333333334 1.1480333333333335 21.894783333333333
endloop
endfacet
facet normal 0 -0.290007395282866 0.9570244044334749
outer loop
vertex 24.499816666666668 0.5853833333333334 21.724283333333336
vertex 31.500133333333334 1.1480333333333335 21.894783333333333
vertex 24.499816666666668 1.1480333333333335 21.894783333333333
endloop
endfacet
facet normal 0 -0.47163636883059545 0.8817931365100834
outer loop
vertex 24.499816666666668 1.1480333333333335 21.894783333333333
vertex 31.500133333333334 1.1480333333333335 21.894783333333333
vertex 31.500133333333334 1.6667666666666667 22.172233333333335
endloop
endfacet
facet normal 0 -0.47163636883059545 0.8817931365100834
outer loop
vertex 24.499816666666668 1.1480333333333335 21.894783333333333
vertex 31.500133333333334 1.6667666666666667 22.172233333333335
vertex 24.499816666666668 1.6667666666666667 22.172233333333335
endloop
endfacet
facet normal 0 -0.6342896861968216 0.7730954624005612
outer loop
vertex 24.499816666666668 1.6667666666666667 22.172233333333335
vertex 31.500133333333334 1.6667666666666667 22.172233333333335
vertex 31.500133333333334 2.1214333333333335 22.545266666666667
endloop
endfacet
facet normal 0 -0.6342896861968216 0.7730954624005612
outer loop
vertex 24.499816666666668 1.6667666666666667 22.172233333333335
vertex 31.500133333333334 2.1214333333333335 22.545266666666667
vertex 24.499816666666668 2.1214333333333335 22.545266666666667
endloop
endfacet
facet normal 0 -0.7730954624005612 0.634289686196822
outer loop
vertex 24.499816666666668 2.1214333333333335 22.545266666666667
vertex 31.500133333333334 2.1214333333333335 22.545266666666667
vertex 31.500133333333334 2.494466666666667 22.999933333333335
endloop
endfacet
facet normal 0 -0.7730954624005612 0.634289686196822
outer loop
vertex 24.499816666666668 2.1214333333333335 22.545266666666667
vertex 31.500133333333334 2.494466666666667 22.999933333333335
vertex 24.499816666666668 2.494466666666667 22.999933333333335
endloop
endfacet
facet normal 0 -0.8821582872122617 0.47095302982646653
outer loop
vertex 24.499816666666668 2.494466666666667 22.999933333333335
vertex 31.500133333333334 2.494466666666667 22.999933333333335
vertex 31.500133333333334 2.7714000000000003 23.518666666666668
endloop
endfacet
facet normal 0 -0.8821582872122617 0.47095302982646653
outer loop
vertex 24.499816666666668 2.494466666666667 22.999933333333335
vertex 31.500133333333334 2.7714000000000003 23.518666666666668
vertex 24.499816666666668 2.7714000000000003 23.518666666666668
endloop
endfacet
facet normal 0 -0.9567802197035115 0.2908119859704898
outer loop
vertex 24.499816666666668 2.7714000000000003 23.518666666666668
vertex 31.500133333333334 2.7714000000000003 23.518666666666668
vertex 31.500133333333334 2.942416666666667 24.081316666666666
endloop
endfacet
facet normal 0 -0.9567802197035115 0.2908119859704898
outer loop
vertex 24.499816666666668 2.7714000000000003 23.518666666666668
vertex 31.500133333333334 2.942416666666667 24.081316666666666
vertex 24.499816666666668 2.942416666666667 24.081316666666666
endloop
endfacet
facet normal 0 -0.9952352128572635 0.09750318501955492
outer loop
vertex 24.499816666666668 2.942416666666667 24.081316666666666
vertex 31.500133333333334 2.942416666666667 24.081316666666666
vertex 31.500133333333334 2.999766666666667 24.666700000000002
endloop
endfacet
facet normal 0 -0.9952352128572635 0.09750318501955492
outer loop
vertex 24.499816666666668 2.942416666666667 24.081316666666666
vertex 31.500133333333334 2.999766666666667 24.666700000000002
vertex 24.499816666666668 2.999766666666667 24.666700000000002
endloop
endfacet
facet normal 0 -0.9952352128572635 -0.0975031850195555
outer loop
vertex 24.499816666666668 2.999766666666667 24.666700000000002
vertex 31.500133333333334 2.999766666666667 24.666700000000002
vertex 31.500133333333334 2.942416666666667 25.252083333333335
endloop
endfacet
facet normal 0 -0.9952352128572635 -0.0975031850195555
outer loop
vertex 24.499816666666668 2.999766666666667 24.666700000000002
vertex 31.500133333333334 2.942416666666667 25.252083333333335
vertex 24.499816666666668 2.942416666666667 25.252083333333335
endloop
endfacet
facet normal 0 -0.9567802197035115 -0.2908119859704898
outer loop
vertex 24.499816666666668 2.942416666666667 25.252083333333335
vertex 31.500133333333334 2.942416666666667 25.252083333333335
vertex 31.500133333333334 2.7714000000000003 25.814733333333333
endloop
endfacet
facet normal 0 -0.9567802197035115 -0.2908119859704898
outer loop
vertex 24.499816666666668 2.942416666666667 25.252083333333335
vertex 31.500133333333334 2.7714000000000003 25.814733333333333
vertex 24.499816666666668 2.7714000000000003 25.814733333333333
endloop
endfacet
facet normal 0 -0.8821582872122617 -0.47095302982646653
outer loop
vertex 24.499816666666668 2.7714000000000003 25.814733333333333
vertex 31.500133333333334 2.7714000000000003 25.814733333333333
vertex 31.500133333333334 2.494466666666667 26.333466666666666
endloop
endfacet
facet normal 0 -0.8821582872122617 -0.47095302982646653
outer loop
vertex 24.499816666666668 2.7714000000000003 25.814733333333333
vertex 31.500133333333334 2.494466666666667 26.333466666666666
vertex 24.499816666666668 2.494466666666667 26.333466666666666
endloop
endfacet
facet normal 0 -0.7730954624005612 -0.634289686196822
outer loop
vertex 24.499816666666668 2.494466666666667 26.333466666666666
vertex 31.500133333333334 2.494466666666667 26.333466666666666
vertex 31.500133333333334 2.1214333333333335 26.788133333333334
endloop
endfacet
facet normal 0 -0.7730954624005612 -0.634289686196822
outer loop
vertex 24.499816666666668 2.494466666666667 26.333466666666666
vertex 31.500133333333334 2.1214333333333335 26.788133333333334
vertex 24.499816666666668 2.1214333333333335 26.788133333333334
endloop
endfacet
facet normal 0 -0.6342896861968216 -0.7730954624005612
outer loop
vertex 24.499816666666668 2.1214333333333335 26.788133333333334
vertex 31.500133333333334 2.1214333333333335 26.788133333333334
vertex 31.500133333333334 1.6667666666666667 27.161166666666666
endloop
endfacet
facet normal 0 -0.6342896861968216 -0.7730954624005612
outer loop
vertex 24.499816666666668 2.1214333333333335 26.788133333333334
vertex 31.500133333333334 1.6667666666666667 27.161166666666666
vertex 24.499816666666668 1.6667666666666667 27.161166666666666
endloop
endfacet
facet normal 0 -0.4709530298264696 -0.88215828721226
outer loop
vertex 24.499816666666668 1.6667666666666667 27.161166666666666
vertex 31.500133333333334 1.6667666666666667 27.161166666666666
vertex 31.500133333333334 1.1480333333333335 27.438100000000002
endloop
endfacet
facet normal 0 -0.4709530298264696 -0.88215828721226
outer loop
vertex 24.499816666666668 1.6667666666666667 27.161166666666666
vertex 31.500133333333334 1.1480333333333335 27.438100000000002
vertex 24.499816666666668 1.1480333333333335 27.438100000000002
endloop
endfacet
facet normal 0 -0.2908119859704887 -0.9567802197035118
outer loop
vertex 24.499816666666668 1.1480333333333335 27.438100000000002
vertex 31.500133333333334 1.1480333333333335 27.438100000000002
vertex 31.500133333333334 0.5853833333333334 27.60911666666667
endloop
endfacet
facet normal 0 -0.2908119859704887 -0.9567802197035118
outer loop
vertex 24.499816666666668 1.1480333333333335 27.438100000000002
vertex 31.500133333333334 0.5853833333333334 27.60911666666667
vertex 24.499816666666668 0.5853833333333334 27.60911666666667
endloop
endfacet
facet normal 0 -0.09750318501955464 -0.9952352128572634
outer loop
vertex 24.499816666666668 0.5853833333333334 27.60911666666667
vertex 31.500133333333334 0.5853833333333334 27.60911666666667
vertex 31.500133333333334 0 27.66646666666667
endloop
endfacet
facet normal 0 -0.09750318501955464 -0.9952352128572634
outer loop
vertex 24.499816666666668 0.5853833333333334 27.60911666666667
vertex 31.500133333333334 0 27.66646666666667
vertex 24.499816666666668 0 27.66646666666667
endloop
endfacet
facet normal 0 0.09750318501955464 -0.9952352128572634
outer loop
vertex 24.499816666666668 0 27.66646666666667
vertex 31.500133333333334 0 27.66646666666667
vertex 31.500133333333334 -0.5853833333333334 27.60911666666667
endloop
endfacet
facet normal 0 0.09750318501955464 -0.9952352128572634
outer loop
vertex 24.499816666666668 0 27.66646666666667
vertex 31.500133333333334 -0.5853833333333334 27.60911666666667
vertex 24.499816666666668 -0.5853833333333334 27.60911666666667
endloop
endfacet
facet normal 0 0.2908119859704887 -0.9567802197035118
outer loop
vertex 24.499816666666668 -0.5853833333333334 27.60911666666667
vertex 31.500133333333334 -0.5853833333333334 27.60911666666667
vertex 31.500133333333334 -1.1480333333333335 27.438100000000002
endloop
endfacet
facet normal 0 0.2908119859704887 -0.9567802197035118
outer loop
vertex 24.499816666666668 -0.5853833333333334 27.60911666666667
vertex 31.500133333333334 -1.1480333333333335 27.438100000000002
vertex 24.499816666666668 -1.1480333333333335 27.438100000000002
endloop
endfacet
facet normal 0 0.4709530298264696 -0.88215828721226
outer loop
vertex 24.499816666666668 -1.1480333333333335 27.438100000000002
vertex 31.500133333333334 -1.1480333333333335 27.438100000000002
vertex 31.500133333333334 -1.6667666666666667 27.161166666666666
endloop
endfacet
facet normal 0 0.4709530298264696 -0.88215828721226
outer loop
vertex 24.499816666666668 -1.1480333333333335 27.438100000000002
vertex 31.500133333333334 -1.6667666666666667 27.161166666666666
vertex 24.499816666666668 -1.6667666666666667 27.161166666666666
endloop
endfacet
facet normal 0 0.6342896861968216 -0.7730954624005612
outer loop
vertex 24.499816666666668 -1.6667666666666667 27.161166666666666
vertex 31.500133333333334 -1.6667666666666667 27.161166666666666
vertex 31.500133333333334 -2.1214333333333335 26.788133333333334
endloop
endfacet
facet normal 0 0.6342896861968216 -0.7730954624005612
outer loop
vertex 24.499816666666668 -1.6667666666666667 27.161166666666666
vertex 31.500133333333334 -2.1214333333333335 26.788133333333334
vertex 24.499816666666668 -2.1214333333333335 26.788133333333334
endloop
endfacet
facet normal 0 0.7730954624005612 -0.634289686196822
outer loop
vertex 24.499816666666668 -2.1214333333333335 26.788133333333334
vertex 31.500133333333334 -2.1214333333333335 26.788133333333334
vertex 31.500133333333334 -2.494466666666667 26.333466666666666
endloop
endfacet
facet normal 0 0.7730954624005612 -0.634289686196822
outer loop
vertex 24.499816666666668 -2.1214333333333335 26.788133333333334
vertex 31.500133333333334 -2.494466666666667 26.333466666666666
vertex 24.499816666666668 -2.494466666666667 26.333466666666666
endloop
endfacet
facet normal 0 0.8821582872122617 -0.47095302982646653
outer loop
vertex 24.499816666666668 -2.494466666666667 26.333466666666666
vertex 31.500133333333334 -2.494466666666667 26.333466666666666
vertex 31.500133333333334 -2.7714000000000003 25.814733333333333
endloop
endfacet
facet normal 0 0.8821582872122617 -0.47095302982646653
outer loop
vertex 24.499816666666668 -2.494466666666667 26.333466666666666
vertex 31.500133333333334 -2.7714000000000003 25.814733333333333
vertex 24.499816666666668 -2.7714000000000003 25.814733333333333
endloop
endfacet
facet normal 0 0.9567802197035115 -0.2908119859704898
outer loop
vertex 24.499816666666668 -2.7714000000000003 25.814733333333333
vertex 31.500133333333334 -2.7714000000000003 25.814733333333333
vertex 31.500133333333334 -2.942416666666667 25.252083333333335
endloop
endfacet
facet normal 0 0.9567802197035115 -0.2908119859704898
outer loop
vertex 24.499816666666668 -2.7714000000000003 25.814733333333333
vertex 31.500133333333334 -2.942416666666667 25.252083333333335
vertex 24.499816666666668 -2.942416666666667 25.252083333333335
endloop
endfacet
facet normal 0 0.9952352128572635 -0.0975031850195555
outer loop
vertex 24.499816666666668 -2.942416666666667 25.252083333333335
vertex 31.500133333333334 -2.942416666666667 25.252083333333335
vertex 31.500133333333334 -2.999766666666667 24.666700000000002
endloop
endfacet
facet normal 0 0.9952352128572635 -0.0975031850195555
outer loop
vertex 24.499816666666668 -2.942416666666667 25.252083333333335
vertex 31.500133333333334 -2.999766666666667 24.666700000000002
vertex 24.499816666666668 -2.999766666666667 24.666700000000002
endloop
endfacet
facet normal 0 0.9952352128572635 0.09750318501955492
outer loop
vertex 24.499816666666668 -2.999766666666667 24.666700000000002
vertex 31.500133333333334 -2.999766666666667 24.666700000000002
vertex 31.500133333333334 -2.942416666666667 24.081316666666666
endloop
endfacet
facet normal 0 0.9952352128572635 0.09750318501955492
outer loop
vertex 24.499816666666668 -2.999766666666667 24.666700000000002
vertex 31.500133333333334 -2.942416666666667 24.081316666666666
vertex 24.499816666666668 -2.942416666666667 24.081316666666666
endloop
endfacet
facet normal 0 0.9567802197035115 0.2908119859704898
outer loop
vertex 24.499816666666668 -2.942416666666667 24.081316666666666
vertex 31.500133333333334 -2.942416666666667 24.081316666666666
vertex 31.500133333333334 -2.7714000000000003 23.518666666666668
endloop
endfacet
facet normal 0 0.9567802197035115 0.2908119859704898
outer loop
vertex 24.499816666666668 -2.942416666666667 24.081316666666666
vertex 31.500133333333334 -2.7714000000000003 23.518666666666668
vertex 24.499816666666668 -2.7714000000000003 23.518666666666668
endloop
endfacet
facet normal 0 0.8821582872122617 0.47095302982646653
outer loop
vertex 24.499816666666668 -2.7714000000000003 23.518666666666668
vertex 31.500133333333334 -2.7714000000000003 23.518666666666668
vertex 31.500133333333334 -2.494466666666667 22.999933333333335
endloop
endfacet
facet normal 0 0.8821582872122617 0.47095302982646653
outer loop
vertex 24.499816666666668 -2.7714000000000003 23.518666666666668
vertex 31.500133333333334 -2.494466666666667 22.999933333333335
vertex 24.499816666666668 -2.494466666666667 22.999933333333335
endloop
endfacet
facet normal 0 0.7730954624005612 0.634289686196822
outer loop
vertex 24.499816666666668 -2.494466666666667 22.999933333333335
vertex 31.500133333333334 -2.494466666666667 22.999933333333335
vertex 31.500133333333334 -2.1214333333333335 22.545266666666667
endloop
endfacet
facet normal 0 0.7730954624005612 0.634289686196822
outer loop
vertex 24.499816666666668 -2.494466666666667 22.999933333333335
vertex 31.500133333333334 -2.1214333333333335 22.545266666666667
vertex 24.499816666666668 -2.1214333333333335 22.545266666666667
endloop
endfacet
facet normal 0 0.6342896861968216 0.7730954624005612
outer loop
vertex 24.499816666666668 -2.1214333333333335 22.545266666666667
vertex 31.500133333333334 -2.1214333333333335 22.545266666666667
vertex 31.500133333333334 -1.6667666666666667 22.172233333333335
endloop
endfacet
facet normal 0 0.6342896861968216 0.7730954624005612
outer loop
vertex 24.499816666666668 -2.1214333333333335 22.545266666666667
vertex 31.500133333333334 -1.6667666666666667 22.172233333333335
vertex 24.499816666666668 -1.6667666666666667 22.172233333333335
endloop
endfacet
facet normal 0 0.47163636883059545 0.8817931365100834
outer loop
vertex 24.499816666666668 -1.6667666666666667 22.172233333333335
vertex 31.500133333333334 -1.6667666666666667 22.172233333333335
vertex 31.500133333333334 -1.1480333333333335 21.894783333333333
endloop
endfacet
facet normal 0 0.47163636883059545 0.8817931365100834
outer loop
vertex 24.499816666666668 -1.6667666666666667 22.172233333333335
vertex 31.500133333333334 -1.1480333333333335 21.894783333333333
vertex 24.499816666666668 -1.1480333333333335 21.894783333333333
endloop
endfacet
facet normal 0 0.290007395282866 0.9570244044334749
outer loop
vertex 24.499816666666668 -1.1480333333333335 21.894783333333333
vertex 31.500133333333334 -1.1480333333333335 21.894783333333333
vertex 31.500133333333334 -0.5853833333333334 21.724283333333336
endloop
endfacet
facet normal 0 0.290007395282866 0.9570244044334749
outer loop
vertex 24.499816666666668 -1.1480333333333335 21.894783333333333
vertex 31.500133333333334 -0.5853833333333334 21.724283333333336
vertex 24.499816666666668 -0.5853833333333334 21.724283333333336
endloop
endfacet
facet normal 0 0.09837312909221538 0.9951496005488856
outer loop
vertex 24.499816666666668 -0.5853833333333334 21.724283333333336
vertex 31.500133333333334 -0.5853833333333334 21.724283333333336
vertex 31.500133333333334 0 21.666416666666667
endloop
endfacet
facet normal 0 0.09837312909221538 0.9951496005488856
outer loop
vertex 24.499816666666668 -0.5853833333333334 21.724283333333336
vertex 31.500133333333334 0 21.666416666666667
vertex 24.499816666666668 0 21.666416666666667
endloop
endfacet
facet normal 0 -1 0
outer loop
vertex 27.999716666666668 -10.000083333333334 24.596433333333334
vertex 24.499816666666668 -10.000083333333334 33.50015
vertex 24.499816666666668 -10.000083333333334 27.66646666666667
endloop
endfacet
facet normal 0 -1 0
outer loop
vertex 27.999716666666668 -10.000083333333334 24.596433333333334
vertex 24.499816666666668 -10.000083333333334 27.66646666666667
vertex 24.499816666666668 -10.000083333333334 27.60911666666667
endloop
endfacet
facet normal 0 -1 0
outer loop
vertex 27.999716666666668 -10.000083333333334 24.596433333333334
vertex 24.499816666666668 -10.000083333333334 27.60911666666667
vertex 24.499816666666668 -10.000083333333334 27.438100000000002
endloop
endfacet
facet normal 0 -1 0
outer loop
vertex 27.999716666666668 -10.000083333333334 24.596433333333334
vertex 24.499816666666668 -10.000083333333334 27.438100000000002
vertex 24.499816666666668 -10.000083333333334 27.161166666666666
endloop
endfacet
facet normal 0 -1 0
outer loop
vertex 27.999716666666668 -10.000083333333334 24.596433333333334
vertex 24.499816666666668 -10.000083333333334 27.161166666666666
vertex 24.499816666666668 -10.000083333333334 26.788133333333334
endloop
endfacet
facet normal 0 -1 0
outer loop
vertex 27.999716666666668 -10.000083333333334 24.596433333333334
vertex 24.499816666666668 -10.000083333333334 26.788133333333334
vertex 24.499816666666668 -10.000083333333334 26.333466666666666
endloop
endfacet
facet normal 0 -1 0
outer loop
vertex 27.999716666666668 -10.000083333333334 24.596433333333334
vertex 24.499816666666668 -10.000083333333334 26.333466666666666
vertex 24.499816666666668 -10.000083333333334 25.814733333333333
endloop
endfacet
facet normal 0 -1 0
outer loop
vertex 27.999716666666668 -10.000083333333334 24.596433333333334
vertex 24.499816666666668 -10.000083333333334 25.814733333333333
vertex 24.499816666666668 -10.000083333333334 25.252083333333335
endloop
endfacet
facet normal 0 -1 0
outer loop
vertex 27.999716666666668 -10.000083333333334 24.596433333333334
vertex 24.499816666666668 -10.000083333333334 25.252083333333335
vertex 24.499816666666668 -10.000083333333334 24.666700000000002
endloop
endfacet
facet normal 0 -1 0
outer loop
vertex 27.999716666666668 -10.000083333333334 24.596433333333334
vertex 24.499816666666668 -10.000083333333334 24.666700000000002
vertex 24.499816666666668 -10.000083333333334 24.081316666666666
endloop
endfacet
facet normal 0 -1 0
outer loop
vertex 27.999716666666668 -10.000083333333334 24.596433333333334
vertex 24.499816666666668 -10.000083333333334 24.081316666666666
vertex 24.499816666666668 -10.000083333333334 23.518666666666668
endloop
endfacet
facet normal 0 -0.9999999999999999 0
outer loop
vertex 27.999716666666668 -10.000083333333334 24.596433333333334
vertex 24.499816666666668 -10.000083333333334 23.518666666666668
vertex 24.499816666666668 -10.000083333333334 22.999933333333335
endloop
endfacet
facet normal 0 -1 0
outer loop
vertex 27.999716666666668 -10.000083333333334 24.596433333333334
vertex 24.499816666666668 -10.000083333333334 22.999933333333335
vertex 24.499816666666668 -10.000083333333334 22.545266666666667
endloop
endfacet
facet normal 0 -1 0
outer loop
vertex 27.999716666666668 -10.000083333333334 24.596433333333334
vertex 24.499816666666668 -10.000083333333334 22.545266666666667
vertex 24.499816666666668 -10.000083333333334 22.172233333333335
endloop
endfacet
facet normal 0 -1 0
outer loop
vertex 27.999716666666668 -10.000083333333334 24.596433333333334
vertex 24.499816666666668 -10.000083333333334 22.172233333333335
vertex 24.499816666666668 -10.000083333333334 21.894783333333333
endloop
endfacet
facet normal 0 -1 0
outer loop
vertex 27.999716666666668 -10.000083333333334 24.596433333333334
vertex 24.499816666666668 -10.000083333333334 21.894783333333333
vertex 24.499816666666668 -10.000083333333334 21.724283333333336
endloop
endfacet
facet normal 0 -1 0
outer loop
vertex 27.999716666666668 -10.000083333333334 24.596433333333334
vertex 24.499816666666668 -10.000083333333334 21.724283333333336
vertex 24.499816666666668 -10.000083333333334 21.666416666666667
endloop
endfacet
facet normal 0 -1 0
outer loop
vertex 27.999716666666668 -10.000083333333334 24.596433333333334
vertex 24.499816666666668 -10.000083333333334 21.666416666666667
vertex 24.499816666666668 -10.000083333333334 14.500250000000001
endloop
endfacet
facet normal 0 -1 0
outer loop
vertex 27.999716666666668 -10.000083333333334 24.596433333333334
vertex 24.499816666666668 -10.000083333333334 14.500250000000001
vertex 31.500133333333334 -10.000083333333334 14.500250000000001
endloop
endfacet
facet normal 0 -1 0
outer loop
vertex 27.999716666666668 -10.000083333333334 24.596433333333334
vertex 31.500133333333334 -10.000083333333334 14.500250000000001
vertex 31.500133333333334 -10.000083333333334 21.666416666666667
endloop
endfacet
facet normal 0 -1 0
outer loop
vertex 27.999716666666668 -10.000083333333334 24.596433333333334
vertex 31.500133333333334 -10.000083333333334 21.666416666666667
vertex 31.500133333333334 -10.000083333333334 21.724283333333336
endloop
endfacet
facet normal 0 -1 0
outer loop
vertex 27.999716666666668 -10.000083333333334 24.596433333333334
vertex 31.500133333333334 -10.000083333333334 21.724283333333336
vertex 31.500133333333334 -10.000083333333334 21.894783333333333
endloop
endfacet
facet normal 0 -0.9999999999999999 0
outer loop
vertex 27.999716666666668 -10.000083333333334 24.596433333333334
vertex 31.500133333333334 -10.000083333333334 21.894783333333333
vertex 31.500133333333334 -10.000083333333334 22.172233333333335
endloop
endfacet
facet normal 0 -1 0
outer loop
vertex 27.999716666666668 -10.000083333333334 24.596433333333334
vertex 31.500133333333334 -10.000083333333334 22.172233333333335
vertex 31.500133333333334 -10.000083333333334 22.545266666666667
endloop
endfacet
facet normal 0 -1 0
outer loop
vertex 27.999716666666668 -10.000083333333334 24.596433333333334
vertex 31.500133333333334 -10.000083333333334 22.545266666666667
vertex 31.500133333333334 -10.000083333333334 22.999933333333335
endloop
endfacet
facet normal 0 -1 0
outer loop
vertex 27.999716666666668 -10.000083333333334 24.596433333333334
vertex 31.500133333333334 -10.000083333333334 22.999933333333335
vertex 31.500133333333334 -10.000083333333334 23.518666666666668
endloop
endfacet
facet normal 0 -1 0
outer loop
vertex 27.999716666666668 -10.000083333333334 24.596433333333334
vertex 31.500133333333334 -10.000083333333334 23.518666666666668
vertex 31.500133333333334 -10.000083333333334 24.081316666666666
endloop
endfacet
facet normal 0 -1 0
outer loop
vertex 27.999716666666668 -10.000083333333334 24.596433333333334
vertex 31.500133333333334 -10.000083333333334 24.081316666666666
vertex 31.500133333333334 -10.000083333333334 24.666700000000002
endloop
endfacet
facet normal 0 -1 0
outer loop
vertex 27.999716666666668 -10.000083333333334 24.596433333333334
vertex 31.500133333333334 -10.000083333333334 24.666700000000002
vertex 31.500133333333334 -10.000083333333334 25.252083333333335
endloop
endfacet
facet normal 0 -1 0
outer loop
vertex 27.999716666666668 -10.000083333333334 24.596433333333334
vertex 31.500133333333334 -10.000083333333334 25.252083333333335
vertex 31.500133333333334 -10.000083333333334 25.814733333333333
endloop
endfacet
facet normal 0 -1 0
outer loop
vertex 27.999716666666668 -10.000083333333334 24.596433333333334
vertex 31.500133333333334 -10.000083333333334 25.814733333333333
vertex 31.500133333333334 -10.000083333333334 26.333466666666666
endloop
endfacet
facet normal 0 -1 0
outer loop
vertex 27.999716666666668 -10.000083333333334 24.596433333333334
vertex 31.500133333333334 -10.000083333333334 26.333466666666666
vertex 31.500133333333334 -10.000083333333334 26.788133333333334
endloop
endfacet
facet normal 0 -1 0
outer loop
vertex 27.999716666666668 -10.000083333333334 24.596433333333334
vertex 31.500133333333334 -10.000083333333334 26.788133333333334
vertex 31.500133333333334 -10.000083333333334 27.161166666666666
endloop
endfacet
facet normal 0 -0.9999999999999999 0
outer loop
vertex 27.999716666666668 -10.000083333333334 24.596433333333334
vertex 31.500133333333334 -10.000083333333334 27.161166666666666
vertex 31.500133333333334 -10.000083333333334 27.438100000000002
endloop
endfacet
facet normal 0 -1 0
outer loop
vertex 27.999716666666668 -10.000083333333334 24.596433333333334
vertex 31.500133333333334 -10.000083333333334 27.438100000000002
vertex 31.500133333333334 -10.000083333333334 27.60911666666667
endloop
endfacet
facet normal 0 -1 0
outer loop
vertex 27.999716666666668 -10.000083333333334 24.596433333333334
vertex 31.500133333333334 -10.000083333333334 27.60911666666667
vertex 31.500133333333334 -10.000083333333334 27.66646666666667
endloop
endfacet
facet normal 0 -1 0
outer loop
vertex 27.999716666666668 -10.000083333333334 24.596433333333334
vertex 31.500133333333334 -10.000083333333334 27.66646666666667
vertex 31.500133333333334 -10.000083333333334 33.50015
endloop
endfacet
facet normal 0 -1 0
outer loop
vertex 27.999716666666668 -10.000083333333334 24.596433333333334
vertex 31.500133333333334 -10.000083333333334 33.50015
vertex 24.499816666666668 -10.000083333333334 33.50015
endloop
endfacet
facet normal 0 -1 0
outer loop
vertex 29.099700000000002 -10.000083333333334 9.3
vertex 31.500133333333334 -10.000083333333334 14.500250000000001
vertex 24.499816666666668 -10.000083333333334 14.500250000000001
endloop
endfacet
facet normal 0 -1 0
outer loop
vertex 29.099700000000002 -10.000083333333334 9.3
vertex 24.499816666666668 -10.000083333333334 14.500250000000001
vertex 24.499816666666668 -10.000083333333334 1.4998833333333335
endloop
endfacet
facet normal 0 -1 0
outer loop
vertex 29.099700000000002 -10.000083333333334 9.3
vertex 24.499816666666668 -10.000083333333334 1.4998833333333335
vertex 32.49988333333334 -10.000083333333334 1.4998833333333335
endloop
endfacet
facet normal 0 -0.9999999999999999 0
outer loop
vertex 29.099700000000002 -10.000083333333334 9.3
vertex 32.49988333333334 -10.000083333333334 1.4998833333333335
vertex 32.49988333333334 -10.000083333333334 14.500250000000001
endloop
endfacet
facet normal 0 -1 0
outer loop
vertex 29.099700000000002 -10.000083333333334 9.3
vertex 32.49988333333334 -10.000083333333334 14.500250000000001
vertex 31.500133333333334 -10.000083333333334 14.500250000000001
endloop
endfacet
facet normal 0 1 0
outer loop
vertex 28.000233333333334 10.000083333333334 24.596433333333334
vertex 31.500133333333334 10.000083333333334 33.50015
vertex 31.500133333333334 10.000083333333334 27.66646666666667
endloop
endfacet
facet normal 0 1 0
outer loop
vertex 28.000233333333334 10.000083333333334 24.596433333333334
vertex 31.500133333333334 10.000083333333334 27.66646666666667
vertex 31.500133333333334 10.000083333333334 27.60911666666667
endloop
endfacet
facet normal 0 1 0
outer loop
vertex 28.000233333333334 10.000083333333334 24.596433333333334
vertex 31.500133333333334 10.000083333333334 27.60911666666667
vertex 31.500133333333334 10.000083333333334 27.438100000000002
endloop
endfacet
facet normal 0 1 0
outer loop
vertex 28.000233333333334 10.000083333333334 24.596433333333334
vertex 31.500133333333334 10.000083333333334 27.438100000000002
vertex 31.500133333333334 10.000083333333334 27.161166666666666
endloop
endfacet
facet normal 0 1 0
outer loop
vertex 28.000233333333334 10.000083333333334 24.596433333333334
vertex 31.500133333333334 10.000083333333334 27.161166666666666
vertex 31.500133333333334 10.000083333333334 26.788133333333334
endloop
endfacet
facet normal 0 1 0
outer loop
vertex 28.000233333333334 10.000083333333334 24.596433333333334
vertex 31.500133333333334 10.000083333333334 26.788133333333334
vertex 31.500133333333334 10.000083333333334 26.333466666666666
endloop
endfacet
facet normal 0 1 0
outer loop
vertex 28.000233333333334 10.000083333333334 24.596433333333334
vertex 31.500133333333334 10.000083333333334 26.333466666666666
vertex 31.500133333333334 10.000083333333334 25.814733333333333
endloop
endfacet
facet normal 0 1 0
outer loop
vertex 28.000233333333334 10.000083333333334 24.596433333333334
vertex 31.500133333333334 10.000083333333334 25.814733333333333
vertex 31.500133333333334 10.000083333333334 25.252083333333335
endloop
endfacet
facet normal 0 1 0
outer loop
vertex 28.000233333333334 10.000083333333334 24.596433333333334
vertex 31.500133333333334 10.000083333333334 25.252083333333335
vertex 31.500133333333334 10.000083333333334 24.666700000000002
endloop
endfacet
facet normal 0 1 0
outer loop
vertex 28.000233333333334 10.000083333333334 24.596433333333334
vertex 31.500133333333334 10.000083333333334 24.666700000000002
vertex 31.500133333333334 10.000083333333334 24.081316666666666
endloop
endfacet
facet normal 0 1 0
outer loop
vertex 28.000233333333334 10.000083333333334 24.596433333333334
vertex 31.500133333333334 10.000083333333334 24.081316666666666
vertex 31.500133333333334 10.000083333333334 23.518666666666668
endloop
endfacet
facet normal 0 0.9999999999999999 0
outer loop
vertex 28.000233333333334 10.000083333333334 24.596433333333334
vertex 31.500133333333334 10.000083333333334 23.518666666666668
vertex 31.500133333333334 10.000083333333334 22.999933333333335
endloop
endfacet
facet normal 0 1 0
outer loop
vertex 28.000233333333334 10.000083333333334 24.596433333333334
vertex 31.500133333333334 10.000083333333334 22.999933333333335
vertex 31.500133333333334 10.000083333333334 22.545266666666667
endloop
endfacet
facet normal 0 1 0
outer loop
vertex 28.000233333333334 10.000083333333334 24.596433333333334
vertex 31.500133333333334 10.000083333333334 22.545266666666667
vertex 31.500133333333334 10.000083333333334 22.172233333333335
endloop
endfacet
facet normal 0 1 0
outer loop
vertex 28.000233333333334 10.000083333333334 24.596433333333334
vertex 31.500133333333334 10.000083333333334 22.172233333333335
vertex 31.500133333333334 10.000083333333334 21.894783333333333
endloop
endfacet
facet normal 0 1 0
outer loop
vertex 28.000233333333334 10.000083333333334 24.596433333333334
vertex 31.500133333333334 10.000083333333334 21.894783333333333
vertex 31.500133333333334 10.000083333333334 21.724283333333336
endloop
endfacet
facet normal 0 1 0
outer loop
vertex 28.000233333333334 10.000083333333334 24.596433333333334
vertex 31.500133333333334 10.000083333333334 21.724283333333336
vertex 31.500133333333334 10.000083333333334 21.666416666666667
endloop
endfacet
facet normal 0 1 0
outer loop
vertex 28.000233333333334 10.000083333333334 24.596433333333334
vertex 31.500133333333334 10.000083333333334 21.666416666666667
vertex 31.500133333333334 10.000083333333334 14.500250000000001
endloop
endfacet
facet normal 0 1 0
outer loop
vertex 28.000233333333334 10.000083333333334 24.596433333333334
vertex 31.500133333333334 10.000083333333334 14.500250000000001
vertex 24.499816666666668 10.000083333333334 14.500250000000001
endloop
endfacet
facet normal 0 1 0
outer loop
vertex 28.000233333333334 10.000083333333334 24.596433333333334
vertex 24.499816666666668 10.000083333333334 14.500250000000001
vertex 24.499816666666668 10.000083333333334 21.666416666666667
endloop
endfacet
facet normal 0 1 0
outer loop
vertex 28.000233333333334 10.000083333333334 24.596433333333334
vertex 24.499816666666668 10.000083333333334 21.666416666666667
vertex 24.499816666666668 10.000083333333334 21.724283333333336
endloop
endfacet
facet normal 0 1 0
outer loop
vertex 28.000233333333334 10.000083333333334 24.596433333333334
vertex 24.499816666666668 10.000083333333334 21.724283333333336
vertex 24.499816666666668 10.000083333333334 21.894783333333333
endloop
endfacet
facet normal 0 0.9999999999999999 0
outer loop
vertex 28.000233333333334 10.000083333333334 24.596433333333334
vertex 24.499816666666668 10.000083333333334 21.894783333333333
vertex 24.499816666666668 10.000083333333334 22.172233333333335
endloop
endfacet
facet normal 0 1 0
outer loop
vertex 28.000233333333334 10.000083333333334 24.596433333333334
vertex 24.499816666666668 10.000083333333334 22.172233333333335
vertex 24.499816666666668 10.000083333333334 22.545266666666667
endloop
endfacet
facet normal 0 1 0
outer loop
vertex 28.000233333333334 10.000083333333334 24.596433333333334
vertex 24.499816666666668 10.000083333333334 22.545266666666667
vertex 24.499816666666668 10.000083333333334 22.999933333333335
endloop
endfacet
facet normal 0 1 0
outer loop
vertex 28.000233333333334 10.000083333333334 24.596433333333334
vertex 24.499816666666668 10.000083333333334 22.999933333333335
vertex 24.499816666666668 10.000083333333334 23.518666666666668
endloop
endfacet
facet normal 0 1 0
outer loop
vertex 28.000233333333334 10.000083333333334 24.596433333333334
vertex 24.499816666666668 10.000083333333334 23.518666666666668
vertex 24.499816666666668 10.000083333333334 24.081316666666666
endloop
endfacet
facet normal 0 1 0
outer loop
vertex 28.000233333333334 10.000083333333334 24.596433333333334
vertex 24.499816666666668 10.000083333333334 24.081316666666666
vertex 24.499816666666668 10.000083333333334 24.666700000000002
endloop
endfacet
facet normal 0 1 0
outer loop
vertex 28.000233333333334 10.000083333333334 24.596433333333334
vertex 24.499816666666668 10.000083333333334 24.666700000000002
vertex 24.499816666666668 10.000083333333334 25.252083333333335
endloop
endfacet
facet normal 0 1 0
outer loop
vertex 28.000233333333334 10.000083333333334 24.596433333333334
vertex 24.499816666666668 10.000083333333334 25.252083333333335
vertex 24.499816666666668 10.000083333333334 25.814733333333333
endloop
endfacet
facet normal 0 1 0
outer loop
vertex 28.000233333333334 10.000083333333334 24.596433333333334
vertex 24.499816666666668 10.000083333333334 25.814733333333333
vertex 24.499816666666668 10.000083333333334 26.333466666666666
endloop
endfacet
facet normal 0 1 0
outer loop
vertex 28.000233333333334 10.000083333333334 24.596433333333334
vertex 24.499816666666668 10.000083333333334 26.333466666666666
vertex 24.499816666666668 10.000083333333334 26.788133333333334
endloop
endfacet
facet normal 0 1 0
outer loop
vertex 28.000233333333334 10.000083333333334 24.596433333333334
vertex 24.499816666666668 10.000083333333334 26.788133333333334
vertex 24.499816666666668 10.000083333333334 27.161166666666666
endloop
endfacet
facet normal 0 0.9999999999999999 0
outer loop
vertex 28.000233333333334 10.000083333333334 24.596433333333334
vertex 24.499816666666668 10.000083333333334 27.161166666666666
vertex 24.499816666666668 10.000083333333334 27.438100000000002
endloop
endfacet
facet normal 0 1 0
outer loop
vertex 28.000233333333334 10.000083333333334 24.596433333333334
vertex 24.499816666666668 10.000083333333334 27.438100000000002
vertex 24.499816666666668 10.000083333333334 27.60911666666667
endloop
endfacet
facet normal 0 1 0
outer loop
vertex 28.000233333333334 10.000083333333334 24.596433333333334
vertex 24.499816666666668 10.000083333333334 27.60911666666667
vertex 24.499816666666668 10.000083333333334 27.66646666666667
endloop
endfacet
facet normal 0 1 0
outer loop
vertex 28.000233333333334 10.000083333333334 24.596433333333334
vertex 24.499816666666668 10.000083333333334 27.66646666666667
vertex 24.499816666666668 10.000083333333334 33.50015
endloop
endfacet
facet normal 0 1 0
outer loop
vertex 28.000233333333334 10.000083333333334 24.596433333333334
vertex 24.499816666666668 10.000083333333334 33.50015
vertex 31.500133333333334 10.000083333333334 33.50015
endloop
endfacet
facet normal 0 1 0
outer loop
vertex 29.099700000000002 10.000083333333334 9.3
vertex 31.500133333333334 10.000083333333334 14.500250000000001
vertex 32.49988333333334 10.000083333333334 14.500250000000001
endloop
endfacet
facet normal 0 0.9999999999999999 0
outer loop
vertex 29.099700000000002 10.000083333333334 9.3
vertex 32.49988333333334 10.000083333333334 14.500250000000001
vertex 32.49988333333334 10.000083333333334 1.4998833333333335
endloop
endfacet
facet normal 0 1 0
outer loop
vertex 29.099700000000002 10.000083333333334 9.3
vertex 32.49988333333334 10.000083333333334 1.4998833333333335
vertex 24.499816666666668 10.000083333333334 1.4998833333333335
endloop
endfacet
facet normal 0 1 0
outer loop
vertex 29.099700000000002 10.000083333333334 9.3
vertex 24.499816666666668 10.000083333333334 1.4998833333333335
vertex 24.499816666666668 10.000083333333334 14.500250000000001
endloop
endfacet
facet normal 0 1 0
outer loop
vertex 29.099700000000002 10.000083333333334 9.3
vertex 24.499816666666668 10.000083333333334 14.500250000000001
vertex 31.500133333333334 10.000083333333334 14.500250000000001
endloop
endfacet
facet normal 0 0 0.9999999999999999
outer loop
vertex 24.499816666666668 10.000083333333334 33.50015
vertex 24.499816666666668 -10.000083333333334 33.50015
vertex 31.500133333333334 -10.000083333333334 33.50015
endloop
endfacet
facet normal 0 0 0.9999999999999999
outer loop
vertex 24.499816666666668 10.000083333333334 33.50015
vertex 31.500133333333334 -10.000083333333334 33.50015
vertex 31.500133333333334 10.000083333333334 33.50015
endloop
endfacet
facet normal 1 0 0
outer loop
vertex 32.49988333333334 -10.000083333333334 14.500250000000001
vertex 32.49988333333334 -10.000083333333334 1.4998833333333335
vertex 32.49988333333334 10.000083333333334 1.4998833333333335
endloop
endfacet
facet normal 1 0 0
outer loop
vertex 32.49988333333334 -10.000083333333334 14.500250000000001
vertex 32.49988333333334 10.000083333333334 1.4998833333333335
vertex 32.49988333333334 10.000083333333334 14.500250000000001
endloop
endfacet
facet normal 1 0 0
outer loop
vertex 32.49988333333334 0 0.9000333333333334
vertex 32.49988333333334 25.500083333333333 1.4998833333333335
vertex 32.49988333333334 22.4998 1.4998833333333335
endloop
endfacet
facet normal 1 0 0
outer loop
vertex 32.49988333333334 0 0.9000333333333334
vertex 32.49988333333334 22.4998 1.4998833333333335
vertex 32.49988333333334 10.000083333333334 1.4998833333333335
endloop
endfacet
facet normal 1 0 0
outer loop
vertex 32.49988333333334 0 0.9000333333333334
vertex 32.49988333333334 10.000083333333334 1.4998833333333335
vertex 32.49988333333334 -10.000083333333334 1.4998833333333335
endloop
endfacet
facet normal 1 0 0
outer loop
vertex 32.49988333333334 0 0.9000333333333334
vertex 32.49988333333334 -10.000083333333334 1.4998833333333335
vertex 32.49988333333334 -22.4998 1.4998833333333335
endloop
endfacet
facet normal 1 0 0
outer loop
vertex 32.49988333333334 0 0.9000333333333334
vertex 32.49988333333334 -22.4998 1.4998833333333335
vertex 32.49988333333334 -25.500083333333333 1.4998833333333335
endloop
endfacet
facet normal 1 0 0
outer loop
vertex 32.49988333333334 0 0.9000333333333334
vertex 32.49988333333334 -25.500083333333333 1.4998833333333335
vertex 32.49988333333334 -27.5001 1.4998833333333335
endloop
endfacet
facet normal 1 0 0
outer loop
vertex 32.49988333333334 0 0.9000333333333334
vertex 32.49988333333334 -27.5001 1.4998833333333335
vertex 32.49988333333334 -27.5001 -1.4998833333333335
endloop
endfacet
facet normal 1 0 0
outer loop
vertex 32.49988333333334 0 0.9000333333333334
vertex 32.49988333333334 -27.5001 -1.4998833333333335
vertex 32.49988333333334 27.5001 -1.4998833333333335
endloop
endfacet
facet normal 1 0 0
outer loop
vertex 32.49988333333334 0 0.9000333333333334
vertex 32.49988333333334 27.5001 -1.4998833333333335
vertex 32.49988333333334 27.5001 1.4998833333333335
endloop
endfacet
facet normal 1 0 0
outer loop
vertex 32.49988333333334 0 0.9000333333333334
vertex 32.49988333333334 27.5001 1.4998833333333335
vertex 32.49988333333334 25.500083333333333 1.4998833333333335
endloop
endfacet
facet normal 0 -0.9999999999999999 0
outer loop
vertex -6.500183333333333 -27.5001 0.10023333333333334
vertex -32.49988333333334 -27.5001 0.5001333333333333
vertex -32.49988333333334 -27.5001 -1.4998833333333335
endloop
endfacet
facet normal 0 -1 0
outer loop
vertex -6.500183333333333 -27.5001 0.10023333333333334
vertex -32.49988333333334 -27.5001 -1.4998833333333335
vertex 32.49988333333334 -27.5001 -1.4998833333333335
endloop
endfacet
facet normal 0 -1 0
outer loop
vertex -6.500183333333333 -27.5001 0.10023333333333334
vertex 32.49988333333334 -27.5001 -1.4998833333333335
vertex 32.49988333333334 -27.5001 1.4998833333333335
endloop
endfacet
facet normal 0 -1 0
outer loop
vertex -6.500183333333333 -27.5001 0.10023333333333334
vertex 32.49988333333334 -27.5001 1.4998833333333335
vertex -32.49988333333334 -27.5001 1.4998833333333335
endloop
endfacet
facet normal 0 -1 0
outer loop
vertex -6.500183333333333 -27.5001 0.10023333333333334
vertex -32.49988333333334 -27.5001 1.4998833333333335
vertex -32.49988333333334 -27.5001 0.5001333333333333
endloop
endfacet
facet normal 0 0.9999999999999999 0
outer loop
vertex -6.500183333333333 27.5001 0.10023333333333334
vertex -32.49988333333334 27.5001 -1.4998833333333335
vertex -32.49988333333334 27.5001 0.5001333333333333
endloop
endfacet
facet normal 0 1 0
outer loop
vertex -6.500183333333333 27.5001 0.10023333333333334
vertex -32.49988333333334 27.5001 0.5001333333333333
vertex -32.49988333333334 27.5001 1.4998833333333335
endloop
endfacet
facet normal 0 1 0
outer loop
vertex -6.500183333333333 27.5001 0.10023333333333334
vertex -32.49988333333334 27.5001 1.4998833333333335
vertex 32.49988333333334 27.5001 1.4998833333333335
endloop
endfacet
facet normal 0 1 0
outer loop
vertex -6.500183333333333 27.5001 0.10023333333333334
vertex 32.49988333333334 27.5001 1.4998833333333335
vertex 32.49988333333334 27.5001 -1.4998833333333335
endloop
endfacet
facet normal 0 1 0
outer loop
vertex -6.500183333333333 27.5001 0.10023333333333334
vertex 32.49988333333334 27.5001 -1.4998833333333335
vertex -32.49988333333334 27.5001 -1.4998833333333335
endloop
endfacet
facet normal -1 0 0
outer loop
vertex -32.49988333333334 -18.571583333333333 1.2141666666666666
vertex -32.49988333333334 -25.500083333333333 1.4998833333333335
vertex -32.49988333333334 -22.4998 1.4998833333333335
endloop
endfacet
facet normal -1 0 0
outer loop
vertex -32.49988333333334 -18.571583333333333 1.2141666666666666
vertex -32.49988333333334 -22.4998 1.4998833333333335
vertex -32.49988333333334 -10.000083333333334 1.4998833333333335
endloop
endfacet
facet normal -0.9999999999999999 0 0
outer loop
vertex -32.49988333333334 -18.571583333333333 1.2141666666666666
vertex -32.49988333333334 -10.000083333333334 1.4998833333333335
vertex -32.49988333333334 -8.5002 1.4998833333333335
endloop
endfacet
facet normal -1 0 0
outer loop
vertex -32.49988333333334 -18.571583333333333 1.2141666666666666
vertex -32.49988333333334 -8.5002 1.4998833333333335
vertex -32.49988333333334 -8.5002 0.5001333333333333
endloop
endfacet
facet normal -0.9999999999999999 0 0
outer loop
vertex -32.49988333333334 -18.571583333333333 1.2141666666666666
vertex -32.49988333333334 -8.5002 0.5001333333333333
vertex -32.49988333333334 -27.5001 0.5001333333333333
endloop
endfacet
facet normal -1 0 0
outer loop
vertex -32.49988333333334 -18.571583333333333 1.2141666666666666
vertex -32.49988333333334 -27.5001 0.5001333333333333
vertex -32.49988333333334 -27.5001 1.4998833333333335
endloop
endfacet
facet normal -1 0 0
outer loop
vertex -32.49988333333334 -18.571583333333333 1.2141666666666666
vertex -32.49988333333334 -27.5001 1.4998833333333335
vertex -32.49988333333334 -25.500083333333333 1.4998833333333335
endloop
endfacet
facet normal -1 0 0
outer loop
vertex -32.49988333333334 18.571583333333333 1.2141666666666666
vertex -32.49988333333334 10.000083333333334 1.4998833333333335
vertex -32.49988333333334 22.4998 1.4998833333333335
endloop
endfacet
facet normal -1 0 0
outer loop
vertex -32.49988333333334 18.571583333333333 1.2141666666666666
vertex -32.49988333333334 22.4998 1.4998833333333335
vertex -32.49988333333334 25.500083333333333 1.4998833333333335
endloop
endfacet
facet normal -1 0 0
outer loop
vertex -32.49988333333334 18.571583333333333 1.2141666666666666
vertex -32.49988333333334 25.500083333333333 1.4998833333333335
vertex -32.49988333333334 27.5001 1.4998833333333335
endloop
endfacet
facet normal -1 0 0
outer loop
vertex -32.49988333333334 18.571583333333333 1.2141666666666666
vertex -32.49988333333334 27.5001 1.4998833333333335
vertex -32.49988333333334 27.5001 0.5001333333333333
endloop
endfacet
facet normal -0.9999999999999999 0 0
outer loop
vertex -32.49988333333334 18.571583333333333 1.2141666666666666
vertex -32.49988333333334 27.5001 0.5001333333333333
vertex -32.49988333333334 8.5002 0.5001333333333333
endloop
endfacet
facet normal -1 0 0
outer loop
vertex -32.49988333333334 18.571583333333333 1.2141666666666666
vertex -32.49988333333334 8.5002 0.5001333333333333
vertex -32.49988333333334 8.5002 1.4998833333333335
endloop
endfacet
facet normal -0.9999999999999999 0 0
outer loop
vertex -32.49988333333334 18.571583333333333 1.2141666666666666
vertex -32.49988333333334 8.5002 1.4998833333333335
vertex -32.49988333333334 10.000083333333334 1.4998833333333335
endloop
endfacet
facet normal -1 0 0
outer loop
vertex -32.49988333333334 0 -0.16636666666666666
vertex -32.49988333333334 -8.5002 0.5001333333333333
vertex -32.49988333333334 8.5002 0.5001333333333333
endloop
endfacet
facet normal -0.9999999999999999 0 0
outer loop
vertex -32.49988333333334 0 -0.16636666666666666
vertex -32.49988333333334 8.5002 0.5001333333333333
vertex -32.49988333333334 27.5001 0.5001333333333333
endloop
endfacet
facet normal -1 0 0
outer loop
vertex -32.49988333333334 0 -0.16636666666666666
vertex -32.49988333333334 27.5001 0.5001333333333333
vertex -32.49988333333334 27.5001 -1.4998833333333335
endloop
endfacet
facet normal -1 0 0
outer loop
vertex -32.49988333333334 0 -0.16636666666666666
vertex -32.49988333333334 27.5001 -1.4998833333333335
vertex -32.49988333333334 -27.5001 -1.4998833333333335
endloop
endfacet
facet normal -1 0 0
outer loop
vertex -32.49988333333334 0 -0.16636666666666666
vertex -32.49988333333334 -27.5001 -1.4998833333333335
vertex -32.49988333333334 -27.5001 0.5001333333333333
endloop
endfacet
facet normal -0.9999999999999999 0 0
outer loop
vertex -32.49988333333334 0 -0.16636666666666666
vertex -32.49988333333334 -27.5001 0.5001333333333333
vertex -32.49988333333334 -8.5002 0.5001333333333333
endloop
endfacet
facet normal 0 0 1
outer loop
vertex 0 26.166583333333335 1.4998833333333335
vertex -32.49988333333334 27.5001 1.4998833333333335
vertex -32.49988333333334 25.500083333333333 1.4998833333333335
endloop
endfacet
facet normal 0 0 0.9999999999999999
outer loop
vertex 0 26.166583333333335 1.4998833333333335
vertex -32.49988333333334 25.500083333333333 1.4998833333333335
vertex -27.5001 25.500083333333333 1.4998833333333335
endloop
endfacet
facet normal 0 0 1
outer loop
vertex 0 26.166583333333335 1.4998833333333335
vertex -27.5001 25.500083333333333 1.4998833333333335
vertex 27.5001 25.500083333333333 1.4998833333333335
endloop
endfacet
facet normal 0 0 0.9999999999999999
outer loop
vertex 0 26.166583333333335 1.4998833333333335
vertex 27.5001 25.500083333333333 1.4998833333333335
vertex 32.49988333333334 25.500083333333333 1.4998833333333335
endloop
endfacet
facet normal 0 0 1
outer loop
vertex 0 26.166583333333335 1.4998833333333335
vertex 32.49988333333334 25.500083333333333 1.4998833333333335
vertex 32.49988333333334 27.5001 1.4998833333333335
endloop
endfacet
facet normal 0 0 1
outer loop
vertex 0 26.166583333333335 1.4998833333333335
vertex 32.49988333333334 27.5001 1.4998833333333335
vertex -32.49988333333334 27.5001 1.4998833333333335
endloop
endfacet
facet normal 0 0 1
outer loop
vertex 27.5001 25.500083333333333 1.4998833333333335
vertex 27.5001 22.4998 1.4998833333333335
vertex 32.49988333333334 22.4998 1.4998833333333335
endloop
endfacet
facet normal 0 0 1
outer loop
vertex 27.5001 25.500083333333333 1.4998833333333335
vertex 32.49988333333334 22.4998 1.4998833333333335
vertex 32.49988333333334 25.500083333333333 1.4998833333333335
endloop
endfacet
facet normal 0 0 1
outer loop
vertex -32.49988333333334 25.500083333333333 1.4998833333333335
vertex -32.49988333333334 22.4998 1.4998833333333335
vertex -27.5001 22.4998 1.4998833333333335
endloop
endfacet
facet normal 0 0 1
outer loop
vertex -32.49988333333334 25.500083333333333 1.4998833333333335
vertex -27.5001 22.4998 1.4998833333333335
vertex -27.5001 25.500083333333333 1.4998833333333335
endloop
endfacet
facet normal 0 0 1
outer loop
vertex 3.4999000000000002 17.143 1.4998833333333335
vertex 27.5001 22.4998 1.4998833333333335
vertex -27.5001 22.4998 1.4998833333333335
endloop
endfacet
facet normal 0 0 1
outer loop
vertex 3.4999000000000002 17.143 1.4998833333333335
vertex -27.5001 22.4998 1.4998833333333335
vertex -32.49988333333334 22.4998 1.4998833333333335
endloop
endfacet
facet normal 0 0 1
outer loop
vertex 3.4999000000000002 17.143 1.4998833333333335
vertex -32.49988333333334 22.4998 1.4998833333333335
vertex -32.49988333333334 10.000083333333334 1.4998833333333335
endloop
endfacet
facet normal 0 0 1
outer loop
vertex 3.4999000000000002 17.143 1.4998833333333335
vertex -32.49988333333334 10.000083333333334 1.4998833333333335
vertex 24.499816666666668 10.000083333333334 1.4998833333333335
endloop
endfacet
facet normal 0 0 0.9999999999999999
outer loop
vertex 3.4999000000000002 17.143 1.4998833333333335
vertex 24.499816666666668 10.000083333333334 1.4998833333333335
vertex 32.49988333333334 10.000083333333334 1.4998833333333335
endloop
endfacet
facet normal 0 0 1
outer loop
vertex 3.4999000000000002 17.143 1.4998833333333335
vertex 32.49988333333334 10.000083333333334 1.4998833333333335
vertex 32.49988333333334 22.4998 1.4998833333333335
endloop
endfacet
facet normal 0 0 1
outer loop
vertex 3.4999000000000002 17.143 1.4998833333333335
vertex 32.49988333333334 22.4998 1.4998833333333335
vertex 27.5001 22.4998 1.4998833333333335
endloop
endfacet
facet normal 0 0 1
outer loop
vertex -32.49988333333334 10.000083333333334 1.4998833333333335
vertex -32.49988333333334 8.5002 1.4998833333333335
vertex 24.499816666666668 8.5002 1.4998833333333335
endloop
endfacet
facet normal 0 0 1
outer loop
vertex -32.49988333333334 10.000083333333334 1.4998833333333335
vertex 24.499816666666668 8.5002 1.4998833333333335
vertex 24.499816666666668 10.000083333333334 1.4998833333333335
endloop
endfacet
facet normal 0 0 1
outer loop
vertex -32.49988333333334 -8.5002 1.4998833333333335
vertex -32.49988333333334 -10.000083333333334 1.4998833333333335
vertex 24.499816666666668 -10.000083333333334 1.4998833333333335
endloop
endfacet
facet normal 0 0 1
outer loop
vertex -32.49988333333334 -8.5002 1.4998833333333335
vertex 24.499816666666668 -10.000083333333334 1.4998833333333335
vertex 24.499816666666668 -8.5002 1.4998833333333335
endloop
endfacet
facet normal 0 0 1
outer loop
vertex 3.4999000000000002 -17.143 1.4998833333333335
vertex 24.499816666666668 -10.000083333333334 1.4998833333333335
vertex -32.49988333333334 -10.000083333333334 1.4998833333333335
endloop
endfacet
facet normal 0 0 1
outer loop
vertex 3.4999000000000002 -17.143 1.4998833333333335
vertex -32.49988333333334 -10.000083333333334 1.4998833333333335
vertex -32.49988333333334 -22.4998 1.4998833333333335
endloop
endfacet
facet normal 0 0 1
outer loop
vertex 3.4999000000000002 -17.143 1.4998833333333335
vertex -32.49988333333334 -22.4998 1.4998833333333335
vertex -27.5001 -22.4998 1.4998833333333335
endloop
endfacet
facet normal 0 0 1
outer loop
vertex 3.4999000000000002 -17.143 1.4998833333333335
vertex -27.5001 -22.4998 1.4998833333333335
vertex 27.5001 -22.4998 1.4998833333333335
endloop
endfacet
facet normal 0 0 1
outer loop
vertex 3.4999000000000002 -17.143 1.4998833333333335
vertex 27.5001 -22.4998 1.4998833333333335
vertex 32.49988333333334 -22.4998 1.4998833333333335
endloop
endfacet
facet normal 0 0 1
outer loop
vertex 3.4999000000000002 -17.143 1.4998833333333335
vertex 32.49988333333334 -22.4998 1.4998833333333335
vertex 32.49988333333334 -10.000083333333334 1.4998833333333335
endloop
endfacet
facet normal 0 0 0.9999999999999999
outer loop
vertex 3.4999000000000002 -17.143 1.4998833333333335
vertex 32.49988333333334 -10.000083333333334 1.4998833333333335
vertex 24.499816666666668 -10.000083333333334 1.4998833333333335
endloop
endfacet
facet normal 0 0 1
outer loop
vertex 27.5001 -22.4998 1.4998833333333335
vertex 27.5001 -25.500083333333333 1.4998833333333335
vertex 32.49988333333334 -25.500083333333333 1.4998833333333335
endloop
endfacet
facet normal 0 0 1
outer loop
vertex 27.5001 -22.4998 1.4998833333333335
vertex 32.49988333333334 -25.500083333333333 1.4998833333333335
vertex 32.49988333333334 -22.4998 1.4998833333333335
endloop
endfacet
facet normal 0 0 1
outer loop
vertex -32.49988333333334 -22.4998 1.4998833333333335
vertex -32.49988333333334 -25.500083333333333 1.4998833333333335
vertex -27.5001 -25.500083333333333 1.4998833333333335
endloop
endfacet
facet normal 0 0 1
outer loop
vertex -32.49988333333334 -22.4998 1.4998833333333335
vertex -27.5001 -25.500083333333333 1.4998833333333335
vertex -27.5001 -22.4998 1.4998833333333335
endloop
endfacet
facet normal 0 0 1
outer loop
vertex 0 -26.166583333333335 1.4998833333333335
vertex 27.5001 -25.500083333333333 1.4998833333333335
vertex -27.5001 -25.500083333333333 1.4998833333333335
endloop
endfacet
facet normal 0 0 0.9999999999999999
outer loop
vertex 0 -26.166583333333335 1.4998833333333335
vertex -27.5001 -25.500083333333333 1.4998833333333335
vertex -32.49988333333334 -25.500083333333333 1.4998833333333335
endloop
endfacet
facet normal 0 0 1
outer loop
vertex 0 -26.166583333333335 1.4998833333333335
vertex -32.49988333333334 -25.500083333333333 1.4998833333333335
vertex -32.49988333333334 -27.5001 1.4998833333333335
endloop
endfacet
facet normal 0 0 1
outer loop
vertex 0 -26.166583333333335 1.4998833333333335
vertex -32.49988333333334 -27.5001 1.4998833333333335
vertex 32.49988333333334 -27.5001 1.4998833333333335
endloop
endfacet
facet normal 0 0 1
outer loop
vertex 0 -26.166583333333335 1.4998833333333335
vertex 32.49988333333334 -27.5001 1.4998833333333335
vertex 32.49988333333334 -25.500083333333333 1.4998833333333335
endloop
endfacet
facet normal 0 0 0.9999999999999999
outer loop
vertex 0 -26.166583333333335 1.4998833333333335
vertex 32.49988333333334 -25.500083333333333 1.4998833333333335
vertex 27.5001 -25.500083333333333 1.4998833333333335
endloop
endfacet
facet normal 0 1 0
outer loop
vertex 0 25.500083333333333 4.8334166666666665
vertex -27.5001 25.500083333333333 1.4998833333333335
vertex -27.5001 25.500083333333333 5.499916666666667
endloop
endfacet
facet normal 0 0.9999999999999999 0
outer loop
vertex 0 25.500083333333333 4.8334166666666665
vertex -27.5001 25.500083333333333 5.499916666666667
vertex -27.5001 25.500083333333333 7.499933333333334
endloop
endfacet
facet normal 0 1 0
outer loop
vertex 0 25.500083333333333 4.8334166666666665
vertex -27.5001 25.500083333333333 7.499933333333334
vertex 27.5001 25.500083333333333 7.499933333333334
endloop
endfacet
facet normal 0 0.9999999999999999 0
outer loop
vertex 0 25.500083333333333 4.8334166666666665
vertex 27.5001 25.500083333333333 7.499933333333334
vertex 27.5001 25.500083333333333 5.499916666666667
endloop
endfacet
facet normal 0 1 0
outer loop
vertex 0 25.500083333333333 4.8334166666666665
vertex 27.5001 25.500083333333333 5.499916666666667
vertex 27.5001 25.500083333333333 1.4998833333333335
endloop
endfacet
facet normal 0 1 0
outer loop
vertex 0 25.500083333333333 4.8334166666666665
vertex 27.5001 25.500083333333333 1.4998833333333335
vertex -27.5001 25.500083333333333 1.4998833333333335
endloop
endfacet
facet normal 0 -0.9999999999999999 0
outer loop
vertex 27.5001 22.4998 1.4998833333333335
vertex 27.5001 22.4998 5.499916666666667
vertex -27.5001 22.4998 5.499916666666667
endloop
endfacet
facet normal 0 -0.9999999999999999 0
outer loop
vertex 27.5001 22.4998 1.4998833333333335
vertex -27.5001 22.4998 5.499916666666667
vertex -27.5001 22.4998 1.4998833333333335
endloop
endfacet
facet normal 0 -0.9999999999999999 0
outer loop
vertex -27.5001 19.500033333333334 5.499916666666667
vertex 27.5001 19.500033333333334 5.499916666666667
vertex 27.5001 19.500033333333334 7.499933333333334
endloop
endfacet
facet normal 0 -0.9999999999999999 0
outer loop
vertex -27.5001 19.500033333333334 5.499916666666667
vertex 27.5001 19.500033333333334 7.499933333333334
vertex -27.5001 19.500033333333334 7.499933333333334
endloop
endfacet
facet normal 0 -1 0
outer loop
vertex 0 -25.500083333333333 4.8334166666666665
vertex 27.5001 -25.500083333333333 1.4998833333333335
vertex 27.5001 -25.500083333333333 5.499916666666667
endloop
endfacet
facet normal 0 -0.9999999999999999 0
outer loop
vertex 0 -25.500083333333333 4.8334166666666665
vertex 27.5001 -25.500083333333333 5.499916666666667
vertex 27.5001 -25.500083333333333 7.499933333333334
endloop
endfacet
facet normal 0 -1 0
outer loop
vertex 0 -25.500083333333333 4.8334166666666665
vertex 27.5001 -25.500083333333333 7.499933333333334
vertex -27.5001 -25.500083333333333 7.499933333333334
endloop
endfacet
facet normal 0 -0.9999999999999999 0
outer loop
vertex 0 -25.500083333333333 4.8334166666666665
vertex -27.5001 -25.500083333333333 7.499933333333334
vertex -27.5001 -25.500083333333333 5.499916666666667
endloop
endfacet
facet normal 0 -1 0
outer loop
vertex 0 -25.500083333333333 4.8334166666666665
vertex -27.5001 -25.500083333333333 5.499916666666667
vertex -27.5001 -25.500083333333333 1.4998833333333335
endloop
endfacet
facet normal 0 -1 0
outer loop
vertex 0 -25.500083333333333 4.8334166666666665
vertex -27.5001 -25.500083333333333 1.4998833333333335
vertex 27.5001 -25.500083333333333 1.4998833333333335
endloop
endfacet
facet normal 0 1 0
outer loop
vertex 24.499816666666668 -8.5002 1.4998833333333335
vertex 24.499816666666668 -8.5002 0.5001333333333333
vertex -32.49988333333334 -8.5002 0.5001333333333333
endloop
endfacet
facet normal 0 1 0
outer loop
vertex 24.499816666666668 -8.5002 1.4998833333333335
vertex -32.49988333333334 -8.5002 0.5001333333333333
vertex -32.49988333333334 -8.5002 1.4998833333333335
endloop
endfacet
facet normal 0 -1 0
outer loop
vertex -32.49988333333334 8.5002 1.4998833333333335
vertex -32.49988333333334 8.5002 0.5001333333333333
vertex 24.499816666666668 8.5002 0.5001333333333333
endloop
endfacet
facet normal 0 -1 0
outer loop
vertex -32.49988333333334 8.5002 1.4998833333333335
vertex 24.499816666666668 8.5002 0.5001333333333333
vertex 24.499816666666668 8.5002 1.4998833333333335
endloop
endfacet
facet normal 0 0 1
outer loop
vertex -32.49988333333334 8.5002 0.5001333333333333
vertex -32.49988333333334 -8.5002 0.5001333333333333
vertex 24.499816666666668 -8.5002 0.5001333333333333
endloop
endfacet
facet normal 0 0 1
outer loop
vertex -32.49988333333334 8.5002 0.5001333333333333
vertex 24.499816666666668 -8.5002 0.5001333333333333
vertex 24.499816666666668 8.5002 0.5001333333333333
endloop
endfacet
facet normal 0 0.9999999999999999 0
outer loop
vertex -27.5001 -22.4998 1.4998833333333335
vertex -27.5001 -22.4998 5.499916666666667
vertex 27.5001 -22.4998 5.499916666666667
endloop
endfacet
facet normal 0 0.9999999999999999 0
outer loop
vertex -27.5001 -22.4998 1.4998833333333335
vertex 27.5001 -22.4998 5.499916666666667
vertex 27.5001 -22.4998 1.4998833333333335
endloop
endfacet
endsolid JSCAD
