solid JSCAD
facet normal 1 0 0
outer loop
vertex 5.000320000000001 -20.49978666666667 -3.0000533333333337
vertex 5.000320000000001 -20.49978666666667 3.0000533333333337
vertex 5.000320000000001 -22.500053333333337 3.0000533333333337
endloop
endfacet
facet normal 1 0 0
outer loop
vertex 5.000320000000001 -20.49978666666667 -3.0000533333333337
vertex 5.000320000000001 -22.500053333333337 3.0000533333333337
vertex 5.000320000000001 -22.500053333333337 -3.0000533333333337
endloop
endfacet
facet normal -1 0 0
outer loop
vertex 13.999786666666669 -22.500053333333337 3.0000533333333337
vertex 13.999786666666669 -20.49978666666667 3.0000533333333337
vertex 13.999786666666669 -20.49978666666667 -3.0000533333333337
endloop
endfacet
facet normal -1 0 0
outer loop
vertex 13.999786666666669 -22.500053333333337 3.0000533333333337
vertex 13.999786666666669 -20.49978666666667 -3.0000533333333337
vertex 13.999786666666669 -22.500053333333337 -3.0000533333333337
endloop
endfacet
facet normal 0 0 1
outer loop
vertex 0 18.499520000000004 -3.0000533333333337
vertex -33.49978666666667 20.49978666666667 -3.0000533333333337
vertex -33.49978666666667 17.499733333333335 -3.0000533333333337
endloop
endfacet
facet normal 0 0 1
outer loop
vertex 0 18.499520000000004 -3.0000533333333337
vertex -33.49978666666667 17.499733333333335 -3.0000533333333337
vertex -31.000320000000006 17.499733333333335 -3.0000533333333337
endloop
endfacet
facet normal 0 0 1
outer loop
vertex 0 18.499520000000004 -3.0000533333333337
vertex -31.000320000000006 17.499733333333335 -3.0000533333333337
vertex 31.000320000000006 17.499733333333335 -3.0000533333333337
endloop
endfacet
facet normal 0 0 1
outer loop
vertex 0 18.499520000000004 -3.0000533333333337
vertex 31.000320000000006 17.499733333333335 -3.0000533333333337
vertex 33.49978666666667 17.499733333333335 -3.0000533333333337
endloop
endfacet
facet normal 0 0 1
outer loop
vertex 0 18.499520000000004 -3.0000533333333337
vertex 33.49978666666667 17.499733333333335 -3.0000533333333337
vertex 33.49978666666667 20.49978666666667 -3.0000533333333337
endloop
endfacet
facet normal 0 0 1
outer loop
vertex 0 18.499520000000004 -3.0000533333333337
vertex 33.49978666666667 20.49978666666667 -3.0000533333333337
vertex -33.49978666666667 20.49978666666667 -3.0000533333333337
endloop
endfacet
facet normal 0 0 1
outer loop
vertex 31.000320000000006 17.499733333333335 -3.0000533333333337
vertex 31.195146666666673 17.481013333333337 -3.0000533333333337
vertex 33.49978666666667 17.481013333333337 -3.0000533333333337
endloop
endfacet
facet normal 0 0 1
outer loop
vertex 31.000320000000006 17.499733333333335 -3.0000533333333337
vertex 33.49978666666667 17.481013333333337 -3.0000533333333337
vertex 33.49978666666667 17.499733333333335 -3.0000533333333337
endloop
endfacet
facet normal 0 0 1
outer loop
vertex -31.000320000000006 17.499733333333335 -3.0000533333333337
vertex -30.804800000000004 17.481013333333337 -3.0000533333333337
vertex 30.804800000000004 17.481013333333337 -3.0000533333333337
endloop
endfacet
facet normal 0 0 1
outer loop
vertex -31.000320000000006 17.499733333333335 -3.0000533333333337
vertex 30.804800000000004 17.481013333333337 -3.0000533333333337
vertex 31.000320000000006 17.499733333333335 -3.0000533333333337
endloop
endfacet
facet normal 0 0 1
outer loop
vertex -33.49978666666667 17.499733333333335 -3.0000533333333337
vertex -33.49978666666667 17.481013333333337 -3.0000533333333337
vertex -31.195146666666673 17.481013333333337 -3.0000533333333337
endloop
endfacet
facet normal 0 0 1
outer loop
vertex -33.49978666666667 17.499733333333335 -3.0000533333333337
vertex -31.195146666666673 17.481013333333337 -3.0000533333333337
vertex -31.000320000000006 17.499733333333335 -3.0000533333333337
endloop
endfacet
facet normal 0 0 0.9999999999999999
outer loop
vertex 31.195146666666673 17.481013333333337 -3.0000533333333337
vertex 31.38234666666667 17.424160000000004 -3.0000533333333337
vertex 33.49978666666667 17.424160000000004 -3.0000533333333337
endloop
endfacet
facet normal 0 0 1
outer loop
vertex 31.195146666666673 17.481013333333337 -3.0000533333333337
vertex 33.49978666666667 17.424160000000004 -3.0000533333333337
vertex 33.49978666666667 17.481013333333337 -3.0000533333333337
endloop
endfacet
facet normal 0 0 1
outer loop
vertex -30.804800000000004 17.481013333333337 -3.0000533333333337
vertex -30.617600000000007 17.424160000000004 -3.0000533333333337
vertex 30.617600000000007 17.424160000000004 -3.0000533333333337
endloop
endfacet
facet normal 0 0 1
outer loop
vertex -30.804800000000004 17.481013333333337 -3.0000533333333337
vertex 30.617600000000007 17.424160000000004 -3.0000533333333337
vertex 30.804800000000004 17.481013333333337 -3.0000533333333337
endloop
endfacet
facet normal 0 0 1
outer loop
vertex -33.49978666666667 17.481013333333337 -3.0000533333333337
vertex -33.49978666666667 17.424160000000004 -3.0000533333333337
vertex -31.38234666666667 17.424160000000004 -3.0000533333333337
endloop
endfacet
facet normal 0 0 1
outer loop
vertex -33.49978666666667 17.481013333333337 -3.0000533333333337
vertex -31.38234666666667 17.424160000000004 -3.0000533333333337
vertex -31.195146666666673 17.481013333333337 -3.0000533333333337
endloop
endfacet
facet normal 0 0 1
outer loop
vertex 31.38234666666667 17.424160000000004 -3.0000533333333337
vertex 31.555680000000006 17.331253333333336 -3.0000533333333337
vertex 33.49978666666667 17.331253333333336 -3.0000533333333337
endloop
endfacet
facet normal 0 0 1
outer loop
vertex 31.38234666666667 17.424160000000004 -3.0000533333333337
vertex 33.49978666666667 17.331253333333336 -3.0000533333333337
vertex 33.49978666666667 17.424160000000004 -3.0000533333333337
endloop
endfacet
facet normal 0 0 1
outer loop
vertex -30.617600000000007 17.424160000000004 -3.0000533333333337
vertex -30.44426666666667 17.331253333333336 -3.0000533333333337
vertex 30.44426666666667 17.331253333333336 -3.0000533333333337
endloop
endfacet
facet normal 0 0 1
outer loop
vertex -30.617600000000007 17.424160000000004 -3.0000533333333337
vertex 30.44426666666667 17.331253333333336 -3.0000533333333337
vertex 30.617600000000007 17.424160000000004 -3.0000533333333337
endloop
endfacet
facet normal 0 0 1
outer loop
vertex -33.49978666666667 17.424160000000004 -3.0000533333333337
vertex -33.49978666666667 17.331253333333336 -3.0000533333333337
vertex -31.555680000000006 17.331253333333336 -3.0000533333333337
endloop
endfacet
facet normal 0 0 1
outer loop
vertex -33.49978666666667 17.424160000000004 -3.0000533333333337
vertex -31.555680000000006 17.331253333333336 -3.0000533333333337
vertex -31.38234666666667 17.424160000000004 -3.0000533333333337
endloop
endfacet
facet normal 0 0 1
outer loop
vertex 31.555680000000006 17.331253333333336 -3.0000533333333337
vertex 31.70682666666667 17.20714666666667 -3.0000533333333337
vertex 33.49978666666667 17.20714666666667 -3.0000533333333337
endloop
endfacet
facet normal 0 0 1
outer loop
vertex 31.555680000000006 17.331253333333336 -3.0000533333333337
vertex 33.49978666666667 17.20714666666667 -3.0000533333333337
vertex 33.49978666666667 17.331253333333336 -3.0000533333333337
endloop
endfacet
facet normal 0 0 1
outer loop
vertex -30.44426666666667 17.331253333333336 -3.0000533333333337
vertex -30.293120000000005 17.20714666666667 -3.0000533333333337
vertex 30.293120000000005 17.20714666666667 -3.0000533333333337
endloop
endfacet
facet normal 0 0 1
outer loop
vertex -30.44426666666667 17.331253333333336 -3.0000533333333337
vertex 30.293120000000005 17.20714666666667 -3.0000533333333337
vertex 30.44426666666667 17.331253333333336 -3.0000533333333337
endloop
endfacet
facet normal 0 0 1
outer loop
vertex -33.49978666666667 17.331253333333336 -3.0000533333333337
vertex -33.49978666666667 17.20714666666667 -3.0000533333333337
vertex -31.70682666666667 17.20714666666667 -3.0000533333333337
endloop
endfacet
facet normal 0 0 1
outer loop
vertex -33.49978666666667 17.331253333333336 -3.0000533333333337
vertex -31.70682666666667 17.20714666666667 -3.0000533333333337
vertex -31.555680000000006 17.331253333333336 -3.0000533333333337
endloop
endfacet
facet normal 0 0 1
outer loop
vertex 31.70682666666667 17.20714666666667 -3.0000533333333337
vertex 31.831626666666672 17.05530666666667 -3.0000533333333337
vertex 33.49978666666667 17.05530666666667 -3.0000533333333337
endloop
endfacet
facet normal 0 0 0.9999999999999999
outer loop
vertex 31.70682666666667 17.20714666666667 -3.0000533333333337
vertex 33.49978666666667 17.05530666666667 -3.0000533333333337
vertex 33.49978666666667 17.20714666666667 -3.0000533333333337
endloop
endfacet
facet normal 0 0 1
outer loop
vertex -30.293120000000005 17.20714666666667 -3.0000533333333337
vertex -30.168320000000005 17.05530666666667 -3.0000533333333337
vertex 30.168320000000005 17.05530666666667 -3.0000533333333337
endloop
endfacet
facet normal 0 0 1
outer loop
vertex -30.293120000000005 17.20714666666667 -3.0000533333333337
vertex 30.168320000000005 17.05530666666667 -3.0000533333333337
vertex 30.293120000000005 17.20714666666667 -3.0000533333333337
endloop
endfacet
facet normal 0 0 1
outer loop
vertex -33.49978666666667 17.20714666666667 -3.0000533333333337
vertex -33.49978666666667 17.05530666666667 -3.0000533333333337
vertex -31.831626666666672 17.05530666666667 -3.0000533333333337
endloop
endfacet
facet normal 0 0 0.9999999999999999
outer loop
vertex -33.49978666666667 17.20714666666667 -3.0000533333333337
vertex -31.831626666666672 17.05530666666667 -3.0000533333333337
vertex -31.70682666666667 17.20714666666667 -3.0000533333333337
endloop
endfacet
facet normal 0 0 1
outer loop
vertex 31.831626666666672 17.05530666666667 -3.0000533333333337
vertex 31.923840000000006 16.88266666666667 -3.0000533333333337
vertex 33.49978666666667 16.88266666666667 -3.0000533333333337
endloop
endfacet
facet normal 0 0 1
outer loop
vertex 31.831626666666672 17.05530666666667 -3.0000533333333337
vertex 33.49978666666667 16.88266666666667 -3.0000533333333337
vertex 33.49978666666667 17.05530666666667 -3.0000533333333337
endloop
endfacet
facet normal 0 0 1
outer loop
vertex -30.168320000000005 17.05530666666667 -3.0000533333333337
vertex -30.07610666666667 16.88266666666667 -3.0000533333333337
vertex 30.07610666666667 16.88266666666667 -3.0000533333333337
endloop
endfacet
facet normal 0 0 1
outer loop
vertex -30.168320000000005 17.05530666666667 -3.0000533333333337
vertex 30.07610666666667 16.88266666666667 -3.0000533333333337
vertex 30.168320000000005 17.05530666666667 -3.0000533333333337
endloop
endfacet
facet normal 0 0 1
outer loop
vertex -33.49978666666667 17.05530666666667 -3.0000533333333337
vertex -33.49978666666667 16.88266666666667 -3.0000533333333337
vertex -31.923840000000006 16.88266666666667 -3.0000533333333337
endloop
endfacet
facet normal 0 0 1
outer loop
vertex -33.49978666666667 17.05530666666667 -3.0000533333333337
vertex -31.923840000000006 16.88266666666667 -3.0000533333333337
vertex -31.831626666666672 17.05530666666667 -3.0000533333333337
endloop
endfacet
facet normal 0 0 1
outer loop
vertex 31.923840000000006 16.88266666666667 -3.0000533333333337
vertex 31.98069333333334 16.694773333333337 -3.0000533333333337
vertex 33.49978666666667 16.694773333333337 -3.0000533333333337
endloop
endfacet
facet normal 0 0 1
outer loop
vertex 31.923840000000006 16.88266666666667 -3.0000533333333337
vertex 33.49978666666667 16.694773333333337 -3.0000533333333337
vertex 33.49978666666667 16.88266666666667 -3.0000533333333337
endloop
endfacet
facet normal 0 0 1
outer loop
vertex -30.07610666666667 16.88266666666667 -3.0000533333333337
vertex -30.01925333333334 16.694773333333337 -3.0000533333333337
vertex 30.01925333333334 16.694773333333337 -3.0000533333333337
endloop
endfacet
facet normal 0 0 1
outer loop
vertex -30.07610666666667 16.88266666666667 -3.0000533333333337
vertex 30.01925333333334 16.694773333333337 -3.0000533333333337
vertex 30.07610666666667 16.88266666666667 -3.0000533333333337
endloop
endfacet
facet normal 0 0 1
outer loop
vertex -33.49978666666667 16.88266666666667 -3.0000533333333337
vertex -33.49978666666667 16.694773333333337 -3.0000533333333337
vertex -31.98069333333334 16.694773333333337 -3.0000533333333337
endloop
endfacet
facet normal 0 0 1
outer loop
vertex -33.49978666666667 16.88266666666667 -3.0000533333333337
vertex -31.98069333333334 16.694773333333337 -3.0000533333333337
vertex -31.923840000000006 16.88266666666667 -3.0000533333333337
endloop
endfacet
facet normal 0 0 1
outer loop
vertex 31.98069333333334 16.694773333333337 -3.0000533333333337
vertex 32.000106666666674 16.49994666666667 -3.0000533333333337
vertex 33.49978666666667 16.49994666666667 -3.0000533333333337
endloop
endfacet
facet normal 0 0 1
outer loop
vertex 31.98069333333334 16.694773333333337 -3.0000533333333337
vertex 33.49978666666667 16.49994666666667 -3.0000533333333337
vertex 33.49978666666667 16.694773333333337 -3.0000533333333337
endloop
endfacet
facet normal 0 0 1
outer loop
vertex -30.01925333333334 16.694773333333337 -3.0000533333333337
vertex -29.999840000000006 16.49994666666667 -3.0000533333333337
vertex 29.999840000000006 16.49994666666667 -3.0000533333333337
endloop
endfacet
facet normal 0 0 1
outer loop
vertex -30.01925333333334 16.694773333333337 -3.0000533333333337
vertex 29.999840000000006 16.49994666666667 -3.0000533333333337
vertex 30.01925333333334 16.694773333333337 -3.0000533333333337
endloop
endfacet
facet normal 0 0 1
outer loop
vertex -33.49978666666667 16.694773333333337 -3.0000533333333337
vertex -33.49978666666667 16.49994666666667 -3.0000533333333337
vertex -32.000106666666674 16.49994666666667 -3.0000533333333337
endloop
endfacet
facet normal 0 0 1
outer loop
vertex -33.49978666666667 16.694773333333337 -3.0000533333333337
vertex -32.000106666666674 16.49994666666667 -3.0000533333333337
vertex -31.98069333333334 16.694773333333337 -3.0000533333333337
endloop
endfacet
facet normal 0 0 1
outer loop
vertex 32.000106666666674 16.49994666666667 -3.0000533333333337
vertex 31.98069333333334 16.305120000000002 -3.0000533333333337
vertex 33.49978666666667 16.305120000000002 -3.0000533333333337
endloop
endfacet
facet normal 0 0 1
outer loop
vertex 32.000106666666674 16.49994666666667 -3.0000533333333337
vertex 33.49978666666667 16.305120000000002 -3.0000533333333337
vertex 33.49978666666667 16.49994666666667 -3.0000533333333337
endloop
endfacet
facet normal 0 0 1
outer loop
vertex -29.999840000000006 16.49994666666667 -3.0000533333333337
vertex -30.01925333333334 16.305120000000002 -3.0000533333333337
vertex 30.01925333333334 16.305120000000002 -3.0000533333333337
endloop
endfacet
facet normal 0 0 1
outer loop
vertex -29.999840000000006 16.49994666666667 -3.0000533333333337
vertex 30.01925333333334 16.305120000000002 -3.0000533333333337
vertex 29.999840000000006 16.49994666666667 -3.0000533333333337
endloop
endfacet
facet normal 0 0 1
outer loop
vertex -33.49978666666667 16.49994666666667 -3.0000533333333337
vertex -33.49978666666667 16.305120000000002 -3.0000533333333337
vertex -31.98069333333334 16.305120000000002 -3.0000533333333337
endloop
endfacet
facet normal 0 0 1
outer loop
vertex -33.49978666666667 16.49994666666667 -3.0000533333333337
vertex -31.98069333333334 16.305120000000002 -3.0000533333333337
vertex -32.000106666666674 16.49994666666667 -3.0000533333333337
endloop
endfacet
facet normal 0 0 1
outer loop
vertex 31.98069333333334 16.305120000000002 -3.0000533333333337
vertex 31.923840000000006 16.11722666666667 -3.0000533333333337
vertex 33.49978666666667 16.11722666666667 -3.0000533333333337
endloop
endfacet
facet normal 0 0 1
outer loop
vertex 31.98069333333334 16.305120000000002 -3.0000533333333337
vertex 33.49978666666667 16.11722666666667 -3.0000533333333337
vertex 33.49978666666667 16.305120000000002 -3.0000533333333337
endloop
endfacet
facet normal 0 0 1
outer loop
vertex -30.01925333333334 16.305120000000002 -3.0000533333333337
vertex -30.07610666666667 16.11722666666667 -3.0000533333333337
vertex 30.07610666666667 16.11722666666667 -3.0000533333333337
endloop
endfacet
facet normal 0 0 1
outer loop
vertex -30.01925333333334 16.305120000000002 -3.0000533333333337
vertex 30.07610666666667 16.11722666666667 -3.0000533333333337
vertex 30.01925333333334 16.305120000000002 -3.0000533333333337
endloop
endfacet
facet normal 0 0 1
outer loop
vertex -33.49978666666667 16.305120000000002 -3.0000533333333337
vertex -33.49978666666667 16.11722666666667 -3.0000533333333337
vertex -31.923840000000006 16.11722666666667 -3.0000533333333337
endloop
endfacet
facet normal 0 0 1
outer loop
vertex -33.49978666666667 16.305120000000002 -3.0000533333333337
vertex -31.923840000000006 16.11722666666667 -3.0000533333333337
vertex -31.98069333333334 16.305120000000002 -3.0000533333333337
endloop
endfacet
facet normal 0 0 1
outer loop
vertex 31.923840000000006 16.11722666666667 -3.0000533333333337
vertex 31.831626666666672 15.94458666666667 -3.0000533333333337
vertex 33.49978666666667 15.94458666666667 -3.0000533333333337
endloop
endfacet
facet normal 0 0 1
outer loop
vertex 31.923840000000006 16.11722666666667 -3.0000533333333337
vertex 33.49978666666667 15.94458666666667 -3.0000533333333337
vertex 33.49978666666667 16.11722666666667 -3.0000533333333337
endloop
endfacet
facet normal 0 0 1
outer loop
vertex -30.07610666666667 16.11722666666667 -3.0000533333333337
vertex -30.168320000000005 15.94458666666667 -3.0000533333333337
vertex 30.168320000000005 15.94458666666667 -3.0000533333333337
endloop
endfacet
facet normal 0 0 1
outer loop
vertex -30.07610666666667 16.11722666666667 -3.0000533333333337
vertex 30.168320000000005 15.94458666666667 -3.0000533333333337
vertex 30.07610666666667 16.11722666666667 -3.0000533333333337
endloop
endfacet
facet normal 0 0 1
outer loop
vertex -33.49978666666667 16.11722666666667 -3.0000533333333337
vertex -33.49978666666667 15.94458666666667 -3.0000533333333337
vertex -31.831626666666672 15.94458666666667 -3.0000533333333337
endloop
endfacet
facet normal 0 0 1
outer loop
vertex -33.49978666666667 16.11722666666667 -3.0000533333333337
vertex -31.831626666666672 15.94458666666667 -3.0000533333333337
vertex -31.923840000000006 16.11722666666667 -3.0000533333333337
endloop
endfacet
facet normal 0 0 0.9999999999999999
outer loop
vertex 31.831626666666672 15.94458666666667 -3.0000533333333337
vertex 31.70682666666667 15.79274666666667 -3.0000533333333337
vertex 33.49978666666667 15.79274666666667 -3.0000533333333337
endloop
endfacet
facet normal 0 0 1
outer loop
vertex 31.831626666666672 15.94458666666667 -3.0000533333333337
vertex 33.49978666666667 15.79274666666667 -3.0000533333333337
vertex 33.49978666666667 15.94458666666667 -3.0000533333333337
endloop
endfacet
facet normal 0 0 1
outer loop
vertex -30.168320000000005 15.94458666666667 -3.0000533333333337
vertex -30.293120000000005 15.79274666666667 -3.0000533333333337
vertex 30.293120000000005 15.79274666666667 -3.0000533333333337
endloop
endfacet
facet normal 0 0 1
outer loop
vertex -30.168320000000005 15.94458666666667 -3.0000533333333337
vertex 30.293120000000005 15.79274666666667 -3.0000533333333337
vertex 30.168320000000005 15.94458666666667 -3.0000533333333337
endloop
endfacet
facet normal 0 0 0.9999999999999999
outer loop
vertex -33.49978666666667 15.94458666666667 -3.0000533333333337
vertex -33.49978666666667 15.79274666666667 -3.0000533333333337
vertex -31.70682666666667 15.79274666666667 -3.0000533333333337
endloop
endfacet
facet normal 0 0 1
outer loop
vertex -33.49978666666667 15.94458666666667 -3.0000533333333337
vertex -31.70682666666667 15.79274666666667 -3.0000533333333337
vertex -31.831626666666672 15.94458666666667 -3.0000533333333337
endloop
endfacet
facet normal 0 0 1
outer loop
vertex 31.70682666666667 15.79274666666667 -3.0000533333333337
vertex 31.555680000000006 15.668640000000003 -3.0000533333333337
vertex 33.49978666666667 15.668640000000003 -3.0000533333333337
endloop
endfacet
facet normal 0 0 1
outer loop
vertex 31.70682666666667 15.79274666666667 -3.0000533333333337
vertex 33.49978666666667 15.668640000000003 -3.0000533333333337
vertex 33.49978666666667 15.79274666666667 -3.0000533333333337
endloop
endfacet
facet normal 0 0 1
outer loop
vertex -30.293120000000005 15.79274666666667 -3.0000533333333337
vertex -30.44426666666667 15.668640000000003 -3.0000533333333337
vertex 30.44426666666667 15.668640000000003 -3.0000533333333337
endloop
endfacet
facet normal 0 0 1
outer loop
vertex -30.293120000000005 15.79274666666667 -3.0000533333333337
vertex 30.44426666666667 15.668640000000003 -3.0000533333333337
vertex 30.293120000000005 15.79274666666667 -3.0000533333333337
endloop
endfacet
facet normal 0 0 1
outer loop
vertex -33.49978666666667 15.79274666666667 -3.0000533333333337
vertex -33.49978666666667 15.668640000000003 -3.0000533333333337
vertex -31.555680000000006 15.668640000000003 -3.0000533333333337
endloop
endfacet
facet normal 0 0 1
outer loop
vertex -33.49978666666667 15.79274666666667 -3.0000533333333337
vertex -31.555680000000006 15.668640000000003 -3.0000533333333337
vertex -31.70682666666667 15.79274666666667 -3.0000533333333337
endloop
endfacet
facet normal 0 0 1
outer loop
vertex 31.555680000000006 15.668640000000003 -3.0000533333333337
vertex 31.38234666666667 15.57642666666667 -3.0000533333333337
vertex 33.49978666666667 15.57642666666667 -3.0000533333333337
endloop
endfacet
facet normal 0 0 1
outer loop
vertex 31.555680000000006 15.668640000000003 -3.0000533333333337
vertex 33.49978666666667 15.57642666666667 -3.0000533333333337
vertex 33.49978666666667 15.668640000000003 -3.0000533333333337
endloop
endfacet
facet normal 0 0 1
outer loop
vertex -30.44426666666667 15.668640000000003 -3.0000533333333337
vertex -30.617600000000007 15.57642666666667 -3.0000533333333337
vertex 30.617600000000007 15.57642666666667 -3.0000533333333337
endloop
endfacet
facet normal 0 0 1
outer loop
vertex -30.44426666666667 15.668640000000003 -3.0000533333333337
vertex 30.617600000000007 15.57642666666667 -3.0000533333333337
vertex 30.44426666666667 15.668640000000003 -3.0000533333333337
endloop
endfacet
facet normal 0 0 1
outer loop
vertex -33.49978666666667 15.668640000000003 -3.0000533333333337
vertex -33.49978666666667 15.57642666666667 -3.0000533333333337
vertex -31.38234666666667 15.57642666666667 -3.0000533333333337
endloop
endfacet
facet normal 0 0 1
outer loop
vertex -33.49978666666667 15.668640000000003 -3.0000533333333337
vertex -31.38234666666667 15.57642666666667 -3.0000533333333337
vertex -31.555680000000006 15.668640000000003 -3.0000533333333337
endloop
endfacet
facet normal 0 0 1
outer loop
vertex 31.38234666666667 15.57642666666667 -3.0000533333333337
vertex 31.195146666666673 15.518880000000003 -3.0000533333333337
vertex 33.49978666666667 15.518880000000003 -3.0000533333333337
endloop
endfacet
facet normal 0 0 1
outer loop
vertex 31.38234666666667 15.57642666666667 -3.0000533333333337
vertex 33.49978666666667 15.518880000000003 -3.0000533333333337
vertex 33.49978666666667 15.57642666666667 -3.0000533333333337
endloop
endfacet
facet normal 0 0 0.9999999999999999
outer loop
vertex -30.617600000000007 15.57642666666667 -3.0000533333333337
vertex -30.804800000000004 15.518880000000003 -3.0000533333333337
vertex 30.804800000000004 15.518880000000003 -3.0000533333333337
endloop
endfacet
facet normal 0 0 1
outer loop
vertex -30.617600000000007 15.57642666666667 -3.0000533333333337
vertex 30.804800000000004 15.518880000000003 -3.0000533333333337
vertex 30.617600000000007 15.57642666666667 -3.0000533333333337
endloop
endfacet
facet normal 0 0 1
outer loop
vertex -33.49978666666667 15.57642666666667 -3.0000533333333337
vertex -33.49978666666667 15.518880000000003 -3.0000533333333337
vertex -31.195146666666673 15.518880000000003 -3.0000533333333337
endloop
endfacet
facet normal 0 0 1
outer loop
vertex -33.49978666666667 15.57642666666667 -3.0000533333333337
vertex -31.195146666666673 15.518880000000003 -3.0000533333333337
vertex -31.38234666666667 15.57642666666667 -3.0000533333333337
endloop
endfacet
facet normal 0 0 1
outer loop
vertex 31.195146666666673 15.518880000000003 -3.0000533333333337
vertex 31.000320000000006 15.500160000000003 -3.0000533333333337
vertex 33.49978666666667 15.500160000000003 -3.0000533333333337
endloop
endfacet
facet normal 0 0 1
outer loop
vertex 31.195146666666673 15.518880000000003 -3.0000533333333337
vertex 33.49978666666667 15.500160000000003 -3.0000533333333337
vertex 33.49978666666667 15.518880000000003 -3.0000533333333337
endloop
endfacet
facet normal 0 0 1
outer loop
vertex -30.804800000000004 15.518880000000003 -3.0000533333333337
vertex -31.000320000000006 15.500160000000003 -3.0000533333333337
vertex 31.000320000000006 15.500160000000003 -3.0000533333333337
endloop
endfacet
facet normal 0 0 1
outer loop
vertex -30.804800000000004 15.518880000000003 -3.0000533333333337
vertex 31.000320000000006 15.500160000000003 -3.0000533333333337
vertex 30.804800000000004 15.518880000000003 -3.0000533333333337
endloop
endfacet
facet normal 0 0 1
outer loop
vertex -33.49978666666667 15.518880000000003 -3.0000533333333337
vertex -33.49978666666667 15.500160000000003 -3.0000533333333337
vertex -31.000320000000006 15.500160000000003 -3.0000533333333337
endloop
endfacet
facet normal 0 0 1
outer loop
vertex -33.49978666666667 15.518880000000003 -3.0000533333333337
vertex -31.000320000000006 15.500160000000003 -3.0000533333333337
vertex -31.195146666666673 15.518880000000003 -3.0000533333333337
endloop
endfacet
facet normal 0 0 1
outer loop
vertex -1.4372800000000003 14.000480000000003 -3.0000533333333337
vertex 31.000320000000006 15.500160000000003 -3.0000533333333337
vertex -31.000320000000006 15.500160000000003 -3.0000533333333337
endloop
endfacet
facet normal 0 0 1
outer loop
vertex -1.4372800000000003 14.000480000000003 -3.0000533333333337
vertex -31.000320000000006 15.500160000000003 -3.0000533333333337
vertex -33.49978666666667 15.500160000000003 -3.0000533333333337
endloop
endfacet
facet normal 0 0 1
outer loop
vertex -1.4372800000000003 14.000480000000003 -3.0000533333333337
vertex -33.49978666666667 15.500160000000003 -3.0000533333333337
vertex -33.49978666666667 12.50010666666667 -3.0000533333333337
endloop
endfacet
facet normal 0 0 1
outer loop
vertex -1.4372800000000003 14.000480000000003 -3.0000533333333337
vertex -33.49978666666667 12.50010666666667 -3.0000533333333337
vertex -30.49973333333334 12.50010666666667 -3.0000533333333337
endloop
endfacet
facet normal 0 0 1
outer loop
vertex -1.4372800000000003 14.000480000000003 -3.0000533333333337
vertex -30.49973333333334 12.50010666666667 -3.0000533333333337
vertex 19.00010666666667 12.50010666666667 -3.0000533333333337
endloop
endfacet
facet normal 0 0 1
outer loop
vertex -1.4372800000000003 14.000480000000003 -3.0000533333333337
vertex 19.00010666666667 12.50010666666667 -3.0000533333333337
vertex 33.49978666666667 12.50010666666667 -3.0000533333333337
endloop
endfacet
facet normal 0 0 0.9999999999999999
outer loop
vertex -1.4372800000000003 14.000480000000003 -3.0000533333333337
vertex 33.49978666666667 12.50010666666667 -3.0000533333333337
vertex 33.49978666666667 15.500160000000003 -3.0000533333333337
endloop
endfacet
facet normal 0 0 1
outer loop
vertex -1.4372800000000003 14.000480000000003 -3.0000533333333337
vertex 33.49978666666667 15.500160000000003 -3.0000533333333337
vertex 31.000320000000006 15.500160000000003 -3.0000533333333337
endloop
endfacet
facet normal 0 0 0.9999999999999999
outer loop
vertex 19.00010666666667 12.50010666666667 -3.0000533333333337
vertex 19.00010666666667 -12.50010666666667 -3.0000533333333337
vertex 33.49978666666667 -12.50010666666667 -3.0000533333333337
endloop
endfacet
facet normal 0 0 0.9999999999999999
outer loop
vertex 19.00010666666667 12.50010666666667 -3.0000533333333337
vertex 33.49978666666667 -12.50010666666667 -3.0000533333333337
vertex 33.49978666666667 12.50010666666667 -3.0000533333333337
endloop
endfacet
facet normal 0 0 1
outer loop
vertex -33.49978666666667 12.50010666666667 -3.0000533333333337
vertex -33.49978666666667 -12.50010666666667 -3.0000533333333337
vertex -30.49973333333334 -12.50010666666667 -3.0000533333333337
endloop
endfacet
facet normal 0 0 1
outer loop
vertex -33.49978666666667 12.50010666666667 -3.0000533333333337
vertex -30.49973333333334 -12.50010666666667 -3.0000533333333337
vertex -30.49973333333334 12.50010666666667 -3.0000533333333337
endloop
endfacet
facet normal 0 0 1
outer loop
vertex -1.4372800000000003 -14.000480000000003 -3.0000533333333337
vertex 19.00010666666667 -12.50010666666667 -3.0000533333333337
vertex -30.49973333333334 -12.50010666666667 -3.0000533333333337
endloop
endfacet
facet normal 0 0 1
outer loop
vertex -1.4372800000000003 -14.000480000000003 -3.0000533333333337
vertex -30.49973333333334 -12.50010666666667 -3.0000533333333337
vertex -33.49978666666667 -12.50010666666667 -3.0000533333333337
endloop
endfacet
facet normal 0 0 1
outer loop
vertex -1.4372800000000003 -14.000480000000003 -3.0000533333333337
vertex -33.49978666666667 -12.50010666666667 -3.0000533333333337
vertex -33.49978666666667 -15.500160000000003 -3.0000533333333337
endloop
endfacet
facet normal 0 0 1
outer loop
vertex -1.4372800000000003 -14.000480000000003 -3.0000533333333337
vertex -33.49978666666667 -15.500160000000003 -3.0000533333333337
vertex -31.000320000000006 -15.500160000000003 -3.0000533333333337
endloop
endfacet
facet normal 0 0 1
outer loop
vertex -1.4372800000000003 -14.000480000000003 -3.0000533333333337
vertex -31.000320000000006 -15.500160000000003 -3.0000533333333337
vertex 31.000320000000006 -15.500160000000003 -3.0000533333333337
endloop
endfacet
facet normal 0 0 1
outer loop
vertex -1.4372800000000003 -14.000480000000003 -3.0000533333333337
vertex 31.000320000000006 -15.500160000000003 -3.0000533333333337
vertex 33.49978666666667 -15.500160000000003 -3.0000533333333337
endloop
endfacet
facet normal 0 0 0.9999999999999999
outer loop
vertex -1.4372800000000003 -14.000480000000003 -3.0000533333333337
vertex 33.49978666666667 -15.500160000000003 -3.0000533333333337
vertex 33.49978666666667 -12.50010666666667 -3.0000533333333337
endloop
endfacet
facet normal 0 0 1
outer loop
vertex -1.4372800000000003 -14.000480000000003 -3.0000533333333337
vertex 33.49978666666667 -12.50010666666667 -3.0000533333333337
vertex 19.00010666666667 -12.50010666666667 -3.0000533333333337
endloop
endfacet
facet normal 0 0 1
outer loop
vertex 31.000320000000006 -15.500160000000003 -3.0000533333333337
vertex 31.195146666666673 -15.518880000000003 -3.0000533333333337
vertex 33.49978666666667 -15.518880000000003 -3.0000533333333337
endloop
endfacet
facet normal 0 0 1
outer loop
vertex 31.000320000000006 -15.500160000000003 -3.0000533333333337
vertex 33.49978666666667 -15.518880000000003 -3.0000533333333337
vertex 33.49978666666667 -15.500160000000003 -3.0000533333333337
endloop
endfacet
facet normal 0 0 1
outer loop
vertex -31.000320000000006 -15.500160000000003 -3.0000533333333337
vertex -30.804800000000004 -15.518880000000003 -3.0000533333333337
vertex 30.804800000000004 -15.518880000000003 -3.0000533333333337
endloop
endfacet
facet normal 0 0 1
outer loop
vertex -31.000320000000006 -15.500160000000003 -3.0000533333333337
vertex 30.804800000000004 -15.518880000000003 -3.0000533333333337
vertex 31.000320000000006 -15.500160000000003 -3.0000533333333337
endloop
endfacet
facet normal 0 0 1
outer loop
vertex -33.49978666666667 -15.500160000000003 -3.0000533333333337
vertex -33.49978666666667 -15.518880000000003 -3.0000533333333337
vertex -31.195146666666673 -15.518880000000003 -3.0000533333333337
endloop
endfacet
facet normal 0 0 1
outer loop
vertex -33.49978666666667 -15.500160000000003 -3.0000533333333337
vertex -31.195146666666673 -15.518880000000003 -3.0000533333333337
vertex -31.000320000000006 -15.500160000000003 -3.0000533333333337
endloop
endfacet
facet normal 0 0 1
outer loop
vertex 31.195146666666673 -15.518880000000003 -3.0000533333333337
vertex 31.38234666666667 -15.57642666666667 -3.0000533333333337
vertex 33.49978666666667 -15.57642666666667 -3.0000533333333337
endloop
endfacet
facet normal 0 0 1
outer loop
vertex 31.195146666666673 -15.518880000000003 -3.0000533333333337
vertex 33.49978666666667 -15.57642666666667 -3.0000533333333337
vertex 33.49978666666667 -15.518880000000003 -3.0000533333333337
endloop
endfacet
facet normal 0 0 1
outer loop
vertex -30.804800000000004 -15.518880000000003 -3.0000533333333337
vertex -30.617600000000007 -15.57642666666667 -3.0000533333333337
vertex 30.617600000000007 -15.57642666666667 -3.0000533333333337
endloop
endfacet
facet normal 0 0 1
outer loop
vertex -30.804800000000004 -15.518880000000003 -3.0000533333333337
vertex 30.617600000000007 -15.57642666666667 -3.0000533333333337
vertex 30.804800000000004 -15.518880000000003 -3.0000533333333337
endloop
endfacet
facet normal 0 0 1
outer loop
vertex -33.49978666666667 -15.518880000000003 -3.0000533333333337
vertex -33.49978666666667 -15.57642666666667 -3.0000533333333337
vertex -31.38234666666667 -15.57642666666667 -3.0000533333333337
endloop
endfacet
facet normal 0 0 1
outer loop
vertex -33.49978666666667 -15.518880000000003 -3.0000533333333337
vertex -31.38234666666667 -15.57642666666667 -3.0000533333333337
vertex -31.195146666666673 -15.518880000000003 -3.0000533333333337
endloop
endfacet
facet normal 0 0 1
outer loop
vertex 31.38234666666667 -15.57642666666667 -3.0000533333333337
vertex 31.555680000000006 -15.668640000000003 -3.0000533333333337
vertex 33.49978666666667 -15.668640000000003 -3.0000533333333337
endloop
endfacet
facet normal 0 0 1
outer loop
vertex 31.38234666666667 -15.57642666666667 -3.0000533333333337
vertex 33.49978666666667 -15.668640000000003 -3.0000533333333337
vertex 33.49978666666667 -15.57642666666667 -3.0000533333333337
endloop
endfacet
facet normal 0 0 1
outer loop
vertex -30.617600000000007 -15.57642666666667 -3.0000533333333337
vertex -30.44426666666667 -15.668640000000003 -3.0000533333333337
vertex 30.44426666666667 -15.668640000000003 -3.0000533333333337
endloop
endfacet
facet normal 0 0 1
outer loop
vertex -30.617600000000007 -15.57642666666667 -3.0000533333333337
vertex 30.44426666666667 -15.668640000000003 -3.0000533333333337
vertex 30.617600000000007 -15.57642666666667 -3.0000533333333337
endloop
endfacet
facet normal 0 0 1
outer loop
vertex -33.49978666666667 -15.57642666666667 -3.0000533333333337
vertex -33.49978666666667 -15.668640000000003 -3.0000533333333337
vertex -31.555680000000006 -15.668640000000003 -3.0000533333333337
endloop
endfacet
facet normal 0 0 1
outer loop
vertex -33.49978666666667 -15.57642666666667 -3.0000533333333337
vertex -31.555680000000006 -15.668640000000003 -3.0000533333333337
vertex -31.38234666666667 -15.57642666666667 -3.0000533333333337
endloop
endfacet
facet normal 0 0 1
outer loop
vertex 31.555680000000006 -15.668640000000003 -3.0000533333333337
vertex 31.70682666666667 -15.79274666666667 -3.0000533333333337
vertex 33.49978666666667 -15.79274666666667 -3.0000533333333337
endloop
endfacet
facet normal 0 0 1
outer loop
vertex 31.555680000000006 -15.668640000000003 -3.0000533333333337
vertex 33.49978666666667 -15.79274666666667 -3.0000533333333337
vertex 33.49978666666667 -15.668640000000003 -3.0000533333333337
endloop
endfacet
facet normal 0 0 1
outer loop
vertex -30.44426666666667 -15.668640000000003 -3.0000533333333337
vertex -30.293120000000005 -15.79274666666667 -3.0000533333333337
vertex 30.293120000000005 -15.79274666666667 -3.0000533333333337
endloop
endfacet
facet normal 0 0 1
outer loop
vertex -30.44426666666667 -15.668640000000003 -3.0000533333333337
vertex 30.293120000000005 -15.79274666666667 -3.0000533333333337
vertex 30.44426666666667 -15.668640000000003 -3.0000533333333337
endloop
endfacet
facet normal 0 0 1
outer loop
vertex -33.49978666666667 -15.668640000000003 -3.0000533333333337
vertex -33.49978666666667 -15.79274666666667 -3.0000533333333337
vertex -31.70682666666667 -15.79274666666667 -3.0000533333333337
endloop
endfacet
facet normal 0 0 1
outer loop
vertex -33.49978666666667 -15.668640000000003 -3.0000533333333337
vertex -31.70682666666667 -15.79274666666667 -3.0000533333333337
vertex -31.555680000000006 -15.668640000000003 -3.0000533333333337
endloop
endfacet
facet normal 0 0 1
outer loop
vertex 31.70682666666667 -15.79274666666667 -3.0000533333333337
vertex 31.831626666666672 -15.94458666666667 -3.0000533333333337
vertex 33.49978666666667 -15.94458666666667 -3.0000533333333337
endloop
endfacet
facet normal 0 0 0.9999999999999999
outer loop
vertex 31.70682666666667 -15.79274666666667 -3.0000533333333337
vertex 33.49978666666667 -15.94458666666667 -3.0000533333333337
vertex 33.49978666666667 -15.79274666666667 -3.0000533333333337
endloop
endfacet
facet normal 0 0 1
outer loop
vertex -30.293120000000005 -15.79274666666667 -3.0000533333333337
vertex -30.168320000000005 -15.94458666666667 -3.0000533333333337
vertex 30.168320000000005 -15.94458666666667 -3.0000533333333337
endloop
endfacet
facet normal 0 0 1
outer loop
vertex -30.293120000000005 -15.79274666666667 -3.0000533333333337
vertex 30.168320000000005 -15.94458666666667 -3.0000533333333337
vertex 30.293120000000005 -15.79274666666667 -3.0000533333333337
endloop
endfacet
facet normal 0 0 1
outer loop
vertex -33.49978666666667 -15.79274666666667 -3.0000533333333337
vertex -33.49978666666667 -15.94458666666667 -3.0000533333333337
vertex -31.831626666666672 -15.94458666666667 -3.0000533333333337
endloop
endfacet
facet normal 0 0 0.9999999999999999
outer loop
vertex -33.49978666666667 -15.79274666666667 -3.0000533333333337
vertex -31.831626666666672 -15.94458666666667 -3.0000533333333337
vertex -31.70682666666667 -15.79274666666667 -3.0000533333333337
endloop
endfacet
facet normal 0 0 1
outer loop
vertex 31.831626666666672 -15.94458666666667 -3.0000533333333337
vertex 31.923840000000006 -16.11722666666667 -3.0000533333333337
vertex 33.49978666666667 -16.11722666666667 -3.0000533333333337
endloop
endfacet
facet normal 0 0 1
outer loop
vertex 31.831626666666672 -15.94458666666667 -3.0000533333333337
vertex 33.49978666666667 -16.11722666666667 -3.0000533333333337
vertex 33.49978666666667 -15.94458666666667 -3.0000533333333337
endloop
endfacet
facet normal 0 0 1
outer loop
vertex -30.168320000000005 -15.94458666666667 -3.0000533333333337
vertex -30.07610666666667 -16.11722666666667 -3.0000533333333337
vertex 30.07610666666667 -16.11722666666667 -3.0000533333333337
endloop
endfacet
facet normal 0 0 1
outer loop
vertex -30.168320000000005 -15.94458666666667 -3.0000533333333337
vertex 30.07610666666667 -16.11722666666667 -3.0000533333333337
vertex 30.168320000000005 -15.94458666666667 -3.0000533333333337
endloop
endfacet
facet normal 0 0 1
outer loop
vertex -33.49978666666667 -15.94458666666667 -3.0000533333333337
vertex -33.49978666666667 -16.11722666666667 -3.0000533333333337
vertex -31.923840000000006 -16.11722666666667 -3.0000533333333337
endloop
endfacet
facet normal 0 0 1
outer loop
vertex -33.49978666666667 -15.94458666666667 -3.0000533333333337
vertex -31.923840000000006 -16.11722666666667 -3.0000533333333337
vertex -31.831626666666672 -15.94458666666667 -3.0000533333333337
endloop
endfacet
facet normal 0 0 1
outer loop
vertex 31.923840000000006 -16.11722666666667 -3.0000533333333337
vertex 31.98069333333334 -16.305120000000002 -3.0000533333333337
vertex 33.49978666666667 -16.305120000000002 -3.0000533333333337
endloop
endfacet
facet normal 0 0 1
outer loop
vertex 31.923840000000006 -16.11722666666667 -3.0000533333333337
vertex 33.49978666666667 -16.305120000000002 -3.0000533333333337
vertex 33.49978666666667 -16.11722666666667 -3.0000533333333337
endloop
endfacet
facet normal 0 0 1
outer loop
vertex -30.07610666666667 -16.11722666666667 -3.0000533333333337
vertex -30.01925333333334 -16.305120000000002 -3.0000533333333337
vertex 30.01925333333334 -16.305120000000002 -3.0000533333333337
endloop
endfacet
facet normal 0 0 1
outer loop
vertex -30.07610666666667 -16.11722666666667 -3.0000533333333337
vertex 30.01925333333334 -16.305120000000002 -3.0000533333333337
vertex 30.07610666666667 -16.11722666666667 -3.0000533333333337
endloop
endfacet
facet normal 0 0 1
outer loop
vertex -33.49978666666667 -16.11722666666667 -3.0000533333333337
vertex -33.49978666666667 -16.305120000000002 -3.0000533333333337
vertex -31.98069333333334 -16.305120000000002 -3.0000533333333337
endloop
endfacet
facet normal 0 0 1
outer loop
vertex -33.49978666666667 -16.11722666666667 -3.0000533333333337
vertex -31.98069333333334 -16.305120000000002 -3.0000533333333337
vertex -31.923840000000006 -16.11722666666667 -3.0000533333333337
endloop
endfacet
facet normal 0 0 1
outer loop
vertex 31.98069333333334 -16.305120000000002 -3.0000533333333337
vertex 32.000106666666674 -16.49994666666667 -3.0000533333333337
vertex 33.49978666666667 -16.49994666666667 -3.0000533333333337
endloop
endfacet
facet normal 0 0 1
outer loop
vertex 31.98069333333334 -16.305120000000002 -3.0000533333333337
vertex 33.49978666666667 -16.49994666666667 -3.0000533333333337
vertex 33.49978666666667 -16.305120000000002 -3.0000533333333337
endloop
endfacet
facet normal 0 0 1
outer loop
vertex -30.01925333333334 -16.305120000000002 -3.0000533333333337
vertex -29.999840000000006 -16.49994666666667 -3.0000533333333337
vertex 29.999840000000006 -16.49994666666667 -3.0000533333333337
endloop
endfacet
facet normal 0 0 1
outer loop
vertex -30.01925333333334 -16.305120000000002 -3.0000533333333337
vertex 29.999840000000006 -16.49994666666667 -3.0000533333333337
vertex 30.01925333333334 -16.305120000000002 -3.0000533333333337
endloop
endfacet
facet normal 0 0 1
outer loop
vertex -33.49978666666667 -16.305120000000002 -3.0000533333333337
vertex -33.49978666666667 -16.49994666666667 -3.0000533333333337
vertex -32.000106666666674 -16.49994666666667 -3.0000533333333337
endloop
endfacet
facet normal 0 0 1
outer loop
vertex -33.49978666666667 -16.305120000000002 -3.0000533333333337
vertex -32.000106666666674 -16.49994666666667 -3.0000533333333337
vertex -31.98069333333334 -16.305120000000002 -3.0000533333333337
endloop
endfacet
facet normal 0 0 1
outer loop
vertex 32.000106666666674 -16.49994666666667 -3.0000533333333337
vertex 31.98069333333334 -16.694773333333337 -3.0000533333333337
vertex 33.49978666666667 -16.694773333333337 -3.0000533333333337
endloop
endfacet
facet normal 0 0 1
outer loop
vertex 32.000106666666674 -16.49994666666667 -3.0000533333333337
vertex 33.49978666666667 -16.694773333333337 -3.0000533333333337
vertex 33.49978666666667 -16.49994666666667 -3.0000533333333337
endloop
endfacet
facet normal 0 0 1
outer loop
vertex -29.999840000000006 -16.49994666666667 -3.0000533333333337
vertex -30.01925333333334 -16.694773333333337 -3.0000533333333337
vertex 30.01925333333334 -16.694773333333337 -3.0000533333333337
endloop
endfacet
facet normal 0 0 1
outer loop
vertex -29.999840000000006 -16.49994666666667 -3.0000533333333337
vertex 30.01925333333334 -16.694773333333337 -3.0000533333333337
vertex 29.999840000000006 -16.49994666666667 -3.0000533333333337
endloop
endfacet
facet normal 0 0 1
outer loop
vertex -33.49978666666667 -16.49994666666667 -3.0000533333333337
vertex -33.49978666666667 -16.694773333333337 -3.0000533333333337
vertex -31.98069333333334 -16.694773333333337 -3.0000533333333337
endloop
endfacet
facet normal 0 0 1
outer loop
vertex -33.49978666666667 -16.49994666666667 -3.0000533333333337
vertex -31.98069333333334 -16.694773333333337 -3.0000533333333337
vertex -32.000106666666674 -16.49994666666667 -3.0000533333333337
endloop
endfacet
facet normal 0 0 1
outer loop
vertex 31.98069333333334 -16.694773333333337 -3.0000533333333337
vertex 31.923840000000006 -16.88266666666667 -3.0000533333333337
vertex 33.49978666666667 -16.88266666666667 -3.0000533333333337
endloop
endfacet
facet normal 0 0 1
outer loop
vertex 31.98069333333334 -16.694773333333337 -3.0000533333333337
vertex 33.49978666666667 -16.88266666666667 -3.0000533333333337
vertex 33.49978666666667 -16.694773333333337 -3.0000533333333337
endloop
endfacet
facet normal 0 0 1
outer loop
vertex -30.01925333333334 -16.694773333333337 -3.0000533333333337
vertex -30.07610666666667 -16.88266666666667 -3.0000533333333337
vertex 30.07610666666667 -16.88266666666667 -3.0000533333333337
endloop
endfacet
facet normal 0 0 1
outer loop
vertex -30.01925333333334 -16.694773333333337 -3.0000533333333337
vertex 30.07610666666667 -16.88266666666667 -3.0000533333333337
vertex 30.01925333333334 -16.694773333333337 -3.0000533333333337
endloop
endfacet
facet normal 0 0 1
outer loop
vertex -33.49978666666667 -16.694773333333337 -3.0000533333333337
vertex -33.49978666666667 -16.88266666666667 -3.0000533333333337
vertex -31.923840000000006 -16.88266666666667 -3.0000533333333337
endloop
endfacet
facet normal 0 0 1
outer loop
vertex -33.49978666666667 -16.694773333333337 -3.0000533333333337
vertex -31.923840000000006 -16.88266666666667 -3.0000533333333337
vertex -31.98069333333334 -16.694773333333337 -3.0000533333333337
endloop
endfacet
facet normal 0 0 1
outer loop
vertex 31.923840000000006 -16.88266666666667 -3.0000533333333337
vertex 31.831626666666672 -17.05530666666667 -3.0000533333333337
vertex 33.49978666666667 -17.05530666666667 -3.0000533333333337
endloop
endfacet
facet normal 0 0 1
outer loop
vertex 31.923840000000006 -16.88266666666667 -3.0000533333333337
vertex 33.49978666666667 -17.05530666666667 -3.0000533333333337
vertex 33.49978666666667 -16.88266666666667 -3.0000533333333337
endloop
endfacet
facet normal 0 0 1
outer loop
vertex -30.07610666666667 -16.88266666666667 -3.0000533333333337
vertex -30.168320000000005 -17.05530666666667 -3.0000533333333337
vertex 30.168320000000005 -17.05530666666667 -3.0000533333333337
endloop
endfacet
facet normal 0 0 1
outer loop
vertex -30.07610666666667 -16.88266666666667 -3.0000533333333337
vertex 30.168320000000005 -17.05530666666667 -3.0000533333333337
vertex 30.07610666666667 -16.88266666666667 -3.0000533333333337
endloop
endfacet
facet normal 0 0 1
outer loop
vertex -33.49978666666667 -16.88266666666667 -3.0000533333333337
vertex -33.49978666666667 -17.05530666666667 -3.0000533333333337
vertex -31.831626666666672 -17.05530666666667 -3.0000533333333337
endloop
endfacet
facet normal 0 0 1
outer loop
vertex -33.49978666666667 -16.88266666666667 -3.0000533333333337
vertex -31.831626666666672 -17.05530666666667 -3.0000533333333337
vertex -31.923840000000006 -16.88266666666667 -3.0000533333333337
endloop
endfacet
facet normal 0 0 0.9999999999999999
outer loop
vertex 31.831626666666672 -17.05530666666667 -3.0000533333333337
vertex 31.70682666666667 -17.20714666666667 -3.0000533333333337
vertex 33.49978666666667 -17.20714666666667 -3.0000533333333337
endloop
endfacet
facet normal 0 0 1
outer loop
vertex 31.831626666666672 -17.05530666666667 -3.0000533333333337
vertex 33.49978666666667 -17.20714666666667 -3.0000533333333337
vertex 33.49978666666667 -17.05530666666667 -3.0000533333333337
endloop
endfacet
facet normal 0 0 1
outer loop
vertex -30.168320000000005 -17.05530666666667 -3.0000533333333337
vertex -30.293120000000005 -17.20714666666667 -3.0000533333333337
vertex 30.293120000000005 -17.20714666666667 -3.0000533333333337
endloop
endfacet
facet normal 0 0 1
outer loop
vertex -30.168320000000005 -17.05530666666667 -3.0000533333333337
vertex 30.293120000000005 -17.20714666666667 -3.0000533333333337
vertex 30.168320000000005 -17.05530666666667 -3.0000533333333337
endloop
endfacet
facet normal 0 0 0.9999999999999999
outer loop
vertex -33.49978666666667 -17.05530666666667 -3.0000533333333337
vertex -33.49978666666667 -17.20714666666667 -3.0000533333333337
vertex -31.70682666666667 -17.20714666666667 -3.0000533333333337
endloop
endfacet
facet normal 0 0 1
outer loop
vertex -33.49978666666667 -17.05530666666667 -3.0000533333333337
vertex -31.70682666666667 -17.20714666666667 -3.0000533333333337
vertex -31.831626666666672 -17.05530666666667 -3.0000533333333337
endloop
endfacet
facet normal 0 0 1
outer loop
vertex 31.70682666666667 -17.20714666666667 -3.0000533333333337
vertex 31.555680000000006 -17.331253333333336 -3.0000533333333337
vertex 33.49978666666667 -17.331253333333336 -3.0000533333333337
endloop
endfacet
facet normal 0 0 1
outer loop
vertex 31.70682666666667 -17.20714666666667 -3.0000533333333337
vertex 33.49978666666667 -17.331253333333336 -3.0000533333333337
vertex 33.49978666666667 -17.20714666666667 -3.0000533333333337
endloop
endfacet
facet normal 0 0 1
outer loop
vertex -30.293120000000005 -17.20714666666667 -3.0000533333333337
vertex -30.44426666666667 -17.331253333333336 -3.0000533333333337
vertex 30.44426666666667 -17.331253333333336 -3.0000533333333337
endloop
endfacet
facet normal 0 0 1
outer loop
vertex -30.293120000000005 -17.20714666666667 -3.0000533333333337
vertex 30.44426666666667 -17.331253333333336 -3.0000533333333337
vertex 30.293120000000005 -17.20714666666667 -3.0000533333333337
endloop
endfacet
facet normal 0 0 1
outer loop
vertex -33.49978666666667 -17.20714666666667 -3.0000533333333337
vertex -33.49978666666667 -17.331253333333336 -3.0000533333333337
vertex -31.555680000000006 -17.331253333333336 -3.0000533333333337
endloop
endfacet
facet normal 0 0 1
outer loop
vertex -33.49978666666667 -17.20714666666667 -3.0000533333333337
vertex -31.555680000000006 -17.331253333333336 -3.0000533333333337
vertex -31.70682666666667 -17.20714666666667 -3.0000533333333337
endloop
endfacet
facet normal 0 0 1
outer loop
vertex 31.555680000000006 -17.331253333333336 -3.0000533333333337
vertex 31.38234666666667 -17.424160000000004 -3.0000533333333337
vertex 33.49978666666667 -17.424160000000004 -3.0000533333333337
endloop
endfacet
facet normal 0 0 1
outer loop
vertex 31.555680000000006 -17.331253333333336 -3.0000533333333337
vertex 33.49978666666667 -17.424160000000004 -3.0000533333333337
vertex 33.49978666666667 -17.331253333333336 -3.0000533333333337
endloop
endfacet
facet normal 0 0 1
outer loop
vertex -30.44426666666667 -17.331253333333336 -3.0000533333333337
vertex -30.617600000000007 -17.424160000000004 -3.0000533333333337
vertex 30.617600000000007 -17.424160000000004 -3.0000533333333337
endloop
endfacet
facet normal 0 0 1
outer loop
vertex -30.44426666666667 -17.331253333333336 -3.0000533333333337
vertex 30.617600000000007 -17.424160000000004 -3.0000533333333337
vertex 30.44426666666667 -17.331253333333336 -3.0000533333333337
endloop
endfacet
facet normal 0 0 1
outer loop
vertex -33.49978666666667 -17.331253333333336 -3.0000533333333337
vertex -33.49978666666667 -17.424160000000004 -3.0000533333333337
vertex -31.38234666666667 -17.424160000000004 -3.0000533333333337
endloop
endfacet
facet normal 0 0 1
outer loop
vertex -33.49978666666667 -17.331253333333336 -3.0000533333333337
vertex -31.38234666666667 -17.424160000000004 -3.0000533333333337
vertex -31.555680000000006 -17.331253333333336 -3.0000533333333337
endloop
endfacet
facet normal 0 0 1
outer loop
vertex 31.38234666666667 -17.424160000000004 -3.0000533333333337
vertex 31.195146666666673 -17.481013333333337 -3.0000533333333337
vertex 33.49978666666667 -17.481013333333337 -3.0000533333333337
endloop
endfacet
facet normal 0 0 1
outer loop
vertex 31.38234666666667 -17.424160000000004 -3.0000533333333337
vertex 33.49978666666667 -17.481013333333337 -3.0000533333333337
vertex 33.49978666666667 -17.424160000000004 -3.0000533333333337
endloop
endfacet
facet normal 0 0 1
outer loop
vertex -30.617600000000007 -17.424160000000004 -3.0000533333333337
vertex -30.804800000000004 -17.481013333333337 -3.0000533333333337
vertex 30.804800000000004 -17.481013333333337 -3.0000533333333337
endloop
endfacet
facet normal 0 0 1
outer loop
vertex -30.617600000000007 -17.424160000000004 -3.0000533333333337
vertex 30.804800000000004 -17.481013333333337 -3.0000533333333337
vertex 30.617600000000007 -17.424160000000004 -3.0000533333333337
endloop
endfacet
facet normal 0 0 1
outer loop
vertex -33.49978666666667 -17.424160000000004 -3.0000533333333337
vertex -33.49978666666667 -17.481013333333337 -3.0000533333333337
vertex -31.195146666666673 -17.481013333333337 -3.0000533333333337
endloop
endfacet
facet normal 0 0 1
outer loop
vertex -33.49978666666667 -17.424160000000004 -3.0000533333333337
vertex -31.195146666666673 -17.481013333333337 -3.0000533333333337
vertex -31.38234666666667 -17.424160000000004 -3.0000533333333337
endloop
endfacet
facet normal 0 0 1
outer loop
vertex 31.195146666666673 -17.481013333333337 -3.0000533333333337
vertex 31.000320000000006 -17.499733333333335 -3.0000533333333337
vertex 33.49978666666667 -17.499733333333335 -3.0000533333333337
endloop
endfacet
facet normal 0 0 1
outer loop
vertex 31.195146666666673 -17.481013333333337 -3.0000533333333337
vertex 33.49978666666667 -17.499733333333335 -3.0000533333333337
vertex 33.49978666666667 -17.481013333333337 -3.0000533333333337
endloop
endfacet
facet normal 0 0 1
outer loop
vertex -30.804800000000004 -17.481013333333337 -3.0000533333333337
vertex -31.000320000000006 -17.499733333333335 -3.0000533333333337
vertex 31.000320000000006 -17.499733333333335 -3.0000533333333337
endloop
endfacet
facet normal 0 0 1
outer loop
vertex -30.804800000000004 -17.481013333333337 -3.0000533333333337
vertex 31.000320000000006 -17.499733333333335 -3.0000533333333337
vertex 30.804800000000004 -17.481013333333337 -3.0000533333333337
endloop
endfacet
facet normal 0 0 1
outer loop
vertex -33.49978666666667 -17.481013333333337 -3.0000533333333337
vertex -33.49978666666667 -17.499733333333335 -3.0000533333333337
vertex -31.000320000000006 -17.499733333333335 -3.0000533333333337
endloop
endfacet
facet normal 0 0 1
outer loop
vertex -33.49978666666667 -17.481013333333337 -3.0000533333333337
vertex -31.000320000000006 -17.499733333333335 -3.0000533333333337
vertex -31.195146666666673 -17.481013333333337 -3.0000533333333337
endloop
endfacet
facet normal 0 0 0.9999999999999999
outer loop
vertex 2.374666666666667 -18.999413333333337 -3.0000533333333337
vertex 31.000320000000006 -17.499733333333335 -3.0000533333333337
vertex -31.000320000000006 -17.499733333333335 -3.0000533333333337
endloop
endfacet
facet normal 0 0 1
outer loop
vertex 2.374666666666667 -18.999413333333337 -3.0000533333333337
vertex -31.000320000000006 -17.499733333333335 -3.0000533333333337
vertex -33.49978666666667 -17.499733333333335 -3.0000533333333337
endloop
endfacet
facet normal 0 0 1
outer loop
vertex 2.374666666666667 -18.999413333333337 -3.0000533333333337
vertex -33.49978666666667 -17.499733333333335 -3.0000533333333337
vertex -33.49978666666667 -20.49978666666667 -3.0000533333333337
endloop
endfacet
facet normal 0 0 0.9999999999999999
outer loop
vertex 2.374666666666667 -18.999413333333337 -3.0000533333333337
vertex -33.49978666666667 -20.49978666666667 -3.0000533333333337
vertex 5.000320000000001 -20.49978666666667 -3.0000533333333337
endloop
endfacet
facet normal 0 0 0.9999999999999999
outer loop
vertex 2.374666666666667 -18.999413333333337 -3.0000533333333337
vertex 5.000320000000001 -20.49978666666667 -3.0000533333333337
vertex 13.999786666666669 -20.49978666666667 -3.0000533333333337
endloop
endfacet
facet normal 0 0 1
outer loop
vertex 2.374666666666667 -18.999413333333337 -3.0000533333333337
vertex 13.999786666666669 -20.49978666666667 -3.0000533333333337
vertex 33.49978666666667 -20.49978666666667 -3.0000533333333337
endloop
endfacet
facet normal 0 0 1
outer loop
vertex 2.374666666666667 -18.999413333333337 -3.0000533333333337
vertex 33.49978666666667 -20.49978666666667 -3.0000533333333337
vertex 33.49978666666667 -17.499733333333335 -3.0000533333333337
endloop
endfacet
facet normal 0 0 1
outer loop
vertex 2.374666666666667 -18.999413333333337 -3.0000533333333337
vertex 33.49978666666667 -17.499733333333335 -3.0000533333333337
vertex 31.000320000000006 -17.499733333333335 -3.0000533333333337
endloop
endfacet
facet normal 0 0 1
outer loop
vertex 5.000320000000001 -20.49978666666667 -3.0000533333333337
vertex 5.000320000000001 -22.500053333333337 -3.0000533333333337
vertex 13.999786666666669 -22.500053333333337 -3.0000533333333337
endloop
endfacet
facet normal 0 0 1
outer loop
vertex 5.000320000000001 -20.49978666666667 -3.0000533333333337
vertex 13.999786666666669 -22.500053333333337 -3.0000533333333337
vertex 13.999786666666669 -20.49978666666667 -3.0000533333333337
endloop
endfacet
facet normal 1 0 0
outer loop
vertex -33.49978666666667 20.49978666666667 5.000320000000001
vertex -33.49978666666667 20.49978666666667 3.0000533333333337
vertex -33.49978666666667 22.500053333333337 3.0000533333333337
endloop
endfacet
facet normal 1 0 0
outer loop
vertex -33.49978666666667 20.49978666666667 5.000320000000001
vertex -33.49978666666667 22.500053333333337 3.0000533333333337
vertex -33.49978666666667 22.500053333333337 5.000320000000001
endloop
endfacet
facet normal 1 0 0
outer loop
vertex -33.49978666666667 -22.500053333333337 5.000320000000001
vertex -33.49978666666667 -22.500053333333337 3.0000533333333337
vertex -33.49978666666667 -20.49978666666667 3.0000533333333337
endloop
endfacet
facet normal 1 0 0
outer loop
vertex -33.49978666666667 -22.500053333333337 5.000320000000001
vertex -33.49978666666667 -20.49978666666667 3.0000533333333337
vertex -33.49978666666667 -20.49978666666667 5.000320000000001
endloop
endfacet
facet normal 0.9999999999999999 0 0
outer loop
vertex -33.49978666666667 0 -2.6998400000000005
vertex -33.49978666666667 -20.49978666666667 3.0000533333333337
vertex -33.49978666666667 -20.49978666666667 -3.0000533333333337
endloop
endfacet
facet normal 1 0 0
outer loop
vertex -33.49978666666667 0 -2.6998400000000005
vertex -33.49978666666667 -20.49978666666667 -3.0000533333333337
vertex -33.49978666666667 -17.499733333333335 -3.0000533333333337
endloop
endfacet
facet normal 1 0 0
outer loop
vertex -33.49978666666667 0 -2.6998400000000005
vertex -33.49978666666667 -17.499733333333335 -3.0000533333333337
vertex -33.49978666666667 -17.481013333333337 -3.0000533333333337
endloop
endfacet
facet normal 1 0 0
outer loop
vertex -33.49978666666667 0 -2.6998400000000005
vertex -33.49978666666667 -17.481013333333337 -3.0000533333333337
vertex -33.49978666666667 -17.424160000000004 -3.0000533333333337
endloop
endfacet
facet normal 1 0 0
outer loop
vertex -33.49978666666667 0 -2.6998400000000005
vertex -33.49978666666667 -17.424160000000004 -3.0000533333333337
vertex -33.49978666666667 -17.331253333333336 -3.0000533333333337
endloop
endfacet
facet normal 1 0 0
outer loop
vertex -33.49978666666667 0 -2.6998400000000005
vertex -33.49978666666667 -17.331253333333336 -3.0000533333333337
vertex -33.49978666666667 -17.20714666666667 -3.0000533333333337
endloop
endfacet
facet normal 1 0 0
outer loop
vertex -33.49978666666667 0 -2.6998400000000005
vertex -33.49978666666667 -17.20714666666667 -3.0000533333333337
vertex -33.49978666666667 -17.05530666666667 -3.0000533333333337
endloop
endfacet
facet normal 1 0 0
outer loop
vertex -33.49978666666667 0 -2.6998400000000005
vertex -33.49978666666667 -17.05530666666667 -3.0000533333333337
vertex -33.49978666666667 -16.88266666666667 -3.0000533333333337
endloop
endfacet
facet normal 0.9999999999999999 0 0
outer loop
vertex -33.49978666666667 0 -2.6998400000000005
vertex -33.49978666666667 -16.88266666666667 -3.0000533333333337
vertex -33.49978666666667 -16.694773333333337 -3.0000533333333337
endloop
endfacet
facet normal 1 0 0
outer loop
vertex -33.49978666666667 0 -2.6998400000000005
vertex -33.49978666666667 -16.694773333333337 -3.0000533333333337
vertex -33.49978666666667 -16.49994666666667 -3.0000533333333337
endloop
endfacet
facet normal 1 0 0
outer loop
vertex -33.49978666666667 0 -2.6998400000000005
vertex -33.49978666666667 -16.49994666666667 -3.0000533333333337
vertex -33.49978666666667 -16.305120000000002 -3.0000533333333337
endloop
endfacet
facet normal 1 0 0
outer loop
vertex -33.49978666666667 0 -2.6998400000000005
vertex -33.49978666666667 -16.305120000000002 -3.0000533333333337
vertex -33.49978666666667 -16.11722666666667 -3.0000533333333337
endloop
endfacet
facet normal 1 0 0
outer loop
vertex -33.49978666666667 0 -2.6998400000000005
vertex -33.49978666666667 -16.11722666666667 -3.0000533333333337
vertex -33.49978666666667 -15.94458666666667 -3.0000533333333337
endloop
endfacet
facet normal 1 0 0
outer loop
vertex -33.49978666666667 0 -2.6998400000000005
vertex -33.49978666666667 -15.94458666666667 -3.0000533333333337
vertex -33.49978666666667 -15.79274666666667 -3.0000533333333337
endloop
endfacet
facet normal 1 0 0
outer loop
vertex -33.49978666666667 0 -2.6998400000000005
vertex -33.49978666666667 -15.79274666666667 -3.0000533333333337
vertex -33.49978666666667 -15.668640000000003 -3.0000533333333337
endloop
endfacet
facet normal 1 0 0
outer loop
vertex -33.49978666666667 0 -2.6998400000000005
vertex -33.49978666666667 -15.668640000000003 -3.0000533333333337
vertex -33.49978666666667 -15.57642666666667 -3.0000533333333337
endloop
endfacet
facet normal 1 0 0
outer loop
vertex -33.49978666666667 0 -2.6998400000000005
vertex -33.49978666666667 -15.57642666666667 -3.0000533333333337
vertex -33.49978666666667 -15.518880000000003 -3.0000533333333337
endloop
endfacet
facet normal 1 0 0
outer loop
vertex -33.49978666666667 0 -2.6998400000000005
vertex -33.49978666666667 -15.518880000000003 -3.0000533333333337
vertex -33.49978666666667 -15.500160000000003 -3.0000533333333337
endloop
endfacet
facet normal 1 0 0
outer loop
vertex -33.49978666666667 0 -2.6998400000000005
vertex -33.49978666666667 -15.500160000000003 -3.0000533333333337
vertex -33.49978666666667 -12.50010666666667 -3.0000533333333337
endloop
endfacet
facet normal 1 0 0
outer loop
vertex -33.49978666666667 0 -2.6998400000000005
vertex -33.49978666666667 -12.50010666666667 -3.0000533333333337
vertex -33.49978666666667 12.50010666666667 -3.0000533333333337
endloop
endfacet
facet normal 1 0 0
outer loop
vertex -33.49978666666667 0 -2.6998400000000005
vertex -33.49978666666667 12.50010666666667 -3.0000533333333337
vertex -33.49978666666667 15.500160000000003 -3.0000533333333337
endloop
endfacet
facet normal 1 0 0
outer loop
vertex -33.49978666666667 0 -2.6998400000000005
vertex -33.49978666666667 15.500160000000003 -3.0000533333333337
vertex -33.49978666666667 15.518880000000003 -3.0000533333333337
endloop
endfacet
facet normal 1 0 0
outer loop
vertex -33.49978666666667 0 -2.6998400000000005
vertex -33.49978666666667 15.518880000000003 -3.0000533333333337
vertex -33.49978666666667 15.57642666666667 -3.0000533333333337
endloop
endfacet
facet normal 1 0 0
outer loop
vertex -33.49978666666667 0 -2.6998400000000005
vertex -33.49978666666667 15.57642666666667 -3.0000533333333337
vertex -33.49978666666667 15.668640000000003 -3.0000533333333337
endloop
endfacet
facet normal 1 0 0
outer loop
vertex -33.49978666666667 0 -2.6998400000000005
vertex -33.49978666666667 15.668640000000003 -3.0000533333333337
vertex -33.49978666666667 15.79274666666667 -3.0000533333333337
endloop
endfacet
facet normal 1 0 0
outer loop
vertex -33.49978666666667 0 -2.6998400000000005
vertex -33.49978666666667 15.79274666666667 -3.0000533333333337
vertex -33.49978666666667 15.94458666666667 -3.0000533333333337
endloop
endfacet
facet normal 1 0 0
outer loop
vertex -33.49978666666667 0 -2.6998400000000005
vertex -33.49978666666667 15.94458666666667 -3.0000533333333337
vertex -33.49978666666667 16.11722666666667 -3.0000533333333337
endloop
endfacet
facet normal 1 0 0
outer loop
vertex -33.49978666666667 0 -2.6998400000000005
vertex -33.49978666666667 16.11722666666667 -3.0000533333333337
vertex -33.49978666666667 16.305120000000002 -3.0000533333333337
endloop
endfacet
facet normal 1 0 0
outer loop
vertex -33.49978666666667 0 -2.6998400000000005
vertex -33.49978666666667 16.305120000000002 -3.0000533333333337
vertex -33.49978666666667 16.49994666666667 -3.0000533333333337
endloop
endfacet
facet normal 1 0 0
outer loop
vertex -33.49978666666667 0 -2.6998400000000005
vertex -33.49978666666667 16.49994666666667 -3.0000533333333337
vertex -33.49978666666667 16.694773333333337 -3.0000533333333337
endloop
endfacet
facet normal 0.9999999999999999 0 0
outer loop
vertex -33.49978666666667 0 -2.6998400000000005
vertex -33.49978666666667 16.694773333333337 -3.0000533333333337
vertex -33.49978666666667 16.88266666666667 -3.0000533333333337
endloop
endfacet
facet normal 1 0 0
outer loop
vertex -33.49978666666667 0 -2.6998400000000005
vertex -33.49978666666667 16.88266666666667 -3.0000533333333337
vertex -33.49978666666667 17.05530666666667 -3.0000533333333337
endloop
endfacet
facet normal 1 0 0
outer loop
vertex -33.49978666666667 0 -2.6998400000000005
vertex -33.49978666666667 17.05530666666667 -3.0000533333333337
vertex -33.49978666666667 17.20714666666667 -3.0000533333333337
endloop
endfacet
facet normal 1 0 0
outer loop
vertex -33.49978666666667 0 -2.6998400000000005
vertex -33.49978666666667 17.20714666666667 -3.0000533333333337
vertex -33.49978666666667 17.331253333333336 -3.0000533333333337
endloop
endfacet
facet normal 1 0 0
outer loop
vertex -33.49978666666667 0 -2.6998400000000005
vertex -33.49978666666667 17.331253333333336 -3.0000533333333337
vertex -33.49978666666667 17.424160000000004 -3.0000533333333337
endloop
endfacet
facet normal 1 0 0
outer loop
vertex -33.49978666666667 0 -2.6998400000000005
vertex -33.49978666666667 17.424160000000004 -3.0000533333333337
vertex -33.49978666666667 17.481013333333337 -3.0000533333333337
endloop
endfacet
facet normal 1 0 0
outer loop
vertex -33.49978666666667 0 -2.6998400000000005
vertex -33.49978666666667 17.481013333333337 -3.0000533333333337
vertex -33.49978666666667 17.499733333333335 -3.0000533333333337
endloop
endfacet
facet normal 1 0 0
outer loop
vertex -33.49978666666667 0 -2.6998400000000005
vertex -33.49978666666667 17.499733333333335 -3.0000533333333337
vertex -33.49978666666667 20.49978666666667 -3.0000533333333337
endloop
endfacet
facet normal 0.9999999999999999 0 0
outer loop
vertex -33.49978666666667 0 -2.6998400000000005
vertex -33.49978666666667 20.49978666666667 -3.0000533333333337
vertex -33.49978666666667 20.49978666666667 3.0000533333333337
endloop
endfacet
facet normal 1 0 0
outer loop
vertex -33.49978666666667 0 -2.6998400000000005
vertex -33.49978666666667 20.49978666666667 3.0000533333333337
vertex -33.49978666666667 -20.49978666666667 3.0000533333333337
endloop
endfacet
facet normal -1 0 0
outer loop
vertex 33.49978666666667 -20.49978666666667 5.000320000000001
vertex 33.49978666666667 -20.49978666666667 3.0000533333333337
vertex 33.49978666666667 -22.500053333333337 3.0000533333333337
endloop
endfacet
facet normal -1 0 0
outer loop
vertex 33.49978666666667 -20.49978666666667 5.000320000000001
vertex 33.49978666666667 -22.500053333333337 3.0000533333333337
vertex 33.49978666666667 -22.500053333333337 5.000320000000001
endloop
endfacet
facet normal -1 0 0
outer loop
vertex 33.49978666666667 22.500053333333337 5.000320000000001
vertex 33.49978666666667 22.500053333333337 3.0000533333333337
vertex 33.49978666666667 20.49978666666667 3.0000533333333337
endloop
endfacet
facet normal -1 0 0
outer loop
vertex 33.49978666666667 22.500053333333337 5.000320000000001
vertex 33.49978666666667 20.49978666666667 3.0000533333333337
vertex 33.49978666666667 20.49978666666667 5.000320000000001
endloop
endfacet
facet normal -0.9999999999999999 0 0
outer loop
vertex 33.49978666666667 0 -2.6998400000000005
vertex 33.49978666666667 20.49978666666667 3.0000533333333337
vertex 33.49978666666667 20.49978666666667 -3.0000533333333337
endloop
endfacet
facet normal -1 0 0
outer loop
vertex 33.49978666666667 0 -2.6998400000000005
vertex 33.49978666666667 20.49978666666667 -3.0000533333333337
vertex 33.49978666666667 17.499733333333335 -3.0000533333333337
endloop
endfacet
facet normal -1 0 0
outer loop
vertex 33.49978666666667 0 -2.6998400000000005
vertex 33.49978666666667 17.499733333333335 -3.0000533333333337
vertex 33.49978666666667 17.481013333333337 -3.0000533333333337
endloop
endfacet
facet normal -1 0 0
outer loop
vertex 33.49978666666667 0 -2.6998400000000005
vertex 33.49978666666667 17.481013333333337 -3.0000533333333337
vertex 33.49978666666667 17.424160000000004 -3.0000533333333337
endloop
endfacet
facet normal -1 0 0
outer loop
vertex 33.49978666666667 0 -2.6998400000000005
vertex 33.49978666666667 17.424160000000004 -3.0000533333333337
vertex 33.49978666666667 17.331253333333336 -3.0000533333333337
endloop
endfacet
facet normal -1 0 0
outer loop
vertex 33.49978666666667 0 -2.6998400000000005
vertex 33.49978666666667 17.331253333333336 -3.0000533333333337
vertex 33.49978666666667 17.20714666666667 -3.0000533333333337
endloop
endfacet
facet normal -1 0 0
outer loop
vertex 33.49978666666667 0 -2.6998400000000005
vertex 33.49978666666667 17.20714666666667 -3.0000533333333337
vertex 33.49978666666667 17.05530666666667 -3.0000533333333337
endloop
endfacet
facet normal -1 0 0
outer loop
vertex 33.49978666666667 0 -2.6998400000000005
vertex 33.49978666666667 17.05530666666667 -3.0000533333333337
vertex 33.49978666666667 16.88266666666667 -3.0000533333333337
endloop
endfacet
facet normal -0.9999999999999999 0 0
outer loop
vertex 33.49978666666667 0 -2.6998400000000005
vertex 33.49978666666667 16.88266666666667 -3.0000533333333337
vertex 33.49978666666667 16.694773333333337 -3.0000533333333337
endloop
endfacet
facet normal -1 0 0
outer loop
vertex 33.49978666666667 0 -2.6998400000000005
vertex 33.49978666666667 16.694773333333337 -3.0000533333333337
vertex 33.49978666666667 16.49994666666667 -3.0000533333333337
endloop
endfacet
facet normal -1 0 0
outer loop
vertex 33.49978666666667 0 -2.6998400000000005
vertex 33.49978666666667 16.49994666666667 -3.0000533333333337
vertex 33.49978666666667 16.305120000000002 -3.0000533333333337
endloop
endfacet
facet normal -1 0 0
outer loop
vertex 33.49978666666667 0 -2.6998400000000005
vertex 33.49978666666667 16.305120000000002 -3.0000533333333337
vertex 33.49978666666667 16.11722666666667 -3.0000533333333337
endloop
endfacet
facet normal -1 0 0
outer loop
vertex 33.49978666666667 0 -2.6998400000000005
vertex 33.49978666666667 16.11722666666667 -3.0000533333333337
vertex 33.49978666666667 15.94458666666667 -3.0000533333333337
endloop
endfacet
facet normal -1 0 0
outer loop
vertex 33.49978666666667 0 -2.6998400000000005
vertex 33.49978666666667 15.94458666666667 -3.0000533333333337
vertex 33.49978666666667 15.79274666666667 -3.0000533333333337
endloop
endfacet
facet normal -1 0 0
outer loop
vertex 33.49978666666667 0 -2.6998400000000005
vertex 33.49978666666667 15.79274666666667 -3.0000533333333337
vertex 33.49978666666667 15.668640000000003 -3.0000533333333337
endloop
endfacet
facet normal -1 0 0
outer loop
vertex 33.49978666666667 0 -2.6998400000000005
vertex 33.49978666666667 15.668640000000003 -3.0000533333333337
vertex 33.49978666666667 15.57642666666667 -3.0000533333333337
endloop
endfacet
facet normal -1 0 0
outer loop
vertex 33.49978666666667 0 -2.6998400000000005
vertex 33.49978666666667 15.57642666666667 -3.0000533333333337
vertex 33.49978666666667 15.518880000000003 -3.0000533333333337
endloop
endfacet
facet normal -1 0 0
outer loop
vertex 33.49978666666667 0 -2.6998400000000005
vertex 33.49978666666667 15.518880000000003 -3.0000533333333337
vertex 33.49978666666667 15.500160000000003 -3.0000533333333337
endloop
endfacet
facet normal -1 0 0
outer loop
vertex 33.49978666666667 0 -2.6998400000000005
vertex 33.49978666666667 15.500160000000003 -3.0000533333333337
vertex 33.49978666666667 12.50010666666667 -3.0000533333333337
endloop
endfacet
facet normal -1 0 0
outer loop
vertex 33.49978666666667 0 -2.6998400000000005
vertex 33.49978666666667 12.50010666666667 -3.0000533333333337
vertex 33.49978666666667 -12.50010666666667 -3.0000533333333337
endloop
endfacet
facet normal -1 0 0
outer loop
vertex 33.49978666666667 0 -2.6998400000000005
vertex 33.49978666666667 -12.50010666666667 -3.0000533333333337
vertex 33.49978666666667 -15.500160000000003 -3.0000533333333337
endloop
endfacet
facet normal -1 0 0
outer loop
vertex 33.49978666666667 0 -2.6998400000000005
vertex 33.49978666666667 -15.500160000000003 -3.0000533333333337
vertex 33.49978666666667 -15.518880000000003 -3.0000533333333337
endloop
endfacet
facet normal -1 0 0
outer loop
vertex 33.49978666666667 0 -2.6998400000000005
vertex 33.49978666666667 -15.518880000000003 -3.0000533333333337
vertex 33.49978666666667 -15.57642666666667 -3.0000533333333337
endloop
endfacet
facet normal -1 0 0
outer loop
vertex 33.49978666666667 0 -2.6998400000000005
vertex 33.49978666666667 -15.57642666666667 -3.0000533333333337
vertex 33.49978666666667 -15.668640000000003 -3.0000533333333337
endloop
endfacet
facet normal -1 0 0
outer loop
vertex 33.49978666666667 0 -2.6998400000000005
vertex 33.49978666666667 -15.668640000000003 -3.0000533333333337
vertex 33.49978666666667 -15.79274666666667 -3.0000533333333337
endloop
endfacet
facet normal -1 0 0
outer loop
vertex 33.49978666666667 0 -2.6998400000000005
vertex 33.49978666666667 -15.79274666666667 -3.0000533333333337
vertex 33.49978666666667 -15.94458666666667 -3.0000533333333337
endloop
endfacet
facet normal -1 0 0
outer loop
vertex 33.49978666666667 0 -2.6998400000000005
vertex 33.49978666666667 -15.94458666666667 -3.0000533333333337
vertex 33.49978666666667 -16.11722666666667 -3.0000533333333337
endloop
endfacet
facet normal -1 0 0
outer loop
vertex 33.49978666666667 0 -2.6998400000000005
vertex 33.49978666666667 -16.11722666666667 -3.0000533333333337
vertex 33.49978666666667 -16.305120000000002 -3.0000533333333337
endloop
endfacet
facet normal -1 0 0
outer loop
vertex 33.49978666666667 0 -2.6998400000000005
vertex 33.49978666666667 -16.305120000000002 -3.0000533333333337
vertex 33.49978666666667 -16.49994666666667 -3.0000533333333337
endloop
endfacet
facet normal -1 0 0
outer loop
vertex 33.49978666666667 0 -2.6998400000000005
vertex 33.49978666666667 -16.49994666666667 -3.0000533333333337
vertex 33.49978666666667 -16.694773333333337 -3.0000533333333337
endloop
endfacet
facet normal -0.9999999999999999 0 0
outer loop
vertex 33.49978666666667 0 -2.6998400000000005
vertex 33.49978666666667 -16.694773333333337 -3.0000533333333337
vertex 33.49978666666667 -16.88266666666667 -3.0000533333333337
endloop
endfacet
facet normal -1 0 0
outer loop
vertex 33.49978666666667 0 -2.6998400000000005
vertex 33.49978666666667 -16.88266666666667 -3.0000533333333337
vertex 33.49978666666667 -17.05530666666667 -3.0000533333333337
endloop
endfacet
facet normal -1 0 0
outer loop
vertex 33.49978666666667 0 -2.6998400000000005
vertex 33.49978666666667 -17.05530666666667 -3.0000533333333337
vertex 33.49978666666667 -17.20714666666667 -3.0000533333333337
endloop
endfacet
facet normal -1 0 0
outer loop
vertex 33.49978666666667 0 -2.6998400000000005
vertex 33.49978666666667 -17.20714666666667 -3.0000533333333337
vertex 33.49978666666667 -17.331253333333336 -3.0000533333333337
endloop
endfacet
facet normal -1 0 0
outer loop
vertex 33.49978666666667 0 -2.6998400000000005
vertex 33.49978666666667 -17.331253333333336 -3.0000533333333337
vertex 33.49978666666667 -17.424160000000004 -3.0000533333333337
endloop
endfacet
facet normal -1 0 0
outer loop
vertex 33.49978666666667 0 -2.6998400000000005
vertex 33.49978666666667 -17.424160000000004 -3.0000533333333337
vertex 33.49978666666667 -17.481013333333337 -3.0000533333333337
endloop
endfacet
facet normal -1 0 0
outer loop
vertex 33.49978666666667 0 -2.6998400000000005
vertex 33.49978666666667 -17.481013333333337 -3.0000533333333337
vertex 33.49978666666667 -17.499733333333335 -3.0000533333333337
endloop
endfacet
facet normal -1 0 0
outer loop
vertex 33.49978666666667 0 -2.6998400000000005
vertex 33.49978666666667 -17.499733333333335 -3.0000533333333337
vertex 33.49978666666667 -20.49978666666667 -3.0000533333333337
endloop
endfacet
facet normal -0.9999999999999999 0 0
outer loop
vertex 33.49978666666667 0 -2.6998400000000005
vertex 33.49978666666667 -20.49978666666667 -3.0000533333333337
vertex 33.49978666666667 -20.49978666666667 3.0000533333333337
endloop
endfacet
facet normal -1 0 0
outer loop
vertex 33.49978666666667 0 -2.6998400000000005
vertex 33.49978666666667 -20.49978666666667 3.0000533333333337
vertex 33.49978666666667 20.49978666666667 3.0000533333333337
endloop
endfacet
facet normal 0 -1 0
outer loop
vertex 33.49978666666667 20.49978666666667 5.000320000000001
vertex 33.49978666666667 20.49978666666667 3.0000533333333337
vertex 35.50005333333334 20.49978666666667 3.0000533333333337
endloop
endfacet
facet normal 0 -1 0
outer loop
vertex 33.49978666666667 20.49978666666667 5.000320000000001
vertex 35.50005333333334 20.49978666666667 3.0000533333333337
vertex 35.50005333333334 20.49978666666667 5.000320000000001
endloop
endfacet
facet normal 0 -1 0
outer loop
vertex -35.50005333333334 20.49978666666667 5.000320000000001
vertex -35.50005333333334 20.49978666666667 3.0000533333333337
vertex -33.49978666666667 20.49978666666667 3.0000533333333337
endloop
endfacet
facet normal 0 -1 0
outer loop
vertex -35.50005333333334 20.49978666666667 5.000320000000001
vertex -33.49978666666667 20.49978666666667 3.0000533333333337
vertex -33.49978666666667 20.49978666666667 5.000320000000001
endloop
endfacet
facet normal 0 -1 0
outer loop
vertex -33.49978666666667 20.49978666666667 3.0000533333333337
vertex -33.49978666666667 20.49978666666667 -3.0000533333333337
vertex 33.49978666666667 20.49978666666667 -3.0000533333333337
endloop
endfacet
facet normal 0 -1 0
outer loop
vertex -33.49978666666667 20.49978666666667 3.0000533333333337
vertex 33.49978666666667 20.49978666666667 -3.0000533333333337
vertex 33.49978666666667 20.49978666666667 3.0000533333333337
endloop
endfacet
facet normal 0.9950721896486069 0.0991531007479179 0
outer loop
vertex 31.98069333333334 16.694773333333337 -3.0000533333333337
vertex 31.98069333333334 16.694773333333337 3.0000533333333337
vertex 32.000106666666674 16.49994666666667 3.0000533333333337
endloop
endfacet
facet normal 0.9950721896486069 0.0991531007479179 0
outer loop
vertex 31.98069333333334 16.694773333333337 -3.0000533333333337
vertex 32.000106666666674 16.49994666666667 3.0000533333333337
vertex 32.000106666666674 16.49994666666667 -3.0000533333333337
endloop
endfacet
facet normal 0.9571431430669552 0.2896152683818831 0
outer loop
vertex 31.923840000000006 16.88266666666667 -3.0000533333333337
vertex 31.923840000000006 16.88266666666667 3.0000533333333337
vertex 31.98069333333334 16.694773333333337 3.0000533333333337
endloop
endfacet
facet normal 0.9571431430669552 0.2896152683818831 0
outer loop
vertex 31.923840000000006 16.88266666666667 -3.0000533333333337
vertex 31.98069333333334 16.694773333333337 3.0000533333333337
vertex 31.98069333333334 16.694773333333337 -3.0000533333333337
endloop
endfacet
facet normal 0.8820585898932789 0.4711397287381744 0
outer loop
vertex 31.831626666666672 17.05530666666667 -3.0000533333333337
vertex 31.831626666666672 17.05530666666667 3.0000533333333337
vertex 31.923840000000006 16.88266666666667 3.0000533333333337
endloop
endfacet
facet normal 0.8820585898932789 0.4711397287381744 0
outer loop
vertex 31.831626666666672 17.05530666666667 -3.0000533333333337
vertex 31.923840000000006 16.88266666666667 3.0000533333333337
vertex 31.923840000000006 16.88266666666667 -3.0000533333333337
endloop
endfacet
facet normal 0.7725408420731359 0.6349650756765525 0
outer loop
vertex 31.70682666666667 17.20714666666667 -3.0000533333333337
vertex 31.70682666666667 17.20714666666667 3.0000533333333337
vertex 31.831626666666672 17.05530666666667 3.0000533333333337
endloop
endfacet
facet normal 0.7725408420731359 0.6349650756765525 0
outer loop
vertex 31.70682666666667 17.20714666666667 -3.0000533333333337
vertex 31.831626666666672 17.05530666666667 3.0000533333333337
vertex 31.831626666666672 17.05530666666667 -3.0000533333333337
endloop
endfacet
facet normal 0.6345882075609288 0.7728504427278332 0
outer loop
vertex 31.555680000000006 17.331253333333336 -3.0000533333333337
vertex 31.555680000000006 17.331253333333336 3.0000533333333337
vertex 31.70682666666667 17.20714666666667 3.0000533333333337
endloop
endfacet
facet normal 0.6345882075609288 0.7728504427278332 0
outer loop
vertex 31.555680000000006 17.331253333333336 -3.0000533333333337
vertex 31.70682666666667 17.20714666666667 3.0000533333333337
vertex 31.70682666666667 17.20714666666667 -3.0000533333333337
endloop
endfacet
facet normal 0.47241706790665117 0.881375126691514 0
outer loop
vertex 31.38234666666667 17.424160000000004 -3.0000533333333337
vertex 31.38234666666667 17.424160000000004 3.0000533333333337
vertex 31.555680000000006 17.331253333333336 3.0000533333333337
endloop
endfacet
facet normal 0.47241706790665117 0.881375126691514 0
outer loop
vertex 31.38234666666667 17.424160000000004 -3.0000533333333337
vertex 31.555680000000006 17.331253333333336 3.0000533333333337
vertex 31.555680000000006 17.331253333333336 -3.0000533333333337
endloop
endfacet
facet normal 0.2905974886884457 0.9568453895839018 0
outer loop
vertex 31.195146666666673 17.481013333333337 -3.0000533333333337
vertex 31.195146666666673 17.481013333333337 3.0000533333333337
vertex 31.38234666666667 17.424160000000004 3.0000533333333337
endloop
endfacet
facet normal 0.2905974886884457 0.9568453895839018 0
outer loop
vertex 31.195146666666673 17.481013333333337 -3.0000533333333337
vertex 31.38234666666667 17.424160000000004 3.0000533333333337
vertex 31.38234666666667 17.424160000000004 -3.0000533333333337
endloop
endfacet
facet normal 0.0956449073378162 0.9954155171084791 0
outer loop
vertex 31.000320000000006 17.499733333333335 -3.0000533333333337
vertex 31.000320000000006 17.499733333333335 3.0000533333333337
vertex 31.195146666666673 17.481013333333337 3.0000533333333337
endloop
endfacet
facet normal 0.0956449073378162 0.9954155171084791 0
outer loop
vertex 31.000320000000006 17.499733333333335 -3.0000533333333337
vertex 31.195146666666673 17.481013333333337 3.0000533333333337
vertex 31.195146666666673 17.481013333333337 -3.0000533333333337
endloop
endfacet
facet normal -0.09530882734168926 0.9954477522355215 0
outer loop
vertex 30.804800000000004 17.481013333333337 -3.0000533333333337
vertex 30.804800000000004 17.481013333333337 3.0000533333333337
vertex 31.000320000000006 17.499733333333335 3.0000533333333337
endloop
endfacet
facet normal -0.09530882734168926 0.9954477522355215 0
outer loop
vertex 30.804800000000004 17.481013333333337 -3.0000533333333337
vertex 31.000320000000006 17.499733333333335 3.0000533333333337
vertex 31.000320000000006 17.499733333333335 -3.0000533333333337
endloop
endfacet
facet normal -0.2905974886884457 0.9568453895839018 0
outer loop
vertex 30.617600000000007 17.424160000000004 -3.0000533333333337
vertex 30.617600000000007 17.424160000000004 3.0000533333333337
vertex 30.804800000000004 17.481013333333337 3.0000533333333337
endloop
endfacet
facet normal -0.2905974886884457 0.9568453895839018 0
outer loop
vertex 30.617600000000007 17.424160000000004 -3.0000533333333337
vertex 30.804800000000004 17.481013333333337 3.0000533333333337
vertex 30.804800000000004 17.481013333333337 -3.0000533333333337
endloop
endfacet
facet normal -0.47241706790665117 0.881375126691514 0
outer loop
vertex 30.44426666666667 17.331253333333336 -3.0000533333333337
vertex 30.44426666666667 17.331253333333336 3.0000533333333337
vertex 30.617600000000007 17.424160000000004 3.0000533333333337
endloop
endfacet
facet normal -0.47241706790665117 0.881375126691514 0
outer loop
vertex 30.44426666666667 17.331253333333336 -3.0000533333333337
vertex 30.617600000000007 17.424160000000004 3.0000533333333337
vertex 30.617600000000007 17.424160000000004 -3.0000533333333337
endloop
endfacet
facet normal -0.6345882075609288 0.7728504427278332 0
outer loop
vertex 30.293120000000005 17.20714666666667 -3.0000533333333337
vertex 30.293120000000005 17.20714666666667 3.0000533333333337
vertex 30.44426666666667 17.331253333333336 3.0000533333333337
endloop
endfacet
facet normal -0.6345882075609288 0.7728504427278332 0
outer loop
vertex 30.293120000000005 17.20714666666667 -3.0000533333333337
vertex 30.44426666666667 17.331253333333336 3.0000533333333337
vertex 30.44426666666667 17.331253333333336 -3.0000533333333337
endloop
endfacet
facet normal -0.7725408420731359 0.6349650756765525 0
outer loop
vertex 30.168320000000005 17.05530666666667 -3.0000533333333337
vertex 30.168320000000005 17.05530666666667 3.0000533333333337
vertex 30.293120000000005 17.20714666666667 3.0000533333333337
endloop
endfacet
facet normal -0.7725408420731359 0.6349650756765525 0
outer loop
vertex 30.168320000000005 17.05530666666667 -3.0000533333333337
vertex 30.293120000000005 17.20714666666667 3.0000533333333337
vertex 30.293120000000005 17.20714666666667 -3.0000533333333337
endloop
endfacet
facet normal -0.8820585898932789 0.4711397287381744 0
outer loop
vertex 30.07610666666667 16.88266666666667 -3.0000533333333337
vertex 30.07610666666667 16.88266666666667 3.0000533333333337
vertex 30.168320000000005 17.05530666666667 3.0000533333333337
endloop
endfacet
facet normal -0.8820585898932789 0.4711397287381744 0
outer loop
vertex 30.07610666666667 16.88266666666667 -3.0000533333333337
vertex 30.168320000000005 17.05530666666667 3.0000533333333337
vertex 30.168320000000005 17.05530666666667 -3.0000533333333337
endloop
endfacet
facet normal -0.9571431430669552 0.2896152683818831 0
outer loop
vertex 30.01925333333334 16.694773333333337 -3.0000533333333337
vertex 30.01925333333334 16.694773333333337 3.0000533333333337
vertex 30.07610666666667 16.88266666666667 3.0000533333333337
endloop
endfacet
facet normal -0.9571431430669552 0.2896152683818831 0
outer loop
vertex 30.01925333333334 16.694773333333337 -3.0000533333333337
vertex 30.07610666666667 16.88266666666667 3.0000533333333337
vertex 30.07610666666667 16.88266666666667 -3.0000533333333337
endloop
endfacet
facet normal -0.9950721896486087 0.09915310074789993 0
outer loop
vertex 29.999840000000006 16.49994666666667 -3.0000533333333337
vertex 29.999840000000006 16.49994666666667 3.0000533333333337
vertex 30.01925333333334 16.694773333333337 3.0000533333333337
endloop
endfacet
facet normal -0.9950721896486087 0.09915310074789993 0
outer loop
vertex 29.999840000000006 16.49994666666667 -3.0000533333333337
vertex 30.01925333333334 16.694773333333337 3.0000533333333337
vertex 30.01925333333334 16.694773333333337 -3.0000533333333337
endloop
endfacet
facet normal -0.9950721896486087 -0.09915310074789993 0
outer loop
vertex 30.01925333333334 16.305120000000002 -3.0000533333333337
vertex 30.01925333333334 16.305120000000002 3.0000533333333337
vertex 29.999840000000006 16.49994666666667 3.0000533333333337
endloop
endfacet
facet normal -0.9950721896486087 -0.09915310074789993 0
outer loop
vertex 30.01925333333334 16.305120000000002 -3.0000533333333337
vertex 29.999840000000006 16.49994666666667 3.0000533333333337
vertex 29.999840000000006 16.49994666666667 -3.0000533333333337
endloop
endfacet
facet normal -0.9571431430669552 -0.2896152683818831 0
outer loop
vertex 30.07610666666667 16.11722666666667 -3.0000533333333337
vertex 30.07610666666667 16.11722666666667 3.0000533333333337
vertex 30.01925333333334 16.305120000000002 3.0000533333333337
endloop
endfacet
facet normal -0.9571431430669552 -0.2896152683818831 0
outer loop
vertex 30.07610666666667 16.11722666666667 -3.0000533333333337
vertex 30.01925333333334 16.305120000000002 3.0000533333333337
vertex 30.01925333333334 16.305120000000002 -3.0000533333333337
endloop
endfacet
facet normal -0.8820585898932789 -0.4711397287381744 0
outer loop
vertex 30.168320000000005 15.94458666666667 -3.0000533333333337
vertex 30.168320000000005 15.94458666666667 3.0000533333333337
vertex 30.07610666666667 16.11722666666667 3.0000533333333337
endloop
endfacet
facet normal -0.8820585898932789 -0.4711397287381744 0
outer loop
vertex 30.168320000000005 15.94458666666667 -3.0000533333333337
vertex 30.07610666666667 16.11722666666667 3.0000533333333337
vertex 30.07610666666667 16.11722666666667 -3.0000533333333337
endloop
endfacet
facet normal -0.7725408420731359 -0.6349650756765525 0
outer loop
vertex 30.293120000000005 15.79274666666667 -3.0000533333333337
vertex 30.293120000000005 15.79274666666667 3.0000533333333337
vertex 30.168320000000005 15.94458666666667 3.0000533333333337
endloop
endfacet
facet normal -0.7725408420731359 -0.6349650756765525 0
outer loop
vertex 30.293120000000005 15.79274666666667 -3.0000533333333337
vertex 30.168320000000005 15.94458666666667 3.0000533333333337
vertex 30.168320000000005 15.94458666666667 -3.0000533333333337
endloop
endfacet
facet normal -0.6345882075609288 -0.7728504427278332 0
outer loop
vertex 30.44426666666667 15.668640000000003 -3.0000533333333337
vertex 30.44426666666667 15.668640000000003 3.0000533333333337
vertex 30.293120000000005 15.79274666666667 3.0000533333333337
endloop
endfacet
facet normal -0.6345882075609288 -0.7728504427278332 0
outer loop
vertex 30.44426666666667 15.668640000000003 -3.0000533333333337
vertex 30.293120000000005 15.79274666666667 3.0000533333333337
vertex 30.293120000000005 15.79274666666667 -3.0000533333333337
endloop
endfacet
facet normal -0.4696715372775979 -0.8828412354842166 0
outer loop
vertex 30.617600000000007 15.57642666666667 -3.0000533333333337
vertex 30.617600000000007 15.57642666666667 3.0000533333333337
vertex 30.44426666666667 15.668640000000003 3.0000533333333337
endloop
endfacet
facet normal -0.4696715372775979 -0.8828412354842166 0
outer loop
vertex 30.617600000000007 15.57642666666667 -3.0000533333333337
vertex 30.44426666666667 15.668640000000003 3.0000533333333337
vertex 30.44426666666667 15.668640000000003 -3.0000533333333337
endloop
endfacet
facet normal -0.29383706766916906 -0.9558555213334201 0
outer loop
vertex 30.804800000000004 15.518880000000003 -3.0000533333333337
vertex 30.804800000000004 15.518880000000003 3.0000533333333337
vertex 30.617600000000007 15.57642666666667 3.0000533333333337
endloop
endfacet
facet normal -0.29383706766916906 -0.9558555213334201 0
outer loop
vertex 30.804800000000004 15.518880000000003 -3.0000533333333337
vertex 30.617600000000007 15.57642666666667 3.0000533333333337
vertex 30.617600000000007 15.57642666666667 -3.0000533333333337
endloop
endfacet
facet normal -0.09530882734169821 -0.9954477522355206 0
outer loop
vertex 31.000320000000006 15.500160000000003 -3.0000533333333337
vertex 31.000320000000006 15.500160000000003 3.0000533333333337
vertex 30.804800000000004 15.518880000000003 3.0000533333333337
endloop
endfacet
facet normal -0.09530882734169821 -0.9954477522355206 0
outer loop
vertex 31.000320000000006 15.500160000000003 -3.0000533333333337
vertex 30.804800000000004 15.518880000000003 3.0000533333333337
vertex 30.804800000000004 15.518880000000003 -3.0000533333333337
endloop
endfacet
facet normal 0.09564490733782519 -0.995415517108478 0
outer loop
vertex 31.195146666666673 15.518880000000003 -3.0000533333333337
vertex 31.195146666666673 15.518880000000003 3.0000533333333337
vertex 31.000320000000006 15.500160000000003 3.0000533333333337
endloop
endfacet
facet normal 0.09564490733782519 -0.995415517108478 0
outer loop
vertex 31.195146666666673 15.518880000000003 -3.0000533333333337
vertex 31.000320000000006 15.500160000000003 3.0000533333333337
vertex 31.000320000000006 15.500160000000003 -3.0000533333333337
endloop
endfacet
facet normal 0.29383706766916906 -0.9558555213334201 0
outer loop
vertex 31.38234666666667 15.57642666666667 -3.0000533333333337
vertex 31.38234666666667 15.57642666666667 3.0000533333333337
vertex 31.195146666666673 15.518880000000003 3.0000533333333337
endloop
endfacet
facet normal 0.29383706766916906 -0.9558555213334201 0
outer loop
vertex 31.38234666666667 15.57642666666667 -3.0000533333333337
vertex 31.195146666666673 15.518880000000003 3.0000533333333337
vertex 31.195146666666673 15.518880000000003 -3.0000533333333337
endloop
endfacet
facet normal 0.4696715372775979 -0.8828412354842166 0
outer loop
vertex 31.555680000000006 15.668640000000003 -3.0000533333333337
vertex 31.555680000000006 15.668640000000003 3.0000533333333337
vertex 31.38234666666667 15.57642666666667 3.0000533333333337
endloop
endfacet
facet normal 0.4696715372775979 -0.8828412354842166 0
outer loop
vertex 31.555680000000006 15.668640000000003 -3.0000533333333337
vertex 31.38234666666667 15.57642666666667 3.0000533333333337
vertex 31.38234666666667 15.57642666666667 -3.0000533333333337
endloop
endfacet
facet normal 0.6345882075609288 -0.7728504427278332 0
outer loop
vertex 31.70682666666667 15.79274666666667 -3.0000533333333337
vertex 31.70682666666667 15.79274666666667 3.0000533333333337
vertex 31.555680000000006 15.668640000000003 3.0000533333333337
endloop
endfacet
facet normal 0.6345882075609288 -0.7728504427278332 0
outer loop
vertex 31.70682666666667 15.79274666666667 -3.0000533333333337
vertex 31.555680000000006 15.668640000000003 3.0000533333333337
vertex 31.555680000000006 15.668640000000003 -3.0000533333333337
endloop
endfacet
facet normal 0.7725408420731359 -0.6349650756765525 0
outer loop
vertex 31.831626666666672 15.94458666666667 -3.0000533333333337
vertex 31.831626666666672 15.94458666666667 3.0000533333333337
vertex 31.70682666666667 15.79274666666667 3.0000533333333337
endloop
endfacet
facet normal 0.7725408420731359 -0.6349650756765525 0
outer loop
vertex 31.831626666666672 15.94458666666667 -3.0000533333333337
vertex 31.70682666666667 15.79274666666667 3.0000533333333337
vertex 31.70682666666667 15.79274666666667 -3.0000533333333337
endloop
endfacet
facet normal 0.8820585898932789 -0.4711397287381744 0
outer loop
vertex 31.923840000000006 16.11722666666667 -3.0000533333333337
vertex 31.923840000000006 16.11722666666667 3.0000533333333337
vertex 31.831626666666672 15.94458666666667 3.0000533333333337
endloop
endfacet
facet normal 0.8820585898932789 -0.4711397287381744 0
outer loop
vertex 31.923840000000006 16.11722666666667 -3.0000533333333337
vertex 31.831626666666672 15.94458666666667 3.0000533333333337
vertex 31.831626666666672 15.94458666666667 -3.0000533333333337
endloop
endfacet
facet normal 0.9571431430669552 -0.2896152683818831 0
outer loop
vertex 31.98069333333334 16.305120000000002 -3.0000533333333337
vertex 31.98069333333334 16.305120000000002 3.0000533333333337
vertex 31.923840000000006 16.11722666666667 3.0000533333333337
endloop
endfacet
facet normal 0.9571431430669552 -0.2896152683818831 0
outer loop
vertex 31.98069333333334 16.305120000000002 -3.0000533333333337
vertex 31.923840000000006 16.11722666666667 3.0000533333333337
vertex 31.923840000000006 16.11722666666667 -3.0000533333333337
endloop
endfacet
facet normal 0.9950721896486069 -0.0991531007479179 0
outer loop
vertex 32.000106666666674 16.49994666666667 -3.0000533333333337
vertex 32.000106666666674 16.49994666666667 3.0000533333333337
vertex 31.98069333333334 16.305120000000002 3.0000533333333337
endloop
endfacet
facet normal 0.9950721896486069 -0.0991531007479179 0
outer loop
vertex 32.000106666666674 16.49994666666667 -3.0000533333333337
vertex 31.98069333333334 16.305120000000002 3.0000533333333337
vertex 31.98069333333334 16.305120000000002 -3.0000533333333337
endloop
endfacet
facet normal 0.9950721896486087 0.09915310074789993 0
outer loop
vertex -30.01925333333334 16.694773333333337 -3.0000533333333337
vertex -30.01925333333334 16.694773333333337 3.0000533333333337
vertex -29.999840000000006 16.49994666666667 3.0000533333333337
endloop
endfacet
facet normal 0.9950721896486087 0.09915310074789993 0
outer loop
vertex -30.01925333333334 16.694773333333337 -3.0000533333333337
vertex -29.999840000000006 16.49994666666667 3.0000533333333337
vertex -29.999840000000006 16.49994666666667 -3.0000533333333337
endloop
endfacet
facet normal 0.9571431430669552 0.2896152683818831 0
outer loop
vertex -30.07610666666667 16.88266666666667 -3.0000533333333337
vertex -30.07610666666667 16.88266666666667 3.0000533333333337
vertex -30.01925333333334 16.694773333333337 3.0000533333333337
endloop
endfacet
facet normal 0.9571431430669552 0.2896152683818831 0
outer loop
vertex -30.07610666666667 16.88266666666667 -3.0000533333333337
vertex -30.01925333333334 16.694773333333337 3.0000533333333337
vertex -30.01925333333334 16.694773333333337 -3.0000533333333337
endloop
endfacet
facet normal 0.8820585898932789 0.4711397287381744 0
outer loop
vertex -30.168320000000005 17.05530666666667 -3.0000533333333337
vertex -30.168320000000005 17.05530666666667 3.0000533333333337
vertex -30.07610666666667 16.88266666666667 3.0000533333333337
endloop
endfacet
facet normal 0.8820585898932789 0.4711397287381744 0
outer loop
vertex -30.168320000000005 17.05530666666667 -3.0000533333333337
vertex -30.07610666666667 16.88266666666667 3.0000533333333337
vertex -30.07610666666667 16.88266666666667 -3.0000533333333337
endloop
endfacet
facet normal 0.7725408420731359 0.6349650756765525 0
outer loop
vertex -30.293120000000005 17.20714666666667 -3.0000533333333337
vertex -30.293120000000005 17.20714666666667 3.0000533333333337
vertex -30.168320000000005 17.05530666666667 3.0000533333333337
endloop
endfacet
facet normal 0.7725408420731359 0.6349650756765525 0
outer loop
vertex -30.293120000000005 17.20714666666667 -3.0000533333333337
vertex -30.168320000000005 17.05530666666667 3.0000533333333337
vertex -30.168320000000005 17.05530666666667 -3.0000533333333337
endloop
endfacet
facet normal 0.6345882075609288 0.7728504427278332 0
outer loop
vertex -30.44426666666667 17.331253333333336 -3.0000533333333337
vertex -30.44426666666667 17.331253333333336 3.0000533333333337
vertex -30.293120000000005 17.20714666666667 3.0000533333333337
endloop
endfacet
facet normal 0.6345882075609288 0.7728504427278332 0
outer loop
vertex -30.44426666666667 17.331253333333336 -3.0000533333333337
vertex -30.293120000000005 17.20714666666667 3.0000533333333337
vertex -30.293120000000005 17.20714666666667 -3.0000533333333337
endloop
endfacet
facet normal 0.47241706790665117 0.881375126691514 0
outer loop
vertex -30.617600000000007 17.424160000000004 -3.0000533333333337
vertex -30.617600000000007 17.424160000000004 3.0000533333333337
vertex -30.44426666666667 17.331253333333336 3.0000533333333337
endloop
endfacet
facet normal 0.47241706790665117 0.881375126691514 0
outer loop
vertex -30.617600000000007 17.424160000000004 -3.0000533333333337
vertex -30.44426666666667 17.331253333333336 3.0000533333333337
vertex -30.44426666666667 17.331253333333336 -3.0000533333333337
endloop
endfacet
facet normal 0.2905974886884457 0.9568453895839018 0
outer loop
vertex -30.804800000000004 17.481013333333337 -3.0000533333333337
vertex -30.804800000000004 17.481013333333337 3.0000533333333337
vertex -30.617600000000007 17.424160000000004 3.0000533333333337
endloop
endfacet
facet normal 0.2905974886884457 0.9568453895839018 0
outer loop
vertex -30.804800000000004 17.481013333333337 -3.0000533333333337
vertex -30.617600000000007 17.424160000000004 3.0000533333333337
vertex -30.617600000000007 17.424160000000004 -3.0000533333333337
endloop
endfacet
facet normal 0.09530882734168926 0.9954477522355215 0
outer loop
vertex -31.000320000000006 17.499733333333335 -3.0000533333333337
vertex -31.000320000000006 17.499733333333335 3.0000533333333337
vertex -30.804800000000004 17.481013333333337 3.0000533333333337
endloop
endfacet
facet normal 0.09530882734168926 0.9954477522355215 0
outer loop
vertex -31.000320000000006 17.499733333333335 -3.0000533333333337
vertex -30.804800000000004 17.481013333333337 3.0000533333333337
vertex -30.804800000000004 17.481013333333337 -3.0000533333333337
endloop
endfacet
facet normal -0.0956449073378162 0.9954155171084791 0
outer loop
vertex -31.195146666666673 17.481013333333337 -3.0000533333333337
vertex -31.195146666666673 17.481013333333337 3.0000533333333337
vertex -31.000320000000006 17.499733333333335 3.0000533333333337
endloop
endfacet
facet normal -0.0956449073378162 0.9954155171084791 0
outer loop
vertex -31.195146666666673 17.481013333333337 -3.0000533333333337
vertex -31.000320000000006 17.499733333333335 3.0000533333333337
vertex -31.000320000000006 17.499733333333335 -3.0000533333333337
endloop
endfacet
facet normal -0.2905974886884457 0.9568453895839018 0
outer loop
vertex -31.38234666666667 17.424160000000004 -3.0000533333333337
vertex -31.38234666666667 17.424160000000004 3.0000533333333337
vertex -31.195146666666673 17.481013333333337 3.0000533333333337
endloop
endfacet
facet normal -0.2905974886884457 0.9568453895839018 0
outer loop
vertex -31.38234666666667 17.424160000000004 -3.0000533333333337
vertex -31.195146666666673 17.481013333333337 3.0000533333333337
vertex -31.195146666666673 17.481013333333337 -3.0000533333333337
endloop
endfacet
facet normal -0.47241706790665117 0.881375126691514 0
outer loop
vertex -31.555680000000006 17.331253333333336 -3.0000533333333337
vertex -31.555680000000006 17.331253333333336 3.0000533333333337
vertex -31.38234666666667 17.424160000000004 3.0000533333333337
endloop
endfacet
facet normal -0.47241706790665117 0.881375126691514 0
outer loop
vertex -31.555680000000006 17.331253333333336 -3.0000533333333337
vertex -31.38234666666667 17.424160000000004 3.0000533333333337
vertex -31.38234666666667 17.424160000000004 -3.0000533333333337
endloop
endfacet
facet normal -0.6345882075609288 0.7728504427278332 0
outer loop
vertex -31.70682666666667 17.20714666666667 -3.0000533333333337
vertex -31.70682666666667 17.20714666666667 3.0000533333333337
vertex -31.555680000000006 17.331253333333336 3.0000533333333337
endloop
endfacet
facet normal -0.6345882075609288 0.7728504427278332 0
outer loop
vertex -31.70682666666667 17.20714666666667 -3.0000533333333337
vertex -31.555680000000006 17.331253333333336 3.0000533333333337
vertex -31.555680000000006 17.331253333333336 -3.0000533333333337
endloop
endfacet
facet normal -0.7725408420731359 0.6349650756765525 0
outer loop
vertex -31.831626666666672 17.05530666666667 -3.0000533333333337
vertex -31.831626666666672 17.05530666666667 3.0000533333333337
vertex -31.70682666666667 17.20714666666667 3.0000533333333337
endloop
endfacet
facet normal -0.7725408420731359 0.6349650756765525 0
outer loop
vertex -31.831626666666672 17.05530666666667 -3.0000533333333337
vertex -31.70682666666667 17.20714666666667 3.0000533333333337
vertex -31.70682666666667 17.20714666666667 -3.0000533333333337
endloop
endfacet
facet normal -0.8820585898932789 0.4711397287381744 0
outer loop
vertex -31.923840000000006 16.88266666666667 -3.0000533333333337
vertex -31.923840000000006 16.88266666666667 3.0000533333333337
vertex -31.831626666666672 17.05530666666667 3.0000533333333337
endloop
endfacet
facet normal -0.8820585898932789 0.4711397287381744 0
outer loop
vertex -31.923840000000006 16.88266666666667 -3.0000533333333337
vertex -31.831626666666672 17.05530666666667 3.0000533333333337
vertex -31.831626666666672 17.05530666666667 -3.0000533333333337
endloop
endfacet
facet normal -0.9571431430669552 0.2896152683818831 0
outer loop
vertex -31.98069333333334 16.694773333333337 -3.0000533333333337
vertex -31.98069333333334 16.694773333333337 3.0000533333333337
vertex -31.923840000000006 16.88266666666667 3.0000533333333337
endloop
endfacet
facet normal -0.9571431430669552 0.2896152683818831 0
outer loop
vertex -31.98069333333334 16.694773333333337 -3.0000533333333337
vertex -31.923840000000006 16.88266666666667 3.0000533333333337
vertex -31.923840000000006 16.88266666666667 -3.0000533333333337
endloop
endfacet
facet normal -0.9950721896486069 0.0991531007479179 0
outer loop
vertex -32.000106666666674 16.49994666666667 -3.0000533333333337
vertex -32.000106666666674 16.49994666666667 3.0000533333333337
vertex -31.98069333333334 16.694773333333337 3.0000533333333337
endloop
endfacet
facet normal -0.9950721896486069 0.0991531007479179 0
outer loop
vertex -32.000106666666674 16.49994666666667 -3.0000533333333337
vertex -31.98069333333334 16.694773333333337 3.0000533333333337
vertex -31.98069333333334 16.694773333333337 -3.0000533333333337
endloop
endfacet
facet normal -0.9950721896486069 -0.0991531007479179 0
outer loop
vertex -31.98069333333334 16.305120000000002 -3.0000533333333337
vertex -31.98069333333334 16.305120000000002 3.0000533333333337
vertex -32.000106666666674 16.49994666666667 3.0000533333333337
endloop
endfacet
facet normal -0.9950721896486069 -0.0991531007479179 0
outer loop
vertex -31.98069333333334 16.305120000000002 -3.0000533333333337
vertex -32.000106666666674 16.49994666666667 3.0000533333333337
vertex -32.000106666666674 16.49994666666667 -3.0000533333333337
endloop
endfacet
facet normal -0.9571431430669552 -0.2896152683818831 0
outer loop
vertex -31.923840000000006 16.11722666666667 -3.0000533333333337
vertex -31.923840000000006 16.11722666666667 3.0000533333333337
vertex -31.98069333333334 16.305120000000002 3.0000533333333337
endloop
endfacet
facet normal -0.9571431430669552 -0.2896152683818831 0
outer loop
vertex -31.923840000000006 16.11722666666667 -3.0000533333333337
vertex -31.98069333333334 16.305120000000002 3.0000533333333337
vertex -31.98069333333334 16.305120000000002 -3.0000533333333337
endloop
endfacet
facet normal -0.8820585898932789 -0.4711397287381744 0
outer loop
vertex -31.831626666666672 15.94458666666667 -3.0000533333333337
vertex -31.831626666666672 15.94458666666667 3.0000533333333337
vertex -31.923840000000006 16.11722666666667 3.0000533333333337
endloop
endfacet
facet normal -0.8820585898932789 -0.4711397287381744 0
outer loop
vertex -31.831626666666672 15.94458666666667 -3.0000533333333337
vertex -31.923840000000006 16.11722666666667 3.0000533333333337
vertex -31.923840000000006 16.11722666666667 -3.0000533333333337
endloop
endfacet
facet normal -0.7725408420731359 -0.6349650756765525 0
outer loop
vertex -31.70682666666667 15.79274666666667 -3.0000533333333337
vertex -31.70682666666667 15.79274666666667 3.0000533333333337
vertex -31.831626666666672 15.94458666666667 3.0000533333333337
endloop
endfacet
facet normal -0.7725408420731359 -0.6349650756765525 0
outer loop
vertex -31.70682666666667 15.79274666666667 -3.0000533333333337
vertex -31.831626666666672 15.94458666666667 3.0000533333333337
vertex -31.831626666666672 15.94458666666667 -3.0000533333333337
endloop
endfacet
facet normal -0.6345882075609288 -0.7728504427278332 0
outer loop
vertex -31.555680000000006 15.668640000000003 -3.0000533333333337
vertex -31.555680000000006 15.668640000000003 3.0000533333333337
vertex -31.70682666666667 15.79274666666667 3.0000533333333337
endloop
endfacet
facet normal -0.6345882075609288 -0.7728504427278332 0
outer loop
vertex -31.555680000000006 15.668640000000003 -3.0000533333333337
vertex -31.70682666666667 15.79274666666667 3.0000533333333337
vertex -31.70682666666667 15.79274666666667 -3.0000533333333337
endloop
endfacet
facet normal -0.4696715372775979 -0.8828412354842166 0
outer loop
vertex -31.38234666666667 15.57642666666667 -3.0000533333333337
vertex -31.38234666666667 15.57642666666667 3.0000533333333337
vertex -31.555680000000006 15.668640000000003 3.0000533333333337
endloop
endfacet
facet normal -0.4696715372775979 -0.8828412354842166 0
outer loop
vertex -31.38234666666667 15.57642666666667 -3.0000533333333337
vertex -31.555680000000006 15.668640000000003 3.0000533333333337
vertex -31.555680000000006 15.668640000000003 -3.0000533333333337
endloop
endfacet
facet normal -0.29383706766916906 -0.9558555213334201 0
outer loop
vertex -31.195146666666673 15.518880000000003 -3.0000533333333337
vertex -31.195146666666673 15.518880000000003 3.0000533333333337
vertex -31.38234666666667 15.57642666666667 3.0000533333333337
endloop
endfacet
facet normal -0.29383706766916906 -0.9558555213334201 0
outer loop
vertex -31.195146666666673 15.518880000000003 -3.0000533333333337
vertex -31.38234666666667 15.57642666666667 3.0000533333333337
vertex -31.38234666666667 15.57642666666667 -3.0000533333333337
endloop
endfacet
facet normal -0.09564490733782519 -0.995415517108478 0
outer loop
vertex -31.000320000000006 15.500160000000003 -3.0000533333333337
vertex -31.000320000000006 15.500160000000003 3.0000533333333337
vertex -31.195146666666673 15.518880000000003 3.0000533333333337
endloop
endfacet
facet normal -0.09564490733782519 -0.995415517108478 0
outer loop
vertex -31.000320000000006 15.500160000000003 -3.0000533333333337
vertex -31.195146666666673 15.518880000000003 3.0000533333333337
vertex -31.195146666666673 15.518880000000003 -3.0000533333333337
endloop
endfacet
facet normal 0.09530882734169821 -0.9954477522355206 0
outer loop
vertex -30.804800000000004 15.518880000000003 -3.0000533333333337
vertex -30.804800000000004 15.518880000000003 3.0000533333333337
vertex -31.000320000000006 15.500160000000003 3.0000533333333337
endloop
endfacet
facet normal 0.09530882734169821 -0.9954477522355206 0
outer loop
vertex -30.804800000000004 15.518880000000003 -3.0000533333333337
vertex -31.000320000000006 15.500160000000003 3.0000533333333337
vertex -31.000320000000006 15.500160000000003 -3.0000533333333337
endloop
endfacet
facet normal 0.29383706766916906 -0.9558555213334201 0
outer loop
vertex -30.617600000000007 15.57642666666667 -3.0000533333333337
vertex -30.617600000000007 15.57642666666667 3.0000533333333337
vertex -30.804800000000004 15.518880000000003 3.0000533333333337
endloop
endfacet
facet normal 0.29383706766916906 -0.9558555213334201 0
outer loop
vertex -30.617600000000007 15.57642666666667 -3.0000533333333337
vertex -30.804800000000004 15.518880000000003 3.0000533333333337
vertex -30.804800000000004 15.518880000000003 -3.0000533333333337
endloop
endfacet
facet normal 0.4696715372775979 -0.8828412354842166 0
outer loop
vertex -30.44426666666667 15.668640000000003 -3.0000533333333337
vertex -30.44426666666667 15.668640000000003 3.0000533333333337
vertex -30.617600000000007 15.57642666666667 3.0000533333333337
endloop
endfacet
facet normal 0.4696715372775979 -0.8828412354842166 0
outer loop
vertex -30.44426666666667 15.668640000000003 -3.0000533333333337
vertex -30.617600000000007 15.57642666666667 3.0000533333333337
vertex -30.617600000000007 15.57642666666667 -3.0000533333333337
endloop
endfacet
facet normal 0.6345882075609288 -0.7728504427278332 0
outer loop
vertex -30.293120000000005 15.79274666666667 -3.0000533333333337
vertex -30.293120000000005 15.79274666666667 3.0000533333333337
vertex -30.44426666666667 15.668640000000003 3.0000533333333337
endloop
endfacet
facet normal 0.6345882075609288 -0.7728504427278332 0
outer loop
vertex -30.293120000000005 15.79274666666667 -3.0000533333333337
vertex -30.44426666666667 15.668640000000003 3.0000533333333337
vertex -30.44426666666667 15.668640000000003 -3.0000533333333337
endloop
endfacet
facet normal 0.7725408420731359 -0.6349650756765525 0
outer loop
vertex -30.168320000000005 15.94458666666667 -3.0000533333333337
vertex -30.168320000000005 15.94458666666667 3.0000533333333337
vertex -30.293120000000005 15.79274666666667 3.0000533333333337
endloop
endfacet
facet normal 0.7725408420731359 -0.6349650756765525 0
outer loop
vertex -30.168320000000005 15.94458666666667 -3.0000533333333337
vertex -30.293120000000005 15.79274666666667 3.0000533333333337
vertex -30.293120000000005 15.79274666666667 -3.0000533333333337
endloop
endfacet
facet normal 0.8820585898932789 -0.4711397287381744 0
outer loop
vertex -30.07610666666667 16.11722666666667 -3.0000533333333337
vertex -30.07610666666667 16.11722666666667 3.0000533333333337
vertex -30.168320000000005 15.94458666666667 3.0000533333333337
endloop
endfacet
facet normal 0.8820585898932789 -0.4711397287381744 0
outer loop
vertex -30.07610666666667 16.11722666666667 -3.0000533333333337
vertex -30.168320000000005 15.94458666666667 3.0000533333333337
vertex -30.168320000000005 15.94458666666667 -3.0000533333333337
endloop
endfacet
facet normal 0.9571431430669552 -0.2896152683818831 0
outer loop
vertex -30.01925333333334 16.305120000000002 -3.0000533333333337
vertex -30.01925333333334 16.305120000000002 3.0000533333333337
vertex -30.07610666666667 16.11722666666667 3.0000533333333337
endloop
endfacet
facet normal 0.9571431430669552 -0.2896152683818831 0
outer loop
vertex -30.01925333333334 16.305120000000002 -3.0000533333333337
vertex -30.07610666666667 16.11722666666667 3.0000533333333337
vertex -30.07610666666667 16.11722666666667 -3.0000533333333337
endloop
endfacet
facet normal 0.9950721896486087 -0.09915310074789993 0
outer loop
vertex -29.999840000000006 16.49994666666667 -3.0000533333333337
vertex -29.999840000000006 16.49994666666667 3.0000533333333337
vertex -30.01925333333334 16.305120000000002 3.0000533333333337
endloop
endfacet
facet normal 0.9950721896486087 -0.09915310074789993 0
outer loop
vertex -29.999840000000006 16.49994666666667 -3.0000533333333337
vertex -30.01925333333334 16.305120000000002 3.0000533333333337
vertex -30.01925333333334 16.305120000000002 -3.0000533333333337
endloop
endfacet
facet normal 0.9950721896486069 0.0991531007479179 0
outer loop
vertex 31.98069333333334 -16.305120000000002 -3.0000533333333337
vertex 31.98069333333334 -16.305120000000002 3.0000533333333337
vertex 32.000106666666674 -16.49994666666667 3.0000533333333337
endloop
endfacet
facet normal 0.9950721896486069 0.0991531007479179 0
outer loop
vertex 31.98069333333334 -16.305120000000002 -3.0000533333333337
vertex 32.000106666666674 -16.49994666666667 3.0000533333333337
vertex 32.000106666666674 -16.49994666666667 -3.0000533333333337
endloop
endfacet
facet normal 0.9571431430669552 0.2896152683818831 0
outer loop
vertex 31.923840000000006 -16.11722666666667 -3.0000533333333337
vertex 31.923840000000006 -16.11722666666667 3.0000533333333337
vertex 31.98069333333334 -16.305120000000002 3.0000533333333337
endloop
endfacet
facet normal 0.9571431430669552 0.2896152683818831 0
outer loop
vertex 31.923840000000006 -16.11722666666667 -3.0000533333333337
vertex 31.98069333333334 -16.305120000000002 3.0000533333333337
vertex 31.98069333333334 -16.305120000000002 -3.0000533333333337
endloop
endfacet
facet normal 0.8820585898932789 0.4711397287381744 0
outer loop
vertex 31.831626666666672 -15.94458666666667 -3.0000533333333337
vertex 31.831626666666672 -15.94458666666667 3.0000533333333337
vertex 31.923840000000006 -16.11722666666667 3.0000533333333337
endloop
endfacet
facet normal 0.8820585898932789 0.4711397287381744 0
outer loop
vertex 31.831626666666672 -15.94458666666667 -3.0000533333333337
vertex 31.923840000000006 -16.11722666666667 3.0000533333333337
vertex 31.923840000000006 -16.11722666666667 -3.0000533333333337
endloop
endfacet
facet normal 0.7725408420731359 0.6349650756765525 0
outer loop
vertex 31.70682666666667 -15.79274666666667 -3.0000533333333337
vertex 31.70682666666667 -15.79274666666667 3.0000533333333337
vertex 31.831626666666672 -15.94458666666667 3.0000533333333337
endloop
endfacet
facet normal 0.7725408420731359 0.6349650756765525 0
outer loop
vertex 31.70682666666667 -15.79274666666667 -3.0000533333333337
vertex 31.831626666666672 -15.94458666666667 3.0000533333333337
vertex 31.831626666666672 -15.94458666666667 -3.0000533333333337
endloop
endfacet
facet normal 0.6345882075609288 0.7728504427278332 0
outer loop
vertex 31.555680000000006 -15.668640000000003 -3.0000533333333337
vertex 31.555680000000006 -15.668640000000003 3.0000533333333337
vertex 31.70682666666667 -15.79274666666667 3.0000533333333337
endloop
endfacet
facet normal 0.6345882075609288 0.7728504427278332 0
outer loop
vertex 31.555680000000006 -15.668640000000003 -3.0000533333333337
vertex 31.70682666666667 -15.79274666666667 3.0000533333333337
vertex 31.70682666666667 -15.79274666666667 -3.0000533333333337
endloop
endfacet
facet normal 0.4696715372775979 0.8828412354842166 0
outer loop
vertex 31.38234666666667 -15.57642666666667 -3.0000533333333337
vertex 31.38234666666667 -15.57642666666667 3.0000533333333337
vertex 31.555680000000006 -15.668640000000003 3.0000533333333337
endloop
endfacet
facet normal 0.4696715372775979 0.8828412354842166 0
outer loop
vertex 31.38234666666667 -15.57642666666667 -3.0000533333333337
vertex 31.555680000000006 -15.668640000000003 3.0000533333333337
vertex 31.555680000000006 -15.668640000000003 -3.0000533333333337
endloop
endfacet
facet normal 0.29383706766916906 0.9558555213334201 0
outer loop
vertex 31.195146666666673 -15.518880000000003 -3.0000533333333337
vertex 31.195146666666673 -15.518880000000003 3.0000533333333337
vertex 31.38234666666667 -15.57642666666667 3.0000533333333337
endloop
endfacet
facet normal 0.29383706766916906 0.9558555213334201 0
outer loop
vertex 31.195146666666673 -15.518880000000003 -3.0000533333333337
vertex 31.38234666666667 -15.57642666666667 3.0000533333333337
vertex 31.38234666666667 -15.57642666666667 -3.0000533333333337
endloop
endfacet
facet normal 0.09564490733782519 0.995415517108478 0
outer loop
vertex 31.000320000000006 -15.500160000000003 -3.0000533333333337
vertex 31.000320000000006 -15.500160000000003 3.0000533333333337
vertex 31.195146666666673 -15.518880000000003 3.0000533333333337
endloop
endfacet
facet normal 0.09564490733782519 0.995415517108478 0
outer loop
vertex 31.000320000000006 -15.500160000000003 -3.0000533333333337
vertex 31.195146666666673 -15.518880000000003 3.0000533333333337
vertex 31.195146666666673 -15.518880000000003 -3.0000533333333337
endloop
endfacet
facet normal -0.09530882734169821 0.9954477522355206 0
outer loop
vertex 30.804800000000004 -15.518880000000003 -3.0000533333333337
vertex 30.804800000000004 -15.518880000000003 3.0000533333333337
vertex 31.000320000000006 -15.500160000000003 3.0000533333333337
endloop
endfacet
facet normal -0.09530882734169821 0.9954477522355206 0
outer loop
vertex 30.804800000000004 -15.518880000000003 -3.0000533333333337
vertex 31.000320000000006 -15.500160000000003 3.0000533333333337
vertex 31.000320000000006 -15.500160000000003 -3.0000533333333337
endloop
endfacet
facet normal -0.29383706766916906 0.9558555213334201 0
outer loop
vertex 30.617600000000007 -15.57642666666667 -3.0000533333333337
vertex 30.617600000000007 -15.57642666666667 3.0000533333333337
vertex 30.804800000000004 -15.518880000000003 3.0000533333333337
endloop
endfacet
facet normal -0.29383706766916906 0.9558555213334201 0
outer loop
vertex 30.617600000000007 -15.57642666666667 -3.0000533333333337
vertex 30.804800000000004 -15.518880000000003 3.0000533333333337
vertex 30.804800000000004 -15.518880000000003 -3.0000533333333337
endloop
endfacet
facet normal -0.4696715372775979 0.8828412354842166 0
outer loop
vertex 30.44426666666667 -15.668640000000003 -3.0000533333333337
vertex 30.44426666666667 -15.668640000000003 3.0000533333333337
vertex 30.617600000000007 -15.57642666666667 3.0000533333333337
endloop
endfacet
facet normal -0.4696715372775979 0.8828412354842166 0
outer loop
vertex 30.44426666666667 -15.668640000000003 -3.0000533333333337
vertex 30.617600000000007 -15.57642666666667 3.0000533333333337
vertex 30.617600000000007 -15.57642666666667 -3.0000533333333337
endloop
endfacet
facet normal -0.6345882075609288 0.7728504427278332 0
outer loop
vertex 30.293120000000005 -15.79274666666667 -3.0000533333333337
vertex 30.293120000000005 -15.79274666666667 3.0000533333333337
vertex 30.44426666666667 -15.668640000000003 3.0000533333333337
endloop
endfacet
facet normal -0.6345882075609288 0.7728504427278332 0
outer loop
vertex 30.293120000000005 -15.79274666666667 -3.0000533333333337
vertex 30.44426666666667 -15.668640000000003 3.0000533333333337
vertex 30.44426666666667 -15.668640000000003 -3.0000533333333337
endloop
endfacet
facet normal -0.7725408420731359 0.6349650756765525 0
outer loop
vertex 30.168320000000005 -15.94458666666667 -3.0000533333333337
vertex 30.168320000000005 -15.94458666666667 3.0000533333333337
vertex 30.293120000000005 -15.79274666666667 3.0000533333333337
endloop
endfacet
facet normal -0.7725408420731359 0.6349650756765525 0
outer loop
vertex 30.168320000000005 -15.94458666666667 -3.0000533333333337
vertex 30.293120000000005 -15.79274666666667 3.0000533333333337
vertex 30.293120000000005 -15.79274666666667 -3.0000533333333337
endloop
endfacet
facet normal -0.8820585898932789 0.4711397287381744 0
outer loop
vertex 30.07610666666667 -16.11722666666667 -3.0000533333333337
vertex 30.07610666666667 -16.11722666666667 3.0000533333333337
vertex 30.168320000000005 -15.94458666666667 3.0000533333333337
endloop
endfacet
facet normal -0.8820585898932789 0.4711397287381744 0
outer loop
vertex 30.07610666666667 -16.11722666666667 -3.0000533333333337
vertex 30.168320000000005 -15.94458666666667 3.0000533333333337
vertex 30.168320000000005 -15.94458666666667 -3.0000533333333337
endloop
endfacet
facet normal -0.9571431430669552 0.2896152683818831 0
outer loop
vertex 30.01925333333334 -16.305120000000002 -3.0000533333333337
vertex 30.01925333333334 -16.305120000000002 3.0000533333333337
vertex 30.07610666666667 -16.11722666666667 3.0000533333333337
endloop
endfacet
facet normal -0.9571431430669552 0.2896152683818831 0
outer loop
vertex 30.01925333333334 -16.305120000000002 -3.0000533333333337
vertex 30.07610666666667 -16.11722666666667 3.0000533333333337
vertex 30.07610666666667 -16.11722666666667 -3.0000533333333337
endloop
endfacet
facet normal -0.9950721896486087 0.09915310074789993 0
outer loop
vertex 29.999840000000006 -16.49994666666667 -3.0000533333333337
vertex 29.999840000000006 -16.49994666666667 3.0000533333333337
vertex 30.01925333333334 -16.305120000000002 3.0000533333333337
endloop
endfacet
facet normal -0.9950721896486087 0.09915310074789993 0
outer loop
vertex 29.999840000000006 -16.49994666666667 -3.0000533333333337
vertex 30.01925333333334 -16.305120000000002 3.0000533333333337
vertex 30.01925333333334 -16.305120000000002 -3.0000533333333337
endloop
endfacet
facet normal -0.9950721896486087 -0.09915310074789993 0
outer loop
vertex 30.01925333333334 -16.694773333333337 -3.0000533333333337
vertex 30.01925333333334 -16.694773333333337 3.0000533333333337
vertex 29.999840000000006 -16.49994666666667 3.0000533333333337
endloop
endfacet
facet normal -0.9950721896486087 -0.09915310074789993 0
outer loop
vertex 30.01925333333334 -16.694773333333337 -3.0000533333333337
vertex 29.999840000000006 -16.49994666666667 3.0000533333333337
vertex 29.999840000000006 -16.49994666666667 -3.0000533333333337
endloop
endfacet
facet normal -0.9571431430669552 -0.2896152683818831 0
outer loop
vertex 30.07610666666667 -16.88266666666667 -3.0000533333333337
vertex 30.07610666666667 -16.88266666666667 3.0000533333333337
vertex 30.01925333333334 -16.694773333333337 3.0000533333333337
endloop
endfacet
facet normal -0.9571431430669552 -0.2896152683818831 0
outer loop
vertex 30.07610666666667 -16.88266666666667 -3.0000533333333337
vertex 30.01925333333334 -16.694773333333337 3.0000533333333337
vertex 30.01925333333334 -16.694773333333337 -3.0000533333333337
endloop
endfacet
facet normal -0.8820585898932789 -0.4711397287381744 0
outer loop
vertex 30.168320000000005 -17.05530666666667 -3.0000533333333337
vertex 30.168320000000005 -17.05530666666667 3.0000533333333337
vertex 30.07610666666667 -16.88266666666667 3.0000533333333337
endloop
endfacet
facet normal -0.8820585898932789 -0.4711397287381744 0
outer loop
vertex 30.168320000000005 -17.05530666666667 -3.0000533333333337
vertex 30.07610666666667 -16.88266666666667 3.0000533333333337
vertex 30.07610666666667 -16.88266666666667 -3.0000533333333337
endloop
endfacet
facet normal -0.7725408420731359 -0.6349650756765525 0
outer loop
vertex 30.293120000000005 -17.20714666666667 -3.0000533333333337
vertex 30.293120000000005 -17.20714666666667 3.0000533333333337
vertex 30.168320000000005 -17.05530666666667 3.0000533333333337
endloop
endfacet
facet normal -0.7725408420731359 -0.6349650756765525 0
outer loop
vertex 30.293120000000005 -17.20714666666667 -3.0000533333333337
vertex 30.168320000000005 -17.05530666666667 3.0000533333333337
vertex 30.168320000000005 -17.05530666666667 -3.0000533333333337
endloop
endfacet
facet normal -0.6345882075609288 -0.7728504427278332 0
outer loop
vertex 30.44426666666667 -17.331253333333336 -3.0000533333333337
vertex 30.44426666666667 -17.331253333333336 3.0000533333333337
vertex 30.293120000000005 -17.20714666666667 3.0000533333333337
endloop
endfacet
facet normal -0.6345882075609288 -0.7728504427278332 0
outer loop
vertex 30.44426666666667 -17.331253333333336 -3.0000533333333337
vertex 30.293120000000005 -17.20714666666667 3.0000533333333337
vertex 30.293120000000005 -17.20714666666667 -3.0000533333333337
endloop
endfacet
facet normal -0.47241706790665117 -0.881375126691514 0
outer loop
vertex 30.617600000000007 -17.424160000000004 -3.0000533333333337
vertex 30.617600000000007 -17.424160000000004 3.0000533333333337
vertex 30.44426666666667 -17.331253333333336 3.0000533333333337
endloop
endfacet
facet normal -0.47241706790665117 -0.881375126691514 0
outer loop
vertex 30.617600000000007 -17.424160000000004 -3.0000533333333337
vertex 30.44426666666667 -17.331253333333336 3.0000533333333337
vertex 30.44426666666667 -17.331253333333336 -3.0000533333333337
endloop
endfacet
facet normal -0.2905974886884457 -0.9568453895839018 0
outer loop
vertex 30.804800000000004 -17.481013333333337 -3.0000533333333337
vertex 30.804800000000004 -17.481013333333337 3.0000533333333337
vertex 30.617600000000007 -17.424160000000004 3.0000533333333337
endloop
endfacet
facet normal -0.2905974886884457 -0.9568453895839018 0
outer loop
vertex 30.804800000000004 -17.481013333333337 -3.0000533333333337
vertex 30.617600000000007 -17.424160000000004 3.0000533333333337
vertex 30.617600000000007 -17.424160000000004 -3.0000533333333337
endloop
endfacet
facet normal -0.09530882734168926 -0.9954477522355215 0
outer loop
vertex 31.000320000000006 -17.499733333333335 -3.0000533333333337
vertex 31.000320000000006 -17.499733333333335 3.0000533333333337
vertex 30.804800000000004 -17.481013333333337 3.0000533333333337
endloop
endfacet
facet normal -0.09530882734168926 -0.9954477522355215 0
outer loop
vertex 31.000320000000006 -17.499733333333335 -3.0000533333333337
vertex 30.804800000000004 -17.481013333333337 3.0000533333333337
vertex 30.804800000000004 -17.481013333333337 -3.0000533333333337
endloop
endfacet
facet normal 0.0956449073378162 -0.9954155171084791 0
outer loop
vertex 31.195146666666673 -17.481013333333337 -3.0000533333333337
vertex 31.195146666666673 -17.481013333333337 3.0000533333333337
vertex 31.000320000000006 -17.499733333333335 3.0000533333333337
endloop
endfacet
facet normal 0.0956449073378162 -0.9954155171084791 0
outer loop
vertex 31.195146666666673 -17.481013333333337 -3.0000533333333337
vertex 31.000320000000006 -17.499733333333335 3.0000533333333337
vertex 31.000320000000006 -17.499733333333335 -3.0000533333333337
endloop
endfacet
facet normal 0.2905974886884457 -0.9568453895839018 0
outer loop
vertex 31.38234666666667 -17.424160000000004 -3.0000533333333337
vertex 31.38234666666667 -17.424160000000004 3.0000533333333337
vertex 31.195146666666673 -17.481013333333337 3.0000533333333337
endloop
endfacet
facet normal 0.2905974886884457 -0.9568453895839018 0
outer loop
vertex 31.38234666666667 -17.424160000000004 -3.0000533333333337
vertex 31.195146666666673 -17.481013333333337 3.0000533333333337
vertex 31.195146666666673 -17.481013333333337 -3.0000533333333337
endloop
endfacet
facet normal 0.47241706790665117 -0.881375126691514 0
outer loop
vertex 31.555680000000006 -17.331253333333336 -3.0000533333333337
vertex 31.555680000000006 -17.331253333333336 3.0000533333333337
vertex 31.38234666666667 -17.424160000000004 3.0000533333333337
endloop
endfacet
facet normal 0.47241706790665117 -0.881375126691514 0
outer loop
vertex 31.555680000000006 -17.331253333333336 -3.0000533333333337
vertex 31.38234666666667 -17.424160000000004 3.0000533333333337
vertex 31.38234666666667 -17.424160000000004 -3.0000533333333337
endloop
endfacet
facet normal 0.6345882075609288 -0.7728504427278332 0
outer loop
vertex 31.70682666666667 -17.20714666666667 -3.0000533333333337
vertex 31.70682666666667 -17.20714666666667 3.0000533333333337
vertex 31.555680000000006 -17.331253333333336 3.0000533333333337
endloop
endfacet
facet normal 0.6345882075609288 -0.7728504427278332 0
outer loop
vertex 31.70682666666667 -17.20714666666667 -3.0000533333333337
vertex 31.555680000000006 -17.331253333333336 3.0000533333333337
vertex 31.555680000000006 -17.331253333333336 -3.0000533333333337
endloop
endfacet
facet normal 0.7725408420731359 -0.6349650756765525 0
outer loop
vertex 31.831626666666672 -17.05530666666667 -3.0000533333333337
vertex 31.831626666666672 -17.05530666666667 3.0000533333333337
vertex 31.70682666666667 -17.20714666666667 3.0000533333333337
endloop
endfacet
facet normal 0.7725408420731359 -0.6349650756765525 0
outer loop
vertex 31.831626666666672 -17.05530666666667 -3.0000533333333337
vertex 31.70682666666667 -17.20714666666667 3.0000533333333337
vertex 31.70682666666667 -17.20714666666667 -3.0000533333333337
endloop
endfacet
facet normal 0.8820585898932789 -0.4711397287381744 0
outer loop
vertex 31.923840000000006 -16.88266666666667 -3.0000533333333337
vertex 31.923840000000006 -16.88266666666667 3.0000533333333337
vertex 31.831626666666672 -17.05530666666667 3.0000533333333337
endloop
endfacet
facet normal 0.8820585898932789 -0.4711397287381744 0
outer loop
vertex 31.923840000000006 -16.88266666666667 -3.0000533333333337
vertex 31.831626666666672 -17.05530666666667 3.0000533333333337
vertex 31.831626666666672 -17.05530666666667 -3.0000533333333337
endloop
endfacet
facet normal 0.9571431430669552 -0.2896152683818831 0
outer loop
vertex 31.98069333333334 -16.694773333333337 -3.0000533333333337
vertex 31.98069333333334 -16.694773333333337 3.0000533333333337
vertex 31.923840000000006 -16.88266666666667 3.0000533333333337
endloop
endfacet
facet normal 0.9571431430669552 -0.2896152683818831 0
outer loop
vertex 31.98069333333334 -16.694773333333337 -3.0000533333333337
vertex 31.923840000000006 -16.88266666666667 3.0000533333333337
vertex 31.923840000000006 -16.88266666666667 -3.0000533333333337
endloop
endfacet
facet normal 0.9950721896486069 -0.0991531007479179 0
outer loop
vertex 32.000106666666674 -16.49994666666667 -3.0000533333333337
vertex 32.000106666666674 -16.49994666666667 3.0000533333333337
vertex 31.98069333333334 -16.694773333333337 3.0000533333333337
endloop
endfacet
facet normal 0.9950721896486069 -0.0991531007479179 0
outer loop
vertex 32.000106666666674 -16.49994666666667 -3.0000533333333337
vertex 31.98069333333334 -16.694773333333337 3.0000533333333337
vertex 31.98069333333334 -16.694773333333337 -3.0000533333333337
endloop
endfacet
facet normal 0.9950721896486087 0.09915310074789993 0
outer loop
vertex -30.01925333333334 -16.305120000000002 -3.0000533333333337
vertex -30.01925333333334 -16.305120000000002 3.0000533333333337
vertex -29.999840000000006 -16.49994666666667 3.0000533333333337
endloop
endfacet
facet normal 0.9950721896486087 0.09915310074789993 0
outer loop
vertex -30.01925333333334 -16.305120000000002 -3.0000533333333337
vertex -29.999840000000006 -16.49994666666667 3.0000533333333337
vertex -29.999840000000006 -16.49994666666667 -3.0000533333333337
endloop
endfacet
facet normal 0.9571431430669552 0.2896152683818831 0
outer loop
vertex -30.07610666666667 -16.11722666666667 -3.0000533333333337
vertex -30.07610666666667 -16.11722666666667 3.0000533333333337
vertex -30.01925333333334 -16.305120000000002 3.0000533333333337
endloop
endfacet
facet normal 0.9571431430669552 0.2896152683818831 0
outer loop
vertex -30.07610666666667 -16.11722666666667 -3.0000533333333337
vertex -30.01925333333334 -16.305120000000002 3.0000533333333337
vertex -30.01925333333334 -16.305120000000002 -3.0000533333333337
endloop
endfacet
facet normal 0.8820585898932789 0.4711397287381744 0
outer loop
vertex -30.168320000000005 -15.94458666666667 -3.0000533333333337
vertex -30.168320000000005 -15.94458666666667 3.0000533333333337
vertex -30.07610666666667 -16.11722666666667 3.0000533333333337
endloop
endfacet
facet normal 0.8820585898932789 0.4711397287381744 0
outer loop
vertex -30.168320000000005 -15.94458666666667 -3.0000533333333337
vertex -30.07610666666667 -16.11722666666667 3.0000533333333337
vertex -30.07610666666667 -16.11722666666667 -3.0000533333333337
endloop
endfacet
facet normal 0.7725408420731359 0.6349650756765525 0
outer loop
vertex -30.293120000000005 -15.79274666666667 -3.0000533333333337
vertex -30.293120000000005 -15.79274666666667 3.0000533333333337
vertex -30.168320000000005 -15.94458666666667 3.0000533333333337
endloop
endfacet
facet normal 0.7725408420731359 0.6349650756765525 0
outer loop
vertex -30.293120000000005 -15.79274666666667 -3.0000533333333337
vertex -30.168320000000005 -15.94458666666667 3.0000533333333337
vertex -30.168320000000005 -15.94458666666667 -3.0000533333333337
endloop
endfacet
facet normal 0.6345882075609288 0.7728504427278332 0
outer loop
vertex -30.44426666666667 -15.668640000000003 -3.0000533333333337
vertex -30.44426666666667 -15.668640000000003 3.0000533333333337
vertex -30.293120000000005 -15.79274666666667 3.0000533333333337
endloop
endfacet
facet normal 0.6345882075609288 0.7728504427278332 0
outer loop
vertex -30.44426666666667 -15.668640000000003 -3.0000533333333337
vertex -30.293120000000005 -15.79274666666667 3.0000533333333337
vertex -30.293120000000005 -15.79274666666667 -3.0000533333333337
endloop
endfacet
facet normal 0.4696715372775979 0.8828412354842166 0
outer loop
vertex -30.617600000000007 -15.57642666666667 -3.0000533333333337
vertex -30.617600000000007 -15.57642666666667 3.0000533333333337
vertex -30.44426666666667 -15.668640000000003 3.0000533333333337
endloop
endfacet
facet normal 0.4696715372775979 0.8828412354842166 0
outer loop
vertex -30.617600000000007 -15.57642666666667 -3.0000533333333337
vertex -30.44426666666667 -15.668640000000003 3.0000533333333337
vertex -30.44426666666667 -15.668640000000003 -3.0000533333333337
endloop
endfacet
facet normal 0.29383706766916906 0.9558555213334201 0
outer loop
vertex -30.804800000000004 -15.518880000000003 -3.0000533333333337
vertex -30.804800000000004 -15.518880000000003 3.0000533333333337
vertex -30.617600000000007 -15.57642666666667 3.0000533333333337
endloop
endfacet
facet normal 0.29383706766916906 0.9558555213334201 0
outer loop
vertex -30.804800000000004 -15.518880000000003 -3.0000533333333337
vertex -30.617600000000007 -15.57642666666667 3.0000533333333337
vertex -30.617600000000007 -15.57642666666667 -3.0000533333333337
endloop
endfacet
facet normal 0.09530882734169821 0.9954477522355206 0
outer loop
vertex -31.000320000000006 -15.500160000000003 -3.0000533333333337
vertex -31.000320000000006 -15.500160000000003 3.0000533333333337
vertex -30.804800000000004 -15.518880000000003 3.0000533333333337
endloop
endfacet
facet normal 0.09530882734169821 0.9954477522355206 0
outer loop
vertex -31.000320000000006 -15.500160000000003 -3.0000533333333337
vertex -30.804800000000004 -15.518880000000003 3.0000533333333337
vertex -30.804800000000004 -15.518880000000003 -3.0000533333333337
endloop
endfacet
facet normal -0.09564490733782519 0.995415517108478 0
outer loop
vertex -31.195146666666673 -15.518880000000003 -3.0000533333333337
vertex -31.195146666666673 -15.518880000000003 3.0000533333333337
vertex -31.000320000000006 -15.500160000000003 3.0000533333333337
endloop
endfacet
facet normal -0.09564490733782519 0.995415517108478 0
outer loop
vertex -31.195146666666673 -15.518880000000003 -3.0000533333333337
vertex -31.000320000000006 -15.500160000000003 3.0000533333333337
vertex -31.000320000000006 -15.500160000000003 -3.0000533333333337
endloop
endfacet
facet normal -0.29383706766916906 0.9558555213334201 0
outer loop
vertex -31.38234666666667 -15.57642666666667 -3.0000533333333337
vertex -31.38234666666667 -15.57642666666667 3.0000533333333337
vertex -31.195146666666673 -15.518880000000003 3.0000533333333337
endloop
endfacet
facet normal -0.29383706766916906 0.9558555213334201 0
outer loop
vertex -31.38234666666667 -15.57642666666667 -3.0000533333333337
vertex -31.195146666666673 -15.518880000000003 3.0000533333333337
vertex -31.195146666666673 -15.518880000000003 -3.0000533333333337
endloop
endfacet
facet normal -0.4696715372775979 0.8828412354842166 0
outer loop
vertex -31.555680000000006 -15.668640000000003 -3.0000533333333337
vertex -31.555680000000006 -15.668640000000003 3.0000533333333337
vertex -31.38234666666667 -15.57642666666667 3.0000533333333337
endloop
endfacet
facet normal -0.4696715372775979 0.8828412354842166 0
outer loop
vertex -31.555680000000006 -15.668640000000003 -3.0000533333333337
vertex -31.38234666666667 -15.57642666666667 3.0000533333333337
vertex -31.38234666666667 -15.57642666666667 -3.0000533333333337
endloop
endfacet
facet normal -0.6345882075609288 0.7728504427278332 0
outer loop
vertex -31.70682666666667 -15.79274666666667 -3.0000533333333337
vertex -31.70682666666667 -15.79274666666667 3.0000533333333337
vertex -31.555680000000006 -15.668640000000003 3.0000533333333337
endloop
endfacet
facet normal -0.6345882075609288 0.7728504427278332 0
outer loop
vertex -31.70682666666667 -15.79274666666667 -3.0000533333333337
vertex -31.555680000000006 -15.668640000000003 3.0000533333333337
vertex -31.555680000000006 -15.668640000000003 -3.0000533333333337
endloop
endfacet
facet normal -0.7725408420731359 0.6349650756765525 0
outer loop
vertex -31.831626666666672 -15.94458666666667 -3.0000533333333337
vertex -31.831626666666672 -15.94458666666667 3.0000533333333337
vertex -31.70682666666667 -15.79274666666667 3.0000533333333337
endloop
endfacet
facet normal -0.7725408420731359 0.6349650756765525 0
outer loop
vertex -31.831626666666672 -15.94458666666667 -3.0000533333333337
vertex -31.70682666666667 -15.79274666666667 3.0000533333333337
vertex -31.70682666666667 -15.79274666666667 -3.0000533333333337
endloop
endfacet
facet normal -0.8820585898932789 0.4711397287381744 0
outer loop
vertex -31.923840000000006 -16.11722666666667 -3.0000533333333337
vertex -31.923840000000006 -16.11722666666667 3.0000533333333337
vertex -31.831626666666672 -15.94458666666667 3.0000533333333337
endloop
endfacet
facet normal -0.8820585898932789 0.4711397287381744 0
outer loop
vertex -31.923840000000006 -16.11722666666667 -3.0000533333333337
vertex -31.831626666666672 -15.94458666666667 3.0000533333333337
vertex -31.831626666666672 -15.94458666666667 -3.0000533333333337
endloop
endfacet
facet normal -0.9571431430669552 0.2896152683818831 0
outer loop
vertex -31.98069333333334 -16.305120000000002 -3.0000533333333337
vertex -31.98069333333334 -16.305120000000002 3.0000533333333337
vertex -31.923840000000006 -16.11722666666667 3.0000533333333337
endloop
endfacet
facet normal -0.9571431430669552 0.2896152683818831 0
outer loop
vertex -31.98069333333334 -16.305120000000002 -3.0000533333333337
vertex -31.923840000000006 -16.11722666666667 3.0000533333333337
vertex -31.923840000000006 -16.11722666666667 -3.0000533333333337
endloop
endfacet
facet normal -0.9950721896486069 0.0991531007479179 0
outer loop
vertex -32.000106666666674 -16.49994666666667 -3.0000533333333337
vertex -32.000106666666674 -16.49994666666667 3.0000533333333337
vertex -31.98069333333334 -16.305120000000002 3.0000533333333337
endloop
endfacet
facet normal -0.9950721896486069 0.0991531007479179 0
outer loop
vertex -32.000106666666674 -16.49994666666667 -3.0000533333333337
vertex -31.98069333333334 -16.305120000000002 3.0000533333333337
vertex -31.98069333333334 -16.305120000000002 -3.0000533333333337
endloop
endfacet
facet normal -0.9950721896486069 -0.0991531007479179 0
outer loop
vertex -31.98069333333334 -16.694773333333337 -3.0000533333333337
vertex -31.98069333333334 -16.694773333333337 3.0000533333333337
vertex -32.000106666666674 -16.49994666666667 3.0000533333333337
endloop
endfacet
facet normal -0.9950721896486069 -0.0991531007479179 0
outer loop
vertex -31.98069333333334 -16.694773333333337 -3.0000533333333337
vertex -32.000106666666674 -16.49994666666667 3.0000533333333337
vertex -32.000106666666674 -16.49994666666667 -3.0000533333333337
endloop
endfacet
facet normal -0.9571431430669552 -0.2896152683818831 0
outer loop
vertex -31.923840000000006 -16.88266666666667 -3.0000533333333337
vertex -31.923840000000006 -16.88266666666667 3.0000533333333337
vertex -31.98069333333334 -16.694773333333337 3.0000533333333337
endloop
endfacet
facet normal -0.9571431430669552 -0.2896152683818831 0
outer loop
vertex -31.923840000000006 -16.88266666666667 -3.0000533333333337
vertex -31.98069333333334 -16.694773333333337 3.0000533333333337
vertex -31.98069333333334 -16.694773333333337 -3.0000533333333337
endloop
endfacet
facet normal -0.8820585898932789 -0.4711397287381744 0
outer loop
vertex -31.831626666666672 -17.05530666666667 -3.0000533333333337
vertex -31.831626666666672 -17.05530666666667 3.0000533333333337
vertex -31.923840000000006 -16.88266666666667 3.0000533333333337
endloop
endfacet
facet normal -0.8820585898932789 -0.4711397287381744 0
outer loop
vertex -31.831626666666672 -17.05530666666667 -3.0000533333333337
vertex -31.923840000000006 -16.88266666666667 3.0000533333333337
vertex -31.923840000000006 -16.88266666666667 -3.0000533333333337
endloop
endfacet
facet normal -0.7725408420731359 -0.6349650756765525 0
outer loop
vertex -31.70682666666667 -17.20714666666667 -3.0000533333333337
vertex -31.70682666666667 -17.20714666666667 3.0000533333333337
vertex -31.831626666666672 -17.05530666666667 3.0000533333333337
endloop
endfacet
facet normal -0.7725408420731359 -0.6349650756765525 0
outer loop
vertex -31.70682666666667 -17.20714666666667 -3.0000533333333337
vertex -31.831626666666672 -17.05530666666667 3.0000533333333337
vertex -31.831626666666672 -17.05530666666667 -3.0000533333333337
endloop
endfacet
facet normal -0.6345882075609288 -0.7728504427278332 0
outer loop
vertex -31.555680000000006 -17.331253333333336 -3.0000533333333337
vertex -31.555680000000006 -17.331253333333336 3.0000533333333337
vertex -31.70682666666667 -17.20714666666667 3.0000533333333337
endloop
endfacet
facet normal -0.6345882075609288 -0.7728504427278332 0
outer loop
vertex -31.555680000000006 -17.331253333333336 -3.0000533333333337
vertex -31.70682666666667 -17.20714666666667 3.0000533333333337
vertex -31.70682666666667 -17.20714666666667 -3.0000533333333337
endloop
endfacet
facet normal -0.47241706790665117 -0.881375126691514 0
outer loop
vertex -31.38234666666667 -17.424160000000004 -3.0000533333333337
vertex -31.38234666666667 -17.424160000000004 3.0000533333333337
vertex -31.555680000000006 -17.331253333333336 3.0000533333333337
endloop
endfacet
facet normal -0.47241706790665117 -0.881375126691514 0
outer loop
vertex -31.38234666666667 -17.424160000000004 -3.0000533333333337
vertex -31.555680000000006 -17.331253333333336 3.0000533333333337
vertex -31.555680000000006 -17.331253333333336 -3.0000533333333337
endloop
endfacet
facet normal -0.2905974886884457 -0.9568453895839018 0
outer loop
vertex -31.195146666666673 -17.481013333333337 -3.0000533333333337
vertex -31.195146666666673 -17.481013333333337 3.0000533333333337
vertex -31.38234666666667 -17.424160000000004 3.0000533333333337
endloop
endfacet
facet normal -0.2905974886884457 -0.9568453895839018 0
outer loop
vertex -31.195146666666673 -17.481013333333337 -3.0000533333333337
vertex -31.38234666666667 -17.424160000000004 3.0000533333333337
vertex -31.38234666666667 -17.424160000000004 -3.0000533333333337
endloop
endfacet
facet normal -0.0956449073378162 -0.9954155171084791 0
outer loop
vertex -31.000320000000006 -17.499733333333335 -3.0000533333333337
vertex -31.000320000000006 -17.499733333333335 3.0000533333333337
vertex -31.195146666666673 -17.481013333333337 3.0000533333333337
endloop
endfacet
facet normal -0.0956449073378162 -0.9954155171084791 0
outer loop
vertex -31.000320000000006 -17.499733333333335 -3.0000533333333337
vertex -31.195146666666673 -17.481013333333337 3.0000533333333337
vertex -31.195146666666673 -17.481013333333337 -3.0000533333333337
endloop
endfacet
facet normal 0.09530882734168926 -0.9954477522355215 0
outer loop
vertex -30.804800000000004 -17.481013333333337 -3.0000533333333337
vertex -30.804800000000004 -17.481013333333337 3.0000533333333337
vertex -31.000320000000006 -17.499733333333335 3.0000533333333337
endloop
endfacet
facet normal 0.09530882734168926 -0.9954477522355215 0
outer loop
vertex -30.804800000000004 -17.481013333333337 -3.0000533333333337
vertex -31.000320000000006 -17.499733333333335 3.0000533333333337
vertex -31.000320000000006 -17.499733333333335 -3.0000533333333337
endloop
endfacet
facet normal 0.2905974886884457 -0.9568453895839018 0
outer loop
vertex -30.617600000000007 -17.424160000000004 -3.0000533333333337
vertex -30.617600000000007 -17.424160000000004 3.0000533333333337
vertex -30.804800000000004 -17.481013333333337 3.0000533333333337
endloop
endfacet
facet normal 0.2905974886884457 -0.9568453895839018 0
outer loop
vertex -30.617600000000007 -17.424160000000004 -3.0000533333333337
vertex -30.804800000000004 -17.481013333333337 3.0000533333333337
vertex -30.804800000000004 -17.481013333333337 -3.0000533333333337
endloop
endfacet
facet normal 0.47241706790665117 -0.881375126691514 0
outer loop
vertex -30.44426666666667 -17.331253333333336 -3.0000533333333337
vertex -30.44426666666667 -17.331253333333336 3.0000533333333337
vertex -30.617600000000007 -17.424160000000004 3.0000533333333337
endloop
endfacet
facet normal 0.47241706790665117 -0.881375126691514 0
outer loop
vertex -30.44426666666667 -17.331253333333336 -3.0000533333333337
vertex -30.617600000000007 -17.424160000000004 3.0000533333333337
vertex -30.617600000000007 -17.424160000000004 -3.0000533333333337
endloop
endfacet
facet normal 0.6345882075609288 -0.7728504427278332 0
outer loop
vertex -30.293120000000005 -17.20714666666667 -3.0000533333333337
vertex -30.293120000000005 -17.20714666666667 3.0000533333333337
vertex -30.44426666666667 -17.331253333333336 3.0000533333333337
endloop
endfacet
facet normal 0.6345882075609288 -0.7728504427278332 0
outer loop
vertex -30.293120000000005 -17.20714666666667 -3.0000533333333337
vertex -30.44426666666667 -17.331253333333336 3.0000533333333337
vertex -30.44426666666667 -17.331253333333336 -3.0000533333333337
endloop
endfacet
facet normal 0.7725408420731359 -0.6349650756765525 0
outer loop
vertex -30.168320000000005 -17.05530666666667 -3.0000533333333337
vertex -30.168320000000005 -17.05530666666667 3.0000533333333337
vertex -30.293120000000005 -17.20714666666667 3.0000533333333337
endloop
endfacet
facet normal 0.7725408420731359 -0.6349650756765525 0
outer loop
vertex -30.168320000000005 -17.05530666666667 -3.0000533333333337
vertex -30.293120000000005 -17.20714666666667 3.0000533333333337
vertex -30.293120000000005 -17.20714666666667 -3.0000533333333337
endloop
endfacet
facet normal 0.8820585898932789 -0.4711397287381744 0
outer loop
vertex -30.07610666666667 -16.88266666666667 -3.0000533333333337
vertex -30.07610666666667 -16.88266666666667 3.0000533333333337
vertex -30.168320000000005 -17.05530666666667 3.0000533333333337
endloop
endfacet
facet normal 0.8820585898932789 -0.4711397287381744 0
outer loop
vertex -30.07610666666667 -16.88266666666667 -3.0000533333333337
vertex -30.168320000000005 -17.05530666666667 3.0000533333333337
vertex -30.168320000000005 -17.05530666666667 -3.0000533333333337
endloop
endfacet
facet normal 0.9571431430669552 -0.2896152683818831 0
outer loop
vertex -30.01925333333334 -16.694773333333337 -3.0000533333333337
vertex -30.01925333333334 -16.694773333333337 3.0000533333333337
vertex -30.07610666666667 -16.88266666666667 3.0000533333333337
endloop
endfacet
facet normal 0.9571431430669552 -0.2896152683818831 0
outer loop
vertex -30.01925333333334 -16.694773333333337 -3.0000533333333337
vertex -30.07610666666667 -16.88266666666667 3.0000533333333337
vertex -30.07610666666667 -16.88266666666667 -3.0000533333333337
endloop
endfacet
facet normal 0.9950721896486087 -0.09915310074789993 0
outer loop
vertex -29.999840000000006 -16.49994666666667 -3.0000533333333337
vertex -29.999840000000006 -16.49994666666667 3.0000533333333337
vertex -30.01925333333334 -16.694773333333337 3.0000533333333337
endloop
endfacet
facet normal 0.9950721896486087 -0.09915310074789993 0
outer loop
vertex -29.999840000000006 -16.49994666666667 -3.0000533333333337
vertex -30.01925333333334 -16.694773333333337 3.0000533333333337
vertex -30.01925333333334 -16.694773333333337 -3.0000533333333337
endloop
endfacet
facet normal 0.9999999999999999 0 0
outer loop
vertex -30.49973333333334 12.50010666666667 -5.000320000000001
vertex -30.49973333333334 12.50010666666667 -3.0000533333333337
vertex -30.49973333333334 -12.50010666666667 -3.0000533333333337
endloop
endfacet
facet normal 0.9999999999999999 0 0
outer loop
vertex -30.49973333333334 12.50010666666667 -5.000320000000001
vertex -30.49973333333334 -12.50010666666667 -3.0000533333333337
vertex -30.49973333333334 -12.50010666666667 -5.000320000000001
endloop
endfacet
facet normal -0.9999999999999999 0 0
outer loop
vertex 19.00010666666667 -12.50010666666667 -3.0000533333333337
vertex 19.00010666666667 12.50010666666667 -3.0000533333333337
vertex 19.00010666666667 12.50010666666667 -5.000320000000001
endloop
endfacet
facet normal -0.9999999999999999 0 0
outer loop
vertex 19.00010666666667 -12.50010666666667 -3.0000533333333337
vertex 19.00010666666667 12.50010666666667 -5.000320000000001
vertex 19.00010666666667 -12.50010666666667 -5.000320000000001
endloop
endfacet
facet normal 0 1 0
outer loop
vertex -30.49973333333334 -12.50010666666667 -3.0000533333333337
vertex 19.00010666666667 -12.50010666666667 -3.0000533333333337
vertex 19.00010666666667 -12.50010666666667 -5.000320000000001
endloop
endfacet
facet normal 0 1 0
outer loop
vertex -30.49973333333334 -12.50010666666667 -3.0000533333333337
vertex 19.00010666666667 -12.50010666666667 -5.000320000000001
vertex -30.49973333333334 -12.50010666666667 -5.000320000000001
endloop
endfacet
facet normal 0 -1 0
outer loop
vertex 19.00010666666667 12.50010666666667 -5.000320000000001
vertex 19.00010666666667 12.50010666666667 -3.0000533333333337
vertex -30.49973333333334 12.50010666666667 -3.0000533333333337
endloop
endfacet
facet normal 0 -1 0
outer loop
vertex 19.00010666666667 12.50010666666667 -5.000320000000001
vertex -30.49973333333334 12.50010666666667 -3.0000533333333337
vertex -30.49973333333334 12.50010666666667 -5.000320000000001
endloop
endfacet
facet normal 0 1 0
outer loop
vertex -33.49978666666667 -20.49978666666667 5.000320000000001
vertex -33.49978666666667 -20.49978666666667 3.0000533333333337
vertex -35.50005333333334 -20.49978666666667 3.0000533333333337
endloop
endfacet
facet normal 0 1 0
outer loop
vertex -33.49978666666667 -20.49978666666667 5.000320000000001
vertex -35.50005333333334 -20.49978666666667 3.0000533333333337
vertex -35.50005333333334 -20.49978666666667 5.000320000000001
endloop
endfacet
facet normal 0 1 0
outer loop
vertex 35.50005333333334 -20.49978666666667 5.000320000000001
vertex 35.50005333333334 -20.49978666666667 3.0000533333333337
vertex 33.49978666666667 -20.49978666666667 3.0000533333333337
endloop
endfacet
facet normal 0 1 0
outer loop
vertex 35.50005333333334 -20.49978666666667 5.000320000000001
vertex 33.49978666666667 -20.49978666666667 3.0000533333333337
vertex 33.49978666666667 -20.49978666666667 5.000320000000001
endloop
endfacet
facet normal 0 1 0
outer loop
vertex 5.000320000000001 -20.49978666666667 3.0000533333333337
vertex 5.000320000000001 -20.49978666666667 -3.0000533333333337
vertex -33.49978666666667 -20.49978666666667 -3.0000533333333337
endloop
endfacet
facet normal 0 1 0
outer loop
vertex 5.000320000000001 -20.49978666666667 3.0000533333333337
vertex -33.49978666666667 -20.49978666666667 -3.0000533333333337
vertex -33.49978666666667 -20.49978666666667 3.0000533333333337
endloop
endfacet
facet normal 0 0.9999999999999999 0
outer loop
vertex 33.49978666666667 -20.49978666666667 3.0000533333333337
vertex 33.49978666666667 -20.49978666666667 -3.0000533333333337
vertex 13.999786666666669 -20.49978666666667 -3.0000533333333337
endloop
endfacet
facet normal 0 0.9999999999999999 0
outer loop
vertex 33.49978666666667 -20.49978666666667 3.0000533333333337
vertex 13.999786666666669 -20.49978666666667 -3.0000533333333337
vertex 13.999786666666669 -20.49978666666667 3.0000533333333337
endloop
endfacet
facet normal 0 0 -1
outer loop
vertex -1.9163733333333337 15.833653333333336 -5.000320000000001
vertex 35.50005333333334 22.500053333333337 -5.000320000000001
vertex 35.50005333333334 12.50010666666667 -5.000320000000001
endloop
endfacet
facet normal 0 0 -1
outer loop
vertex -1.9163733333333337 15.833653333333336 -5.000320000000001
vertex 35.50005333333334 12.50010666666667 -5.000320000000001
vertex 19.00010666666667 12.50010666666667 -5.000320000000001
endloop
endfacet
facet normal 0 0 -1
outer loop
vertex -1.9163733333333337 15.833653333333336 -5.000320000000001
vertex 19.00010666666667 12.50010666666667 -5.000320000000001
vertex -30.49973333333334 12.50010666666667 -5.000320000000001
endloop
endfacet
facet normal 0 0 -1
outer loop
vertex -1.9163733333333337 15.833653333333336 -5.000320000000001
vertex -30.49973333333334 12.50010666666667 -5.000320000000001
vertex -35.50005333333334 12.50010666666667 -5.000320000000001
endloop
endfacet
facet normal 0 0 -1
outer loop
vertex -1.9163733333333337 15.833653333333336 -5.000320000000001
vertex -35.50005333333334 12.50010666666667 -5.000320000000001
vertex -35.50005333333334 22.500053333333337 -5.000320000000001
endloop
endfacet
facet normal 0 0 -1
outer loop
vertex -1.9163733333333337 15.833653333333336 -5.000320000000001
vertex -35.50005333333334 22.500053333333337 -5.000320000000001
vertex 35.50005333333334 22.500053333333337 -5.000320000000001
endloop
endfacet
facet normal 0 0 -0.9999999999999999
outer loop
vertex -30.49973333333334 12.50010666666667 -5.000320000000001
vertex -30.49973333333334 -12.50010666666667 -5.000320000000001
vertex -35.50005333333334 -12.50010666666667 -5.000320000000001
endloop
endfacet
facet normal 0 0 -0.9999999999999999
outer loop
vertex -30.49973333333334 12.50010666666667 -5.000320000000001
vertex -35.50005333333334 -12.50010666666667 -5.000320000000001
vertex -35.50005333333334 12.50010666666667 -5.000320000000001
endloop
endfacet
facet normal 0 0 -1
outer loop
vertex 35.50005333333334 12.50010666666667 -5.000320000000001
vertex 35.50005333333334 -12.50010666666667 -5.000320000000001
vertex 19.00010666666667 -12.50010666666667 -5.000320000000001
endloop
endfacet
facet normal 0 0 -1
outer loop
vertex 35.50005333333334 12.50010666666667 -5.000320000000001
vertex 19.00010666666667 -12.50010666666667 -5.000320000000001
vertex 19.00010666666667 12.50010666666667 -5.000320000000001
endloop
endfacet
facet normal 0 0 -1
outer loop
vertex -1.9163733333333337 -15.833653333333336 -5.000320000000001
vertex -30.49973333333334 -12.50010666666667 -5.000320000000001
vertex 19.00010666666667 -12.50010666666667 -5.000320000000001
endloop
endfacet
facet normal 0 0 -1
outer loop
vertex -1.9163733333333337 -15.833653333333336 -5.000320000000001
vertex 19.00010666666667 -12.50010666666667 -5.000320000000001
vertex 35.50005333333334 -12.50010666666667 -5.000320000000001
endloop
endfacet
facet normal 0 0 -1
outer loop
vertex -1.9163733333333337 -15.833653333333336 -5.000320000000001
vertex 35.50005333333334 -12.50010666666667 -5.000320000000001
vertex 35.50005333333334 -22.500053333333337 -5.000320000000001
endloop
endfacet
facet normal 0 0 -1
outer loop
vertex -1.9163733333333337 -15.833653333333336 -5.000320000000001
vertex 35.50005333333334 -22.500053333333337 -5.000320000000001
vertex -35.50005333333334 -22.500053333333337 -5.000320000000001
endloop
endfacet
facet normal 0 0 -1
outer loop
vertex -1.9163733333333337 -15.833653333333336 -5.000320000000001
vertex -35.50005333333334 -22.500053333333337 -5.000320000000001
vertex -35.50005333333334 -12.50010666666667 -5.000320000000001
endloop
endfacet
facet normal 0 0 -1
outer loop
vertex -1.9163733333333337 -15.833653333333336 -5.000320000000001
vertex -35.50005333333334 -12.50010666666667 -5.000320000000001
vertex -30.49973333333334 -12.50010666666667 -5.000320000000001
endloop
endfacet
facet normal 0 -1 0
outer loop
vertex 33.49978666666667 -22.500053333333337 5.000320000000001
vertex 33.49978666666667 -22.500053333333337 3.0000533333333337
vertex 35.50005333333334 -22.500053333333337 3.0000533333333337
endloop
endfacet
facet normal 0 -1 0
outer loop
vertex 33.49978666666667 -22.500053333333337 5.000320000000001
vertex 35.50005333333334 -22.500053333333337 3.0000533333333337
vertex 35.50005333333334 -22.500053333333337 5.000320000000001
endloop
endfacet
facet normal 0 -1 0
outer loop
vertex -35.50005333333334 -22.500053333333337 5.000320000000001
vertex -35.50005333333334 -22.500053333333337 3.0000533333333337
vertex -33.49978666666667 -22.500053333333337 3.0000533333333337
endloop
endfacet
facet normal 0 -1 0
outer loop
vertex -35.50005333333334 -22.500053333333337 5.000320000000001
vertex -33.49978666666667 -22.500053333333337 3.0000533333333337
vertex -33.49978666666667 -22.500053333333337 5.000320000000001
endloop
endfacet
facet normal 0 -0.9999999999999999 0
outer loop
vertex 26.499893333333336 -22.500053333333337 0.5997333333333335
vertex 33.49978666666667 -22.500053333333337 3.0000533333333337
vertex 13.999786666666669 -22.500053333333337 3.0000533333333337
endloop
endfacet
facet normal 0 -1 0
outer loop
vertex 26.499893333333336 -22.500053333333337 0.5997333333333335
vertex 13.999786666666669 -22.500053333333337 3.0000533333333337
vertex 13.999786666666669 -22.500053333333337 -3.0000533333333337
endloop
endfacet
facet normal 0 -1 0
outer loop
vertex 26.499893333333336 -22.500053333333337 0.5997333333333335
vertex 13.999786666666669 -22.500053333333337 -3.0000533333333337
vertex 35.50005333333334 -22.500053333333337 -3.0000533333333337
endloop
endfacet
facet normal 0 -1 0
outer loop
vertex 26.499893333333336 -22.500053333333337 0.5997333333333335
vertex 35.50005333333334 -22.500053333333337 -3.0000533333333337
vertex 35.50005333333334 -22.500053333333337 3.0000533333333337
endloop
endfacet
facet normal 0 -1 0
outer loop
vertex 26.499893333333336 -22.500053333333337 0.5997333333333335
vertex 35.50005333333334 -22.500053333333337 3.0000533333333337
vertex 33.49978666666667 -22.500053333333337 3.0000533333333337
endloop
endfacet
facet normal 0 -1 0
outer loop
vertex -18.899573333333336 -22.500053333333337 0.5997333333333335
vertex -33.49978666666667 -22.500053333333337 3.0000533333333337
vertex -35.50005333333334 -22.500053333333337 3.0000533333333337
endloop
endfacet
facet normal 0 -1 0
outer loop
vertex -18.899573333333336 -22.500053333333337 0.5997333333333335
vertex -35.50005333333334 -22.500053333333337 3.0000533333333337
vertex -35.50005333333334 -22.500053333333337 -3.0000533333333337
endloop
endfacet
facet normal 0 -1 0
outer loop
vertex -18.899573333333336 -22.500053333333337 0.5997333333333335
vertex -35.50005333333334 -22.500053333333337 -3.0000533333333337
vertex 5.000320000000001 -22.500053333333337 -3.0000533333333337
endloop
endfacet
facet normal 0 -1 0
outer loop
vertex -18.899573333333336 -22.500053333333337 0.5997333333333335
vertex 5.000320000000001 -22.500053333333337 -3.0000533333333337
vertex 5.000320000000001 -22.500053333333337 3.0000533333333337
endloop
endfacet
facet normal 0 -0.9999999999999999 0
outer loop
vertex -18.899573333333336 -22.500053333333337 0.5997333333333335
vertex 5.000320000000001 -22.500053333333337 3.0000533333333337
vertex -33.49978666666667 -22.500053333333337 3.0000533333333337
endloop
endfacet
facet normal 0 -0.9999999999999999 0
outer loop
vertex 3.166453333333334 -22.500053333333337 -3.6670400000000005
vertex 13.999786666666669 -22.500053333333337 -3.0000533333333337
vertex 5.000320000000001 -22.500053333333337 -3.0000533333333337
endloop
endfacet
facet normal 0 -1 0
outer loop
vertex 3.166453333333334 -22.500053333333337 -3.6670400000000005
vertex 5.000320000000001 -22.500053333333337 -3.0000533333333337
vertex -35.50005333333334 -22.500053333333337 -3.0000533333333337
endloop
endfacet
facet normal 0 -1 0
outer loop
vertex 3.166453333333334 -22.500053333333337 -3.6670400000000005
vertex -35.50005333333334 -22.500053333333337 -3.0000533333333337
vertex -35.50005333333334 -22.500053333333337 -5.000320000000001
endloop
endfacet
facet normal 0 -1 0
outer loop
vertex 3.166453333333334 -22.500053333333337 -3.6670400000000005
vertex -35.50005333333334 -22.500053333333337 -5.000320000000001
vertex 35.50005333333334 -22.500053333333337 -5.000320000000001
endloop
endfacet
facet normal 0 -1 0
outer loop
vertex 3.166453333333334 -22.500053333333337 -3.6670400000000005
vertex 35.50005333333334 -22.500053333333337 -5.000320000000001
vertex 35.50005333333334 -22.500053333333337 -3.0000533333333337
endloop
endfacet
facet normal 0 -1 0
outer loop
vertex 3.166453333333334 -22.500053333333337 -3.6670400000000005
vertex 35.50005333333334 -22.500053333333337 -3.0000533333333337
vertex 13.999786666666669 -22.500053333333337 -3.0000533333333337
endloop
endfacet
facet normal 0 0 1
outer loop
vertex -33.49978666666667 22.500053333333337 3.0000533333333337
vertex -33.49978666666667 20.49978666666667 3.0000533333333337
vertex 33.49978666666667 20.49978666666667 3.0000533333333337
endloop
endfacet
facet normal 0 0 1
outer loop
vertex -33.49978666666667 22.500053333333337 3.0000533333333337
vertex 33.49978666666667 20.49978666666667 3.0000533333333337
vertex 33.49978666666667 22.500053333333337 3.0000533333333337
endloop
endfacet
facet normal 0 0 1
outer loop
vertex 31.000320000000006 16.49994666666667 3.0000533333333337
vertex 30.804800000000004 17.481013333333337 3.0000533333333337
vertex 30.617600000000007 17.424160000000004 3.0000533333333337
endloop
endfacet
facet normal 0 0 1
outer loop
vertex 31.000320000000006 16.49994666666667 3.0000533333333337
vertex 30.617600000000007 17.424160000000004 3.0000533333333337
vertex 30.44426666666667 17.331253333333336 3.0000533333333337
endloop
endfacet
facet normal 0 0 1
outer loop
vertex 31.000320000000006 16.49994666666667 3.0000533333333337
vertex 30.44426666666667 17.331253333333336 3.0000533333333337
vertex 30.293120000000005 17.20714666666667 3.0000533333333337
endloop
endfacet
facet normal 0 0 1
outer loop
vertex 31.000320000000006 16.49994666666667 3.0000533333333337
vertex 30.293120000000005 17.20714666666667 3.0000533333333337
vertex 30.168320000000005 17.05530666666667 3.0000533333333337
endloop
endfacet
facet normal 0 0 0.9999999999999999
outer loop
vertex 31.000320000000006 16.49994666666667 3.0000533333333337
vertex 30.168320000000005 17.05530666666667 3.0000533333333337
vertex 30.07610666666667 16.88266666666667 3.0000533333333337
endloop
endfacet
facet normal 0 0 1
outer loop
vertex 31.000320000000006 16.49994666666667 3.0000533333333337
vertex 30.07610666666667 16.88266666666667 3.0000533333333337
vertex 30.01925333333334 16.694773333333337 3.0000533333333337
endloop
endfacet
facet normal 0 0 1
outer loop
vertex 31.000320000000006 16.49994666666667 3.0000533333333337
vertex 30.01925333333334 16.694773333333337 3.0000533333333337
vertex 29.999840000000006 16.49994666666667 3.0000533333333337
endloop
endfacet
facet normal 0 0 1
outer loop
vertex 31.000320000000006 16.49994666666667 3.0000533333333337
vertex 29.999840000000006 16.49994666666667 3.0000533333333337
vertex 30.01925333333334 16.305120000000002 3.0000533333333337
endloop
endfacet
facet normal 0 0 1
outer loop
vertex 31.000320000000006 16.49994666666667 3.0000533333333337
vertex 30.01925333333334 16.305120000000002 3.0000533333333337
vertex 30.07610666666667 16.11722666666667 3.0000533333333337
endloop
endfacet
facet normal 0 0 0.9999999999999999
outer loop
vertex 31.000320000000006 16.49994666666667 3.0000533333333337
vertex 30.07610666666667 16.11722666666667 3.0000533333333337
vertex 30.168320000000005 15.94458666666667 3.0000533333333337
endloop
endfacet
facet normal 0 0 1
outer loop
vertex 31.000320000000006 16.49994666666667 3.0000533333333337
vertex 30.168320000000005 15.94458666666667 3.0000533333333337
vertex 30.293120000000005 15.79274666666667 3.0000533333333337
endloop
endfacet
facet normal 0 0 1
outer loop
vertex 31.000320000000006 16.49994666666667 3.0000533333333337
vertex 30.293120000000005 15.79274666666667 3.0000533333333337
vertex 30.44426666666667 15.668640000000003 3.0000533333333337
endloop
endfacet
facet normal 0 0 1
outer loop
vertex 31.000320000000006 16.49994666666667 3.0000533333333337
vertex 30.44426666666667 15.668640000000003 3.0000533333333337
vertex 30.617600000000007 15.57642666666667 3.0000533333333337
endloop
endfacet
facet normal 0 0 1
outer loop
vertex 31.000320000000006 16.49994666666667 3.0000533333333337
vertex 30.617600000000007 15.57642666666667 3.0000533333333337
vertex 30.804800000000004 15.518880000000003 3.0000533333333337
endloop
endfacet
facet normal 0 0 1
outer loop
vertex 31.000320000000006 16.49994666666667 3.0000533333333337
vertex 30.804800000000004 15.518880000000003 3.0000533333333337
vertex 31.000320000000006 15.500160000000003 3.0000533333333337
endloop
endfacet
facet normal 0 0 1
outer loop
vertex 31.000320000000006 16.49994666666667 3.0000533333333337
vertex 31.000320000000006 15.500160000000003 3.0000533333333337
vertex 31.195146666666673 15.518880000000003 3.0000533333333337
endloop
endfacet
facet normal 0 0 1
outer loop
vertex 31.000320000000006 16.49994666666667 3.0000533333333337
vertex 31.195146666666673 15.518880000000003 3.0000533333333337
vertex 31.38234666666667 15.57642666666667 3.0000533333333337
endloop
endfacet
facet normal 0 0 1
outer loop
vertex 31.000320000000006 16.49994666666667 3.0000533333333337
vertex 31.38234666666667 15.57642666666667 3.0000533333333337
vertex 31.555680000000006 15.668640000000003 3.0000533333333337
endloop
endfacet
facet normal 0 0 1
outer loop
vertex 31.000320000000006 16.49994666666667 3.0000533333333337
vertex 31.555680000000006 15.668640000000003 3.0000533333333337
vertex 31.70682666666667 15.79274666666667 3.0000533333333337
endloop
endfacet
facet normal 0 0 1
outer loop
vertex 31.000320000000006 16.49994666666667 3.0000533333333337
vertex 31.70682666666667 15.79274666666667 3.0000533333333337
vertex 31.831626666666672 15.94458666666667 3.0000533333333337
endloop
endfacet
facet normal 0 0 0.9999999999999999
outer loop
vertex 31.000320000000006 16.49994666666667 3.0000533333333337
vertex 31.831626666666672 15.94458666666667 3.0000533333333337
vertex 31.923840000000006 16.11722666666667 3.0000533333333337
endloop
endfacet
facet normal 0 0 1
outer loop
vertex 31.000320000000006 16.49994666666667 3.0000533333333337
vertex 31.923840000000006 16.11722666666667 3.0000533333333337
vertex 31.98069333333334 16.305120000000002 3.0000533333333337
endloop
endfacet
facet normal 0 0 1
outer loop
vertex 31.000320000000006 16.49994666666667 3.0000533333333337
vertex 31.98069333333334 16.305120000000002 3.0000533333333337
vertex 32.000106666666674 16.49994666666667 3.0000533333333337
endloop
endfacet
facet normal 0 0 1
outer loop
vertex 31.000320000000006 16.49994666666667 3.0000533333333337
vertex 32.000106666666674 16.49994666666667 3.0000533333333337
vertex 31.98069333333334 16.694773333333337 3.0000533333333337
endloop
endfacet
facet normal 0 0 1
outer loop
vertex 31.000320000000006 16.49994666666667 3.0000533333333337
vertex 31.98069333333334 16.694773333333337 3.0000533333333337
vertex 31.923840000000006 16.88266666666667 3.0000533333333337
endloop
endfacet
facet normal 0 0 0.9999999999999999
outer loop
vertex 31.000320000000006 16.49994666666667 3.0000533333333337
vertex 31.923840000000006 16.88266666666667 3.0000533333333337
vertex 31.831626666666672 17.05530666666667 3.0000533333333337
endloop
endfacet
facet normal 0 0 1
outer loop
vertex 31.000320000000006 16.49994666666667 3.0000533333333337
vertex 31.831626666666672 17.05530666666667 3.0000533333333337
vertex 31.70682666666667 17.20714666666667 3.0000533333333337
endloop
endfacet
facet normal 0 0 1
outer loop
vertex 31.000320000000006 16.49994666666667 3.0000533333333337
vertex 31.70682666666667 17.20714666666667 3.0000533333333337
vertex 31.555680000000006 17.331253333333336 3.0000533333333337
endloop
endfacet
facet normal 0 0 1
outer loop
vertex 31.000320000000006 16.49994666666667 3.0000533333333337
vertex 31.555680000000006 17.331253333333336 3.0000533333333337
vertex 31.38234666666667 17.424160000000004 3.0000533333333337
endloop
endfacet
facet normal 0 0 1
outer loop
vertex 31.000320000000006 16.49994666666667 3.0000533333333337
vertex 31.38234666666667 17.424160000000004 3.0000533333333337
vertex 31.195146666666673 17.481013333333337 3.0000533333333337
endloop
endfacet
facet normal 0 0 0.9999999999999999
outer loop
vertex 31.000320000000006 16.49994666666667 3.0000533333333337
vertex 31.195146666666673 17.481013333333337 3.0000533333333337
vertex 31.000320000000006 17.499733333333335 3.0000533333333337
endloop
endfacet
facet normal 0 0 0.9999999999999999
outer loop
vertex 31.000320000000006 16.49994666666667 3.0000533333333337
vertex 31.000320000000006 17.499733333333335 3.0000533333333337
vertex 30.804800000000004 17.481013333333337 3.0000533333333337
endloop
endfacet
facet normal 0 0 1
outer loop
vertex -31.000320000000006 16.49994666666667 3.0000533333333337
vertex -31.195146666666673 17.481013333333337 3.0000533333333337
vertex -31.38234666666667 17.424160000000004 3.0000533333333337
endloop
endfacet
facet normal 0 0 1
outer loop
vertex -31.000320000000006 16.49994666666667 3.0000533333333337
vertex -31.38234666666667 17.424160000000004 3.0000533333333337
vertex -31.555680000000006 17.331253333333336 3.0000533333333337
endloop
endfacet
facet normal 0 0 1
outer loop
vertex -31.000320000000006 16.49994666666667 3.0000533333333337
vertex -31.555680000000006 17.331253333333336 3.0000533333333337
vertex -31.70682666666667 17.20714666666667 3.0000533333333337
endloop
endfacet
facet normal 0 0 1
outer loop
vertex -31.000320000000006 16.49994666666667 3.0000533333333337
vertex -31.70682666666667 17.20714666666667 3.0000533333333337
vertex -31.831626666666672 17.05530666666667 3.0000533333333337
endloop
endfacet
facet normal 0 0 0.9999999999999999
outer loop
vertex -31.000320000000006 16.49994666666667 3.0000533333333337
vertex -31.831626666666672 17.05530666666667 3.0000533333333337
vertex -31.923840000000006 16.88266666666667 3.0000533333333337
endloop
endfacet
facet normal 0 0 1
outer loop
vertex -31.000320000000006 16.49994666666667 3.0000533333333337
vertex -31.923840000000006 16.88266666666667 3.0000533333333337
vertex -31.98069333333334 16.694773333333337 3.0000533333333337
endloop
endfacet
facet normal 0 0 1
outer loop
vertex -31.000320000000006 16.49994666666667 3.0000533333333337
vertex -31.98069333333334 16.694773333333337 3.0000533333333337
vertex -32.000106666666674 16.49994666666667 3.0000533333333337
endloop
endfacet
facet normal 0 0 1
outer loop
vertex -31.000320000000006 16.49994666666667 3.0000533333333337
vertex -32.000106666666674 16.49994666666667 3.0000533333333337
vertex -31.98069333333334 16.305120000000002 3.0000533333333337
endloop
endfacet
facet normal 0 0 1
outer loop
vertex -31.000320000000006 16.49994666666667 3.0000533333333337
vertex -31.98069333333334 16.305120000000002 3.0000533333333337
vertex -31.923840000000006 16.11722666666667 3.0000533333333337
endloop
endfacet
facet normal 0 0 0.9999999999999999
outer loop
vertex -31.000320000000006 16.49994666666667 3.0000533333333337
vertex -31.923840000000006 16.11722666666667 3.0000533333333337
vertex -31.831626666666672 15.94458666666667 3.0000533333333337
endloop
endfacet
facet normal 0 0 1
outer loop
vertex -31.000320000000006 16.49994666666667 3.0000533333333337
vertex -31.831626666666672 15.94458666666667 3.0000533333333337
vertex -31.70682666666667 15.79274666666667 3.0000533333333337
endloop
endfacet
facet normal 0 0 1
outer loop
vertex -31.000320000000006 16.49994666666667 3.0000533333333337
vertex -31.70682666666667 15.79274666666667 3.0000533333333337
vertex -31.555680000000006 15.668640000000003 3.0000533333333337
endloop
endfacet
facet normal 0 0 1
outer loop
vertex -31.000320000000006 16.49994666666667 3.0000533333333337
vertex -31.555680000000006 15.668640000000003 3.0000533333333337
vertex -31.38234666666667 15.57642666666667 3.0000533333333337
endloop
endfacet
facet normal 0 0 1
outer loop
vertex -31.000320000000006 16.49994666666667 3.0000533333333337
vertex -31.38234666666667 15.57642666666667 3.0000533333333337
vertex -31.195146666666673 15.518880000000003 3.0000533333333337
endloop
endfacet
facet normal 0 0 1
outer loop
vertex -31.000320000000006 16.49994666666667 3.0000533333333337
vertex -31.195146666666673 15.518880000000003 3.0000533333333337
vertex -31.000320000000006 15.500160000000003 3.0000533333333337
endloop
endfacet
facet normal 0 0 1
outer loop
vertex -31.000320000000006 16.49994666666667 3.0000533333333337
vertex -31.000320000000006 15.500160000000003 3.0000533333333337
vertex -30.804800000000004 15.518880000000003 3.0000533333333337
endloop
endfacet
facet normal 0 0 1
outer loop
vertex -31.000320000000006 16.49994666666667 3.0000533333333337
vertex -30.804800000000004 15.518880000000003 3.0000533333333337
vertex -30.617600000000007 15.57642666666667 3.0000533333333337
endloop
endfacet
facet normal 0 0 1
outer loop
vertex -31.000320000000006 16.49994666666667 3.0000533333333337
vertex -30.617600000000007 15.57642666666667 3.0000533333333337
vertex -30.44426666666667 15.668640000000003 3.0000533333333337
endloop
endfacet
facet normal 0 0 1
outer loop
vertex -31.000320000000006 16.49994666666667 3.0000533333333337
vertex -30.44426666666667 15.668640000000003 3.0000533333333337
vertex -30.293120000000005 15.79274666666667 3.0000533333333337
endloop
endfacet
facet normal 0 0 1
outer loop
vertex -31.000320000000006 16.49994666666667 3.0000533333333337
vertex -30.293120000000005 15.79274666666667 3.0000533333333337
vertex -30.168320000000005 15.94458666666667 3.0000533333333337
endloop
endfacet
facet normal 0 0 0.9999999999999999
outer loop
vertex -31.000320000000006 16.49994666666667 3.0000533333333337
vertex -30.168320000000005 15.94458666666667 3.0000533333333337
vertex -30.07610666666667 16.11722666666667 3.0000533333333337
endloop
endfacet
facet normal 0 0 1
outer loop
vertex -31.000320000000006 16.49994666666667 3.0000533333333337
vertex -30.07610666666667 16.11722666666667 3.0000533333333337
vertex -30.01925333333334 16.305120000000002 3.0000533333333337
endloop
endfacet
facet normal 0 0 1
outer loop
vertex -31.000320000000006 16.49994666666667 3.0000533333333337
vertex -30.01925333333334 16.305120000000002 3.0000533333333337
vertex -29.999840000000006 16.49994666666667 3.0000533333333337
endloop
endfacet
facet normal 0 0 1
outer loop
vertex -31.000320000000006 16.49994666666667 3.0000533333333337
vertex -29.999840000000006 16.49994666666667 3.0000533333333337
vertex -30.01925333333334 16.694773333333337 3.0000533333333337
endloop
endfacet
facet normal 0 0 1
outer loop
vertex -31.000320000000006 16.49994666666667 3.0000533333333337
vertex -30.01925333333334 16.694773333333337 3.0000533333333337
vertex -30.07610666666667 16.88266666666667 3.0000533333333337
endloop
endfacet
facet normal 0 0 0.9999999999999999
outer loop
vertex -31.000320000000006 16.49994666666667 3.0000533333333337
vertex -30.07610666666667 16.88266666666667 3.0000533333333337
vertex -30.168320000000005 17.05530666666667 3.0000533333333337
endloop
endfacet
facet normal 0 0 1
outer loop
vertex -31.000320000000006 16.49994666666667 3.0000533333333337
vertex -30.168320000000005 17.05530666666667 3.0000533333333337
vertex -30.293120000000005 17.20714666666667 3.0000533333333337
endloop
endfacet
facet normal 0 0 1
outer loop
vertex -31.000320000000006 16.49994666666667 3.0000533333333337
vertex -30.293120000000005 17.20714666666667 3.0000533333333337
vertex -30.44426666666667 17.331253333333336 3.0000533333333337
endloop
endfacet
facet normal 0 0 1
outer loop
vertex -31.000320000000006 16.49994666666667 3.0000533333333337
vertex -30.44426666666667 17.331253333333336 3.0000533333333337
vertex -30.617600000000007 17.424160000000004 3.0000533333333337
endloop
endfacet
facet normal 0 0 1
outer loop
vertex -31.000320000000006 16.49994666666667 3.0000533333333337
vertex -30.617600000000007 17.424160000000004 3.0000533333333337
vertex -30.804800000000004 17.481013333333337 3.0000533333333337
endloop
endfacet
facet normal 0 0 0.9999999999999999
outer loop
vertex -31.000320000000006 16.49994666666667 3.0000533333333337
vertex -30.804800000000004 17.481013333333337 3.0000533333333337
vertex -31.000320000000006 17.499733333333335 3.0000533333333337
endloop
endfacet
facet normal 0 0 0.9999999999999999
outer loop
vertex -31.000320000000006 16.49994666666667 3.0000533333333337
vertex -31.000320000000006 17.499733333333335 3.0000533333333337
vertex -31.195146666666673 17.481013333333337 3.0000533333333337
endloop
endfacet
facet normal 0 0 1
outer loop
vertex 31.000320000000006 -16.49994666666667 3.0000533333333337
vertex 30.804800000000004 -15.518880000000003 3.0000533333333337
vertex 30.617600000000007 -15.57642666666667 3.0000533333333337
endloop
endfacet
facet normal 0 0 1
outer loop
vertex 31.000320000000006 -16.49994666666667 3.0000533333333337
vertex 30.617600000000007 -15.57642666666667 3.0000533333333337
vertex 30.44426666666667 -15.668640000000003 3.0000533333333337
endloop
endfacet
facet normal 0 0 1
outer loop
vertex 31.000320000000006 -16.49994666666667 3.0000533333333337
vertex 30.44426666666667 -15.668640000000003 3.0000533333333337
vertex 30.293120000000005 -15.79274666666667 3.0000533333333337
endloop
endfacet
facet normal 0 0 1
outer loop
vertex 31.000320000000006 -16.49994666666667 3.0000533333333337
vertex 30.293120000000005 -15.79274666666667 3.0000533333333337
vertex 30.168320000000005 -15.94458666666667 3.0000533333333337
endloop
endfacet
facet normal 0 0 0.9999999999999999
outer loop
vertex 31.000320000000006 -16.49994666666667 3.0000533333333337
vertex 30.168320000000005 -15.94458666666667 3.0000533333333337
vertex 30.07610666666667 -16.11722666666667 3.0000533333333337
endloop
endfacet
facet normal 0 0 1
outer loop
vertex 31.000320000000006 -16.49994666666667 3.0000533333333337
vertex 30.07610666666667 -16.11722666666667 3.0000533333333337
vertex 30.01925333333334 -16.305120000000002 3.0000533333333337
endloop
endfacet
facet normal 0 0 1
outer loop
vertex 31.000320000000006 -16.49994666666667 3.0000533333333337
vertex 30.01925333333334 -16.305120000000002 3.0000533333333337
vertex 29.999840000000006 -16.49994666666667 3.0000533333333337
endloop
endfacet
facet normal 0 0 1
outer loop
vertex 31.000320000000006 -16.49994666666667 3.0000533333333337
vertex 29.999840000000006 -16.49994666666667 3.0000533333333337
vertex 30.01925333333334 -16.694773333333337 3.0000533333333337
endloop
endfacet
facet normal 0 0 1
outer loop
vertex 31.000320000000006 -16.49994666666667 3.0000533333333337
vertex 30.01925333333334 -16.694773333333337 3.0000533333333337
vertex 30.07610666666667 -16.88266666666667 3.0000533333333337
endloop
endfacet
facet normal 0 0 0.9999999999999999
outer loop
vertex 31.000320000000006 -16.49994666666667 3.0000533333333337
vertex 30.07610666666667 -16.88266666666667 3.0000533333333337
vertex 30.168320000000005 -17.05530666666667 3.0000533333333337
endloop
endfacet
facet normal 0 0 1
outer loop
vertex 31.000320000000006 -16.49994666666667 3.0000533333333337
vertex 30.168320000000005 -17.05530666666667 3.0000533333333337
vertex 30.293120000000005 -17.20714666666667 3.0000533333333337
endloop
endfacet
facet normal 0 0 1
outer loop
vertex 31.000320000000006 -16.49994666666667 3.0000533333333337
vertex 30.293120000000005 -17.20714666666667 3.0000533333333337
vertex 30.44426666666667 -17.331253333333336 3.0000533333333337
endloop
endfacet
facet normal 0 0 1
outer loop
vertex 31.000320000000006 -16.49994666666667 3.0000533333333337
vertex 30.44426666666667 -17.331253333333336 3.0000533333333337
vertex 30.617600000000007 -17.424160000000004 3.0000533333333337
endloop
endfacet
facet normal 0 0 1
outer loop
vertex 31.000320000000006 -16.49994666666667 3.0000533333333337
vertex 30.617600000000007 -17.424160000000004 3.0000533333333337
vertex 30.804800000000004 -17.481013333333337 3.0000533333333337
endloop
endfacet
facet normal 0 0 0.9999999999999999
outer loop
vertex 31.000320000000006 -16.49994666666667 3.0000533333333337
vertex 30.804800000000004 -17.481013333333337 3.0000533333333337
vertex 31.000320000000006 -17.499733333333335 3.0000533333333337
endloop
endfacet
facet normal 0 0 0.9999999999999999
outer loop
vertex 31.000320000000006 -16.49994666666667 3.0000533333333337
vertex 31.000320000000006 -17.499733333333335 3.0000533333333337
vertex 31.195146666666673 -17.481013333333337 3.0000533333333337
endloop
endfacet
facet normal 0 0 1
outer loop
vertex 31.000320000000006 -16.49994666666667 3.0000533333333337
vertex 31.195146666666673 -17.481013333333337 3.0000533333333337
vertex 31.38234666666667 -17.424160000000004 3.0000533333333337
endloop
endfacet
facet normal 0 0 1
outer loop
vertex 31.000320000000006 -16.49994666666667 3.0000533333333337
vertex 31.38234666666667 -17.424160000000004 3.0000533333333337
vertex 31.555680000000006 -17.331253333333336 3.0000533333333337
endloop
endfacet
facet normal 0 0 1
outer loop
vertex 31.000320000000006 -16.49994666666667 3.0000533333333337
vertex 31.555680000000006 -17.331253333333336 3.0000533333333337
vertex 31.70682666666667 -17.20714666666667 3.0000533333333337
endloop
endfacet
facet normal 0 0 1
outer loop
vertex 31.000320000000006 -16.49994666666667 3.0000533333333337
vertex 31.70682666666667 -17.20714666666667 3.0000533333333337
vertex 31.831626666666672 -17.05530666666667 3.0000533333333337
endloop
endfacet
facet normal 0 0 0.9999999999999999
outer loop
vertex 31.000320000000006 -16.49994666666667 3.0000533333333337
vertex 31.831626666666672 -17.05530666666667 3.0000533333333337
vertex 31.923840000000006 -16.88266666666667 3.0000533333333337
endloop
endfacet
facet normal 0 0 1
outer loop
vertex 31.000320000000006 -16.49994666666667 3.0000533333333337
vertex 31.923840000000006 -16.88266666666667 3.0000533333333337
vertex 31.98069333333334 -16.694773333333337 3.0000533333333337
endloop
endfacet
facet normal 0 0 1
outer loop
vertex 31.000320000000006 -16.49994666666667 3.0000533333333337
vertex 31.98069333333334 -16.694773333333337 3.0000533333333337
vertex 32.000106666666674 -16.49994666666667 3.0000533333333337
endloop
endfacet
facet normal 0 0 1
outer loop
vertex 31.000320000000006 -16.49994666666667 3.0000533333333337
vertex 32.000106666666674 -16.49994666666667 3.0000533333333337
vertex 31.98069333333334 -16.305120000000002 3.0000533333333337
endloop
endfacet
facet normal 0 0 1
outer loop
vertex 31.000320000000006 -16.49994666666667 3.0000533333333337
vertex 31.98069333333334 -16.305120000000002 3.0000533333333337
vertex 31.923840000000006 -16.11722666666667 3.0000533333333337
endloop
endfacet
facet normal 0 0 0.9999999999999999
outer loop
vertex 31.000320000000006 -16.49994666666667 3.0000533333333337
vertex 31.923840000000006 -16.11722666666667 3.0000533333333337
vertex 31.831626666666672 -15.94458666666667 3.0000533333333337
endloop
endfacet
facet normal 0 0 1
outer loop
vertex 31.000320000000006 -16.49994666666667 3.0000533333333337
vertex 31.831626666666672 -15.94458666666667 3.0000533333333337
vertex 31.70682666666667 -15.79274666666667 3.0000533333333337
endloop
endfacet
facet normal 0 0 1
outer loop
vertex 31.000320000000006 -16.49994666666667 3.0000533333333337
vertex 31.70682666666667 -15.79274666666667 3.0000533333333337
vertex 31.555680000000006 -15.668640000000003 3.0000533333333337
endloop
endfacet
facet normal 0 0 1
outer loop
vertex 31.000320000000006 -16.49994666666667 3.0000533333333337
vertex 31.555680000000006 -15.668640000000003 3.0000533333333337
vertex 31.38234666666667 -15.57642666666667 3.0000533333333337
endloop
endfacet
facet normal 0 0 1
outer loop
vertex 31.000320000000006 -16.49994666666667 3.0000533333333337
vertex 31.38234666666667 -15.57642666666667 3.0000533333333337
vertex 31.195146666666673 -15.518880000000003 3.0000533333333337
endloop
endfacet
facet normal 0 0 1
outer loop
vertex 31.000320000000006 -16.49994666666667 3.0000533333333337
vertex 31.195146666666673 -15.518880000000003 3.0000533333333337
vertex 31.000320000000006 -15.500160000000003 3.0000533333333337
endloop
endfacet
facet normal 0 0 1
outer loop
vertex 31.000320000000006 -16.49994666666667 3.0000533333333337
vertex 31.000320000000006 -15.500160000000003 3.0000533333333337
vertex 30.804800000000004 -15.518880000000003 3.0000533333333337
endloop
endfacet
facet normal 0 0 1
outer loop
vertex -31.000320000000006 -16.49994666666667 3.0000533333333337
vertex -31.195146666666673 -15.518880000000003 3.0000533333333337
vertex -31.38234666666667 -15.57642666666667 3.0000533333333337
endloop
endfacet
facet normal 0 0 1
outer loop
vertex -31.000320000000006 -16.49994666666667 3.0000533333333337
vertex -31.38234666666667 -15.57642666666667 3.0000533333333337
vertex -31.555680000000006 -15.668640000000003 3.0000533333333337
endloop
endfacet
facet normal 0 0 1
outer loop
vertex -31.000320000000006 -16.49994666666667 3.0000533333333337
vertex -31.555680000000006 -15.668640000000003 3.0000533333333337
vertex -31.70682666666667 -15.79274666666667 3.0000533333333337
endloop
endfacet
facet normal 0 0 1
outer loop
vertex -31.000320000000006 -16.49994666666667 3.0000533333333337
vertex -31.70682666666667 -15.79274666666667 3.0000533333333337
vertex -31.831626666666672 -15.94458666666667 3.0000533333333337
endloop
endfacet
facet normal 0 0 0.9999999999999999
outer loop
vertex -31.000320000000006 -16.49994666666667 3.0000533333333337
vertex -31.831626666666672 -15.94458666666667 3.0000533333333337
vertex -31.923840000000006 -16.11722666666667 3.0000533333333337
endloop
endfacet
facet normal 0 0 1
outer loop
vertex -31.000320000000006 -16.49994666666667 3.0000533333333337
vertex -31.923840000000006 -16.11722666666667 3.0000533333333337
vertex -31.98069333333334 -16.305120000000002 3.0000533333333337
endloop
endfacet
facet normal 0 0 1
outer loop
vertex -31.000320000000006 -16.49994666666667 3.0000533333333337
vertex -31.98069333333334 -16.305120000000002 3.0000533333333337
vertex -32.000106666666674 -16.49994666666667 3.0000533333333337
endloop
endfacet
facet normal 0 0 1
outer loop
vertex -31.000320000000006 -16.49994666666667 3.0000533333333337
vertex -32.000106666666674 -16.49994666666667 3.0000533333333337
vertex -31.98069333333334 -16.694773333333337 3.0000533333333337
endloop
endfacet
facet normal 0 0 1
outer loop
vertex -31.000320000000006 -16.49994666666667 3.0000533333333337
vertex -31.98069333333334 -16.694773333333337 3.0000533333333337
vertex -31.923840000000006 -16.88266666666667 3.0000533333333337
endloop
endfacet
facet normal 0 0 0.9999999999999999
outer loop
vertex -31.000320000000006 -16.49994666666667 3.0000533333333337
vertex -31.923840000000006 -16.88266666666667 3.0000533333333337
vertex -31.831626666666672 -17.05530666666667 3.0000533333333337
endloop
endfacet
facet normal 0 0 1
outer loop
vertex -31.000320000000006 -16.49994666666667 3.0000533333333337
vertex -31.831626666666672 -17.05530666666667 3.0000533333333337
vertex -31.70682666666667 -17.20714666666667 3.0000533333333337
endloop
endfacet
facet normal 0 0 1
outer loop
vertex -31.000320000000006 -16.49994666666667 3.0000533333333337
vertex -31.70682666666667 -17.20714666666667 3.0000533333333337
vertex -31.555680000000006 -17.331253333333336 3.0000533333333337
endloop
endfacet
facet normal 0 0 1
outer loop
vertex -31.000320000000006 -16.49994666666667 3.0000533333333337
vertex -31.555680000000006 -17.331253333333336 3.0000533333333337
vertex -31.38234666666667 -17.424160000000004 3.0000533333333337
endloop
endfacet
facet normal 0 0 1
outer loop
vertex -31.000320000000006 -16.49994666666667 3.0000533333333337
vertex -31.38234666666667 -17.424160000000004 3.0000533333333337
vertex -31.195146666666673 -17.481013333333337 3.0000533333333337
endloop
endfacet
facet normal 0 0 0.9999999999999999
outer loop
vertex -31.000320000000006 -16.49994666666667 3.0000533333333337
vertex -31.195146666666673 -17.481013333333337 3.0000533333333337
vertex -31.000320000000006 -17.499733333333335 3.0000533333333337
endloop
endfacet
facet normal 0 0 0.9999999999999999
outer loop
vertex -31.000320000000006 -16.49994666666667 3.0000533333333337
vertex -31.000320000000006 -17.499733333333335 3.0000533333333337
vertex -30.804800000000004 -17.481013333333337 3.0000533333333337
endloop
endfacet
facet normal 0 0 1
outer loop
vertex -31.000320000000006 -16.49994666666667 3.0000533333333337
vertex -30.804800000000004 -17.481013333333337 3.0000533333333337
vertex -30.617600000000007 -17.424160000000004 3.0000533333333337
endloop
endfacet
facet normal 0 0 1
outer loop
vertex -31.000320000000006 -16.49994666666667 3.0000533333333337
vertex -30.617600000000007 -17.424160000000004 3.0000533333333337
vertex -30.44426666666667 -17.331253333333336 3.0000533333333337
endloop
endfacet
facet normal 0 0 1
outer loop
vertex -31.000320000000006 -16.49994666666667 3.0000533333333337
vertex -30.44426666666667 -17.331253333333336 3.0000533333333337
vertex -30.293120000000005 -17.20714666666667 3.0000533333333337
endloop
endfacet
facet normal 0 0 1
outer loop
vertex -31.000320000000006 -16.49994666666667 3.0000533333333337
vertex -30.293120000000005 -17.20714666666667 3.0000533333333337
vertex -30.168320000000005 -17.05530666666667 3.0000533333333337
endloop
endfacet
facet normal 0 0 0.9999999999999999
outer loop
vertex -31.000320000000006 -16.49994666666667 3.0000533333333337
vertex -30.168320000000005 -17.05530666666667 3.0000533333333337
vertex -30.07610666666667 -16.88266666666667 3.0000533333333337
endloop
endfacet
facet normal 0 0 1
outer loop
vertex -31.000320000000006 -16.49994666666667 3.0000533333333337
vertex -30.07610666666667 -16.88266666666667 3.0000533333333337
vertex -30.01925333333334 -16.694773333333337 3.0000533333333337
endloop
endfacet
facet normal 0 0 1
outer loop
vertex -31.000320000000006 -16.49994666666667 3.0000533333333337
vertex -30.01925333333334 -16.694773333333337 3.0000533333333337
vertex -29.999840000000006 -16.49994666666667 3.0000533333333337
endloop
endfacet
facet normal 0 0 1
outer loop
vertex -31.000320000000006 -16.49994666666667 3.0000533333333337
vertex -29.999840000000006 -16.49994666666667 3.0000533333333337
vertex -30.01925333333334 -16.305120000000002 3.0000533333333337
endloop
endfacet
facet normal 0 0 1
outer loop
vertex -31.000320000000006 -16.49994666666667 3.0000533333333337
vertex -30.01925333333334 -16.305120000000002 3.0000533333333337
vertex -30.07610666666667 -16.11722666666667 3.0000533333333337
endloop
endfacet
facet normal 0 0 0.9999999999999999
outer loop
vertex -31.000320000000006 -16.49994666666667 3.0000533333333337
vertex -30.07610666666667 -16.11722666666667 3.0000533333333337
vertex -30.168320000000005 -15.94458666666667 3.0000533333333337
endloop
endfacet
facet normal 0 0 1
outer loop
vertex -31.000320000000006 -16.49994666666667 3.0000533333333337
vertex -30.168320000000005 -15.94458666666667 3.0000533333333337
vertex -30.293120000000005 -15.79274666666667 3.0000533333333337
endloop
endfacet
facet normal 0 0 1
outer loop
vertex -31.000320000000006 -16.49994666666667 3.0000533333333337
vertex -30.293120000000005 -15.79274666666667 3.0000533333333337
vertex -30.44426666666667 -15.668640000000003 3.0000533333333337
endloop
endfacet
facet normal 0 0 1
outer loop
vertex -31.000320000000006 -16.49994666666667 3.0000533333333337
vertex -30.44426666666667 -15.668640000000003 3.0000533333333337
vertex -30.617600000000007 -15.57642666666667 3.0000533333333337
endloop
endfacet
facet normal 0 0 1
outer loop
vertex -31.000320000000006 -16.49994666666667 3.0000533333333337
vertex -30.617600000000007 -15.57642666666667 3.0000533333333337
vertex -30.804800000000004 -15.518880000000003 3.0000533333333337
endloop
endfacet
facet normal 0 0 1
outer loop
vertex -31.000320000000006 -16.49994666666667 3.0000533333333337
vertex -30.804800000000004 -15.518880000000003 3.0000533333333337
vertex -31.000320000000006 -15.500160000000003 3.0000533333333337
endloop
endfacet
facet normal 0 0 1
outer loop
vertex -31.000320000000006 -16.49994666666667 3.0000533333333337
vertex -31.000320000000006 -15.500160000000003 3.0000533333333337
vertex -31.195146666666673 -15.518880000000003 3.0000533333333337
endloop
endfacet
facet normal 0 0 1
outer loop
vertex 33.49978666666667 20.49978666666667 3.0000533333333337
vertex 33.49978666666667 -20.49978666666667 3.0000533333333337
vertex 35.50005333333334 -20.49978666666667 3.0000533333333337
endloop
endfacet
facet normal 0 0 1
outer loop
vertex 33.49978666666667 20.49978666666667 3.0000533333333337
vertex 35.50005333333334 -20.49978666666667 3.0000533333333337
vertex 35.50005333333334 20.49978666666667 3.0000533333333337
endloop
endfacet
facet normal 0 0 1
outer loop
vertex -35.50005333333334 20.49978666666667 3.0000533333333337
vertex -35.50005333333334 -20.49978666666667 3.0000533333333337
vertex -33.49978666666667 -20.49978666666667 3.0000533333333337
endloop
endfacet
facet normal 0 0 1
outer loop
vertex -35.50005333333334 20.49978666666667 3.0000533333333337
vertex -33.49978666666667 -20.49978666666667 3.0000533333333337
vertex -33.49978666666667 20.49978666666667 3.0000533333333337
endloop
endfacet
facet normal 0 0 0.9999999999999999
outer loop
vertex 13.999786666666669 -20.49978666666667 3.0000533333333337
vertex 13.999786666666669 -22.500053333333337 3.0000533333333337
vertex 33.49978666666667 -22.500053333333337 3.0000533333333337
endloop
endfacet
facet normal 0 0 0.9999999999999999
outer loop
vertex 13.999786666666669 -20.49978666666667 3.0000533333333337
vertex 33.49978666666667 -22.500053333333337 3.0000533333333337
vertex 33.49978666666667 -20.49978666666667 3.0000533333333337
endloop
endfacet
facet normal 0 0 1
outer loop
vertex -33.49978666666667 -20.49978666666667 3.0000533333333337
vertex -33.49978666666667 -22.500053333333337 3.0000533333333337
vertex 5.000320000000001 -22.500053333333337 3.0000533333333337
endloop
endfacet
facet normal 0 0 1
outer loop
vertex -33.49978666666667 -20.49978666666667 3.0000533333333337
vertex 5.000320000000001 -22.500053333333337 3.0000533333333337
vertex 5.000320000000001 -20.49978666666667 3.0000533333333337
endloop
endfacet
facet normal -1 0 0
outer loop
vertex -35.50005333333334 -20.49978666666667 5.000320000000001
vertex -35.50005333333334 -20.49978666666667 3.0000533333333337
vertex -35.50005333333334 -22.500053333333337 3.0000533333333337
endloop
endfacet
facet normal -1 0 0
outer loop
vertex -35.50005333333334 -20.49978666666667 5.000320000000001
vertex -35.50005333333334 -22.500053333333337 3.0000533333333337
vertex -35.50005333333334 -22.500053333333337 5.000320000000001
endloop
endfacet
facet normal -1 0 0
outer loop
vertex -35.50005333333334 22.500053333333337 5.000320000000001
vertex -35.50005333333334 22.500053333333337 3.0000533333333337
vertex -35.50005333333334 20.49978666666667 3.0000533333333337
endloop
endfacet
facet normal -1 0 0
outer loop
vertex -35.50005333333334 22.500053333333337 5.000320000000001
vertex -35.50005333333334 20.49978666666667 3.0000533333333337
vertex -35.50005333333334 20.49978666666667 5.000320000000001
endloop
endfacet
facet normal -1 0 0
outer loop
vertex -35.50005333333334 102.50032000000002 0.9997866666666668
vertex -35.50005333333334 102.50032000000002 -0.9997866666666668
vertex -35.50005333333334 61.50005333333334 -0.9997866666666668
endloop
endfacet
facet normal -1 0 0
outer loop
vertex -35.50005333333334 102.50032000000002 0.9997866666666668
vertex -35.50005333333334 61.50005333333334 -0.9997866666666668
vertex -35.50005333333334 61.50005333333334 0.9997866666666668
endloop
endfacet
facet normal -1 0 0
outer loop
vertex -35.50005333333334 -2.5001600000000006 -1.222346666666667
vertex -35.50005333333334 -20.49978666666667 3.0000533333333337
vertex -35.50005333333334 20.49978666666667 3.0000533333333337
endloop
endfacet
facet normal -1 0 0
outer loop
vertex -35.50005333333334 -2.5001600000000006 -1.222346666666667
vertex -35.50005333333334 20.49978666666667 3.0000533333333337
vertex -35.50005333333334 22.500053333333337 3.0000533333333337
endloop
endfacet
facet normal -1 0 0
outer loop
vertex -35.50005333333334 -2.5001600000000006 -1.222346666666667
vertex -35.50005333333334 22.500053333333337 3.0000533333333337
vertex -35.50005333333334 22.500053333333337 -5.000320000000001
endloop
endfacet
facet normal -1 0 0
outer loop
vertex -35.50005333333334 -2.5001600000000006 -1.222346666666667
vertex -35.50005333333334 22.500053333333337 -5.000320000000001
vertex -35.50005333333334 12.50010666666667 -5.000320000000001
endloop
endfacet
facet normal -1 0 0
outer loop
vertex -35.50005333333334 -2.5001600000000006 -1.222346666666667
vertex -35.50005333333334 12.50010666666667 -5.000320000000001
vertex -35.50005333333334 -12.50010666666667 -5.000320000000001
endloop
endfacet
facet normal -1 0 0
outer loop
vertex -35.50005333333334 -2.5001600000000006 -1.222346666666667
vertex -35.50005333333334 -12.50010666666667 -5.000320000000001
vertex -35.50005333333334 -22.500053333333337 -5.000320000000001
endloop
endfacet
facet normal -1 0 0
outer loop
vertex -35.50005333333334 -2.5001600000000006 -1.222346666666667
vertex -35.50005333333334 -22.500053333333337 -5.000320000000001
vertex -35.50005333333334 -22.500053333333337 -3.0000533333333337
endloop
endfacet
facet normal -1 0 0
outer loop
vertex -35.50005333333334 -2.5001600000000006 -1.222346666666667
vertex -35.50005333333334 -22.500053333333337 -3.0000533333333337
vertex -35.50005333333334 -22.500053333333337 3.0000533333333337
endloop
endfacet
facet normal -1 0 0
outer loop
vertex -35.50005333333334 -2.5001600000000006 -1.222346666666667
vertex -35.50005333333334 -22.500053333333337 3.0000533333333337
vertex -35.50005333333334 -20.49978666666667 3.0000533333333337
endloop
endfacet
facet normal 1 0 0
outer loop
vertex 35.50005333333334 20.49978666666667 5.000320000000001
vertex 35.50005333333334 20.49978666666667 3.0000533333333337
vertex 35.50005333333334 22.500053333333337 3.0000533333333337
endloop
endfacet
facet normal 1 0 0
outer loop
vertex 35.50005333333334 20.49978666666667 5.000320000000001
vertex 35.50005333333334 22.500053333333337 3.0000533333333337
vertex 35.50005333333334 22.500053333333337 5.000320000000001
endloop
endfacet
facet normal 1 0 0
outer loop
vertex 35.50005333333334 -22.500053333333337 5.000320000000001
vertex 35.50005333333334 -22.500053333333337 3.0000533333333337
vertex 35.50005333333334 -20.49978666666667 3.0000533333333337
endloop
endfacet
facet normal 1 0 0
outer loop
vertex 35.50005333333334 -22.500053333333337 5.000320000000001
vertex 35.50005333333334 -20.49978666666667 3.0000533333333337
vertex 35.50005333333334 -20.49978666666667 5.000320000000001
endloop
endfacet
facet normal 1 0 0
outer loop
vertex 35.50005333333334 61.50005333333334 0.9997866666666668
vertex 35.50005333333334 61.50005333333334 -0.9997866666666668
vertex 35.50005333333334 102.50032000000002 -0.9997866666666668
endloop
endfacet
facet normal 1 0 0
outer loop
vertex 35.50005333333334 61.50005333333334 0.9997866666666668
vertex 35.50005333333334 102.50032000000002 -0.9997866666666668
vertex 35.50005333333334 102.50032000000002 0.9997866666666668
endloop
endfacet
facet normal 1 0 0
outer loop
vertex 35.50005333333334 -2.5001600000000006 -1.222346666666667
vertex 35.50005333333334 20.49978666666667 3.0000533333333337
vertex 35.50005333333334 -20.49978666666667 3.0000533333333337
endloop
endfacet
facet normal 1 0 0
outer loop
vertex 35.50005333333334 -2.5001600000000006 -1.222346666666667
vertex 35.50005333333334 -20.49978666666667 3.0000533333333337
vertex 35.50005333333334 -22.500053333333337 3.0000533333333337
endloop
endfacet
facet normal 1 0 0
outer loop
vertex 35.50005333333334 -2.5001600000000006 -1.222346666666667
vertex 35.50005333333334 -22.500053333333337 3.0000533333333337
vertex 35.50005333333334 -22.500053333333337 -3.0000533333333337
endloop
endfacet
facet normal 1 0 0
outer loop
vertex 35.50005333333334 -2.5001600000000006 -1.222346666666667
vertex 35.50005333333334 -22.500053333333337 -3.0000533333333337
vertex 35.50005333333334 -22.500053333333337 -5.000320000000001
endloop
endfacet
facet normal 1 0 0
outer loop
vertex 35.50005333333334 -2.5001600000000006 -1.222346666666667
vertex 35.50005333333334 -22.500053333333337 -5.000320000000001
vertex 35.50005333333334 -12.50010666666667 -5.000320000000001
endloop
endfacet
facet normal 1 0 0
outer loop
vertex 35.50005333333334 -2.5001600000000006 -1.222346666666667
vertex 35.50005333333334 -12.50010666666667 -5.000320000000001
vertex 35.50005333333334 12.50010666666667 -5.000320000000001
endloop
endfacet
facet normal 1 0 0
outer loop
vertex 35.50005333333334 -2.5001600000000006 -1.222346666666667
vertex 35.50005333333334 12.50010666666667 -5.000320000000001
vertex 35.50005333333334 22.500053333333337 -5.000320000000001
endloop
endfacet
facet normal 1 0 0
outer loop
vertex 35.50005333333334 -2.5001600000000006 -1.222346666666667
vertex 35.50005333333334 22.500053333333337 -5.000320000000001
vertex 35.50005333333334 22.500053333333337 3.0000533333333337
endloop
endfacet
facet normal 1 0 0
outer loop
vertex 35.50005333333334 -2.5001600000000006 -1.222346666666667
vertex 35.50005333333334 22.500053333333337 3.0000533333333337
vertex 35.50005333333334 20.49978666666667 3.0000533333333337
endloop
endfacet
facet normal 0 1 0
outer loop
vertex -33.49978666666667 22.500053333333337 5.000320000000001
vertex -33.49978666666667 22.500053333333337 3.0000533333333337
vertex -35.50005333333334 22.500053333333337 3.0000533333333337
endloop
endfacet
facet normal 0 1 0
outer loop
vertex -33.49978666666667 22.500053333333337 5.000320000000001
vertex -35.50005333333334 22.500053333333337 3.0000533333333337
vertex -35.50005333333334 22.500053333333337 5.000320000000001
endloop
endfacet
facet normal 0 1 0
outer loop
vertex 35.50005333333334 22.500053333333337 5.000320000000001
vertex 35.50005333333334 22.500053333333337 3.0000533333333337
vertex 33.49978666666667 22.500053333333337 3.0000533333333337
endloop
endfacet
facet normal 0 1 0
outer loop
vertex 35.50005333333334 22.500053333333337 5.000320000000001
vertex 33.49978666666667 22.500053333333337 3.0000533333333337
vertex 33.49978666666667 22.500053333333337 5.000320000000001
endloop
endfacet
facet normal 0 1 0
outer loop
vertex 0 22.500053333333337 0.33349333333333336
vertex -33.49978666666667 22.500053333333337 3.0000533333333337
vertex 33.49978666666667 22.500053333333337 3.0000533333333337
endloop
endfacet
facet normal 0 1 0
outer loop
vertex 0 22.500053333333337 0.33349333333333336
vertex 33.49978666666667 22.500053333333337 3.0000533333333337
vertex 35.50005333333334 22.500053333333337 3.0000533333333337
endloop
endfacet
facet normal 0 0.9999999999999999 0
outer loop
vertex 0 22.500053333333337 0.33349333333333336
vertex 35.50005333333334 22.500053333333337 3.0000533333333337
vertex 35.50005333333334 22.500053333333337 -5.000320000000001
endloop
endfacet
facet normal 0 1 0
outer loop
vertex 0 22.500053333333337 0.33349333333333336
vertex 35.50005333333334 22.500053333333337 -5.000320000000001
vertex -35.50005333333334 22.500053333333337 -5.000320000000001
endloop
endfacet
facet normal 0 0.9999999999999999 0
outer loop
vertex 0 22.500053333333337 0.33349333333333336
vertex -35.50005333333334 22.500053333333337 -5.000320000000001
vertex -35.50005333333334 22.500053333333337 3.0000533333333337
endloop
endfacet
facet normal 0 1 0
outer loop
vertex 0 22.500053333333337 0.33349333333333336
vertex -35.50005333333334 22.500053333333337 3.0000533333333337
vertex -33.49978666666667 22.500053333333337 3.0000533333333337
endloop
endfacet
facet normal 0 0 1
outer loop
vertex 33.49978666666667 22.500053333333337 5.000320000000001
vertex 33.49978666666667 20.49978666666667 5.000320000000001
vertex 35.50005333333334 20.49978666666667 5.000320000000001
endloop
endfacet
facet normal 0 0 1
outer loop
vertex 33.49978666666667 22.500053333333337 5.000320000000001
vertex 35.50005333333334 20.49978666666667 5.000320000000001
vertex 35.50005333333334 22.500053333333337 5.000320000000001
endloop
endfacet
facet normal 0 0 1
outer loop
vertex -35.50005333333334 22.500053333333337 5.000320000000001
vertex -35.50005333333334 20.49978666666667 5.000320000000001
vertex -33.49978666666667 20.49978666666667 5.000320000000001
endloop
endfacet
facet normal 0 0 1
outer loop
vertex -35.50005333333334 22.500053333333337 5.000320000000001
vertex -33.49978666666667 20.49978666666667 5.000320000000001
vertex -33.49978666666667 22.500053333333337 5.000320000000001
endloop
endfacet
facet normal 0 0 1
outer loop
vertex 33.49978666666667 -20.49978666666667 5.000320000000001
vertex 33.49978666666667 -22.500053333333337 5.000320000000001
vertex 35.50005333333334 -22.500053333333337 5.000320000000001
endloop
endfacet
facet normal 0 0 1
outer loop
vertex 33.49978666666667 -20.49978666666667 5.000320000000001
vertex 35.50005333333334 -22.500053333333337 5.000320000000001
vertex 35.50005333333334 -20.49978666666667 5.000320000000001
endloop
endfacet
facet normal 0 0 1
outer loop
vertex -35.50005333333334 -20.49978666666667 5.000320000000001
vertex -35.50005333333334 -22.500053333333337 5.000320000000001
vertex -33.49978666666667 -22.500053333333337 5.000320000000001
endloop
endfacet
facet normal 0 0 1
outer loop
vertex -35.50005333333334 -20.49978666666667 5.000320000000001
vertex -33.49978666666667 -22.500053333333337 5.000320000000001
vertex -33.49978666666667 -20.49978666666667 5.000320000000001
endloop
endfacet
facet normal 0.9999999999999999 0 0
outer loop
vertex 33.49978666666667 102.50032000000002 0.9997866666666668
vertex 33.49978666666667 102.50032000000002 -0.9997866666666668
vertex 33.49978666666667 104.49989333333335 -0.9997866666666668
endloop
endfacet
facet normal 0.9999999999999999 0 0
outer loop
vertex 33.49978666666667 102.50032000000002 0.9997866666666668
vertex 33.49978666666667 104.49989333333335 -0.9997866666666668
vertex 33.49978666666667 104.49989333333335 0.9997866666666668
endloop
endfacet
facet normal 1 0 0
outer loop
vertex 33.49978666666667 59.49978666666668 0.9997866666666668
vertex 33.49978666666667 59.49978666666668 -0.9997866666666668
vertex 33.49978666666667 61.50005333333334 -0.9997866666666668
endloop
endfacet
facet normal 1 0 0
outer loop
vertex 33.49978666666667 59.49978666666668 0.9997866666666668
vertex 33.49978666666667 61.50005333333334 -0.9997866666666668
vertex 33.49978666666667 61.50005333333334 0.9997866666666668
endloop
endfacet
facet normal 0 1 0
outer loop
vertex -33.49978666666667 102.50032000000002 0.9997866666666668
vertex -33.49978666666667 102.50032000000002 -0.9997866666666668
vertex -35.50005333333334 102.50032000000002 -0.9997866666666668
endloop
endfacet
facet normal 0 1 0
outer loop
vertex -33.49978666666667 102.50032000000002 0.9997866666666668
vertex -35.50005333333334 102.50032000000002 -0.9997866666666668
vertex -35.50005333333334 102.50032000000002 0.9997866666666668
endloop
endfacet
facet normal 0 1 0
outer loop
vertex 35.50005333333334 102.50032000000002 0.9997866666666668
vertex 35.50005333333334 102.50032000000002 -0.9997866666666668
vertex 33.49978666666667 102.50032000000002 -0.9997866666666668
endloop
endfacet
facet normal 0 1 0
outer loop
vertex 35.50005333333334 102.50032000000002 0.9997866666666668
vertex 33.49978666666667 102.50032000000002 -0.9997866666666668
vertex 33.49978666666667 102.50032000000002 0.9997866666666668
endloop
endfacet
facet normal -1 0 0
outer loop
vertex -33.49978666666667 61.50005333333334 0.9997866666666668
vertex -33.49978666666667 61.50005333333334 -0.9997866666666668
vertex -33.49978666666667 59.49978666666668 -0.9997866666666668
endloop
endfacet
facet normal -1 0 0
outer loop
vertex -33.49978666666667 61.50005333333334 0.9997866666666668
vertex -33.49978666666667 59.49978666666668 -0.9997866666666668
vertex -33.49978666666667 59.49978666666668 0.9997866666666668
endloop
endfacet
facet normal -0.9999999999999999 0 0
outer loop
vertex -33.49978666666667 104.49989333333335 0.9997866666666668
vertex -33.49978666666667 104.49989333333335 -0.9997866666666668
vertex -33.49978666666667 102.50032000000002 -0.9997866666666668
endloop
endfacet
facet normal -0.9999999999999999 0 0
outer loop
vertex -33.49978666666667 104.49989333333335 0.9997866666666668
vertex -33.49978666666667 102.50032000000002 -0.9997866666666668
vertex -33.49978666666667 102.50032000000002 0.9997866666666668
endloop
endfacet
facet normal 0 1 0
outer loop
vertex 33.49978666666667 104.49989333333335 -0.9997866666666668
vertex -33.49978666666667 104.49989333333335 -0.9997866666666668
vertex -33.49978666666667 104.49989333333335 0.9997866666666668
endloop
endfacet
facet normal 0 1 0
outer loop
vertex 33.49978666666667 104.49989333333335 -0.9997866666666668
vertex -33.49978666666667 104.49989333333335 0.9997866666666668
vertex 33.49978666666667 104.49989333333335 0.9997866666666668
endloop
endfacet
facet normal 0 0 -1
outer loop
vertex 33.49978666666667 104.49989333333335 -0.9997866666666668
vertex 33.49978666666667 102.50032000000002 -0.9997866666666668
vertex -33.49978666666667 102.50032000000002 -0.9997866666666668
endloop
endfacet
facet normal 0 0 -1
outer loop
vertex 33.49978666666667 104.49989333333335 -0.9997866666666668
vertex -33.49978666666667 102.50032000000002 -0.9997866666666668
vertex -33.49978666666667 104.49989333333335 -0.9997866666666668
endloop
endfacet
facet normal 0 0 -0.9999999999999999
outer loop
vertex 0 81.99984000000002 -0.9997866666666668
vertex -33.49978666666667 102.50032000000002 -0.9997866666666668
vertex 33.49978666666667 102.50032000000002 -0.9997866666666668
endloop
endfacet
facet normal 0 0 -1
outer loop
vertex 0 81.99984000000002 -0.9997866666666668
vertex 33.49978666666667 102.50032000000002 -0.9997866666666668
vertex 35.50005333333334 102.50032000000002 -0.9997866666666668
endloop
endfacet
facet normal 0 0 -1
outer loop
vertex 0 81.99984000000002 -0.9997866666666668
vertex 35.50005333333334 102.50032000000002 -0.9997866666666668
vertex 35.50005333333334 61.50005333333334 -0.9997866666666668
endloop
endfacet
facet normal 0 0 -1
outer loop
vertex 0 81.99984000000002 -0.9997866666666668
vertex 35.50005333333334 61.50005333333334 -0.9997866666666668
vertex 33.49978666666667 61.50005333333334 -0.9997866666666668
endloop
endfacet
facet normal 0 0 -1
outer loop
vertex 0 81.99984000000002 -0.9997866666666668
vertex 33.49978666666667 61.50005333333334 -0.9997866666666668
vertex -33.49978666666667 61.50005333333334 -0.9997866666666668
endloop
endfacet
facet normal 0 0 -1
outer loop
vertex 0 81.99984000000002 -0.9997866666666668
vertex -33.49978666666667 61.50005333333334 -0.9997866666666668
vertex -35.50005333333334 61.50005333333334 -0.9997866666666668
endloop
endfacet
facet normal 0 0 -1
outer loop
vertex 0 81.99984000000002 -0.9997866666666668
vertex -35.50005333333334 61.50005333333334 -0.9997866666666668
vertex -35.50005333333334 102.50032000000002 -0.9997866666666668
endloop
endfacet
facet normal 0 0 -1
outer loop
vertex 0 81.99984000000002 -0.9997866666666668
vertex -35.50005333333334 102.50032000000002 -0.9997866666666668
vertex -33.49978666666667 102.50032000000002 -0.9997866666666668
endloop
endfacet
facet normal 0 0 -1
outer loop
vertex 33.49978666666667 61.50005333333334 -0.9997866666666668
vertex 33.49978666666667 59.49978666666668 -0.9997866666666668
vertex -33.49978666666667 59.49978666666668 -0.9997866666666668
endloop
endfacet
facet normal 0 0 -1
outer loop
vertex 33.49978666666667 61.50005333333334 -0.9997866666666668
vertex -33.49978666666667 59.49978666666668 -0.9997866666666668
vertex -33.49978666666667 61.50005333333334 -0.9997866666666668
endloop
endfacet
facet normal 0 0 1
outer loop
vertex -33.49978666666667 104.49989333333335 0.9997866666666668
vertex -33.49978666666667 102.50032000000002 0.9997866666666668
vertex 33.49978666666667 102.50032000000002 0.9997866666666668
endloop
endfacet
facet normal 0 0 1
outer loop
vertex -33.49978666666667 104.49989333333335 0.9997866666666668
vertex 33.49978666666667 102.50032000000002 0.9997866666666668
vertex 33.49978666666667 104.49989333333335 0.9997866666666668
endloop
endfacet
facet normal 0 0 0.9999999999999999
outer loop
vertex 0 81.99984000000002 0.9997866666666668
vertex 33.49978666666667 102.50032000000002 0.9997866666666668
vertex -33.49978666666667 102.50032000000002 0.9997866666666668
endloop
endfacet
facet normal 0 0 1
outer loop
vertex 0 81.99984000000002 0.9997866666666668
vertex -33.49978666666667 102.50032000000002 0.9997866666666668
vertex -35.50005333333334 102.50032000000002 0.9997866666666668
endloop
endfacet
facet normal 0 0 1
outer loop
vertex 0 81.99984000000002 0.9997866666666668
vertex -35.50005333333334 102.50032000000002 0.9997866666666668
vertex -35.50005333333334 61.50005333333334 0.9997866666666668
endloop
endfacet
facet normal 0 0 1
outer loop
vertex 0 81.99984000000002 0.9997866666666668
vertex -35.50005333333334 61.50005333333334 0.9997866666666668
vertex -33.49978666666667 61.50005333333334 0.9997866666666668
endloop
endfacet
facet normal 0 0 1
outer loop
vertex 0 81.99984000000002 0.9997866666666668
vertex -33.49978666666667 61.50005333333334 0.9997866666666668
vertex 33.49978666666667 61.50005333333334 0.9997866666666668
endloop
endfacet
facet normal 0 0 1
outer loop
vertex 0 81.99984000000002 0.9997866666666668
vertex 33.49978666666667 61.50005333333334 0.9997866666666668
vertex 35.50005333333334 61.50005333333334 0.9997866666666668
endloop
endfacet
facet normal 0 0 1
outer loop
vertex 0 81.99984000000002 0.9997866666666668
vertex 35.50005333333334 61.50005333333334 0.9997866666666668
vertex 35.50005333333334 102.50032000000002 0.9997866666666668
endloop
endfacet
facet normal 0 0 1
outer loop
vertex 0 81.99984000000002 0.9997866666666668
vertex 35.50005333333334 102.50032000000002 0.9997866666666668
vertex 33.49978666666667 102.50032000000002 0.9997866666666668
endloop
endfacet
facet normal 0 0 1
outer loop
vertex -33.49978666666667 61.50005333333334 0.9997866666666668
vertex -33.49978666666667 59.49978666666668 0.9997866666666668
vertex 33.49978666666667 59.49978666666668 0.9997866666666668
endloop
endfacet
facet normal 0 0 1
outer loop
vertex -33.49978666666667 61.50005333333334 0.9997866666666668
vertex 33.49978666666667 59.49978666666668 0.9997866666666668
vertex 33.49978666666667 61.50005333333334 0.9997866666666668
endloop
endfacet
facet normal 0 -1 0
outer loop
vertex 33.49978666666667 61.50005333333334 0.9997866666666668
vertex 33.49978666666667 61.50005333333334 -0.9997866666666668
vertex 35.50005333333334 61.50005333333334 -0.9997866666666668
endloop
endfacet
facet normal 0 -1 0
outer loop
vertex 33.49978666666667 61.50005333333334 0.9997866666666668
vertex 35.50005333333334 61.50005333333334 -0.9997866666666668
vertex 35.50005333333334 61.50005333333334 0.9997866666666668
endloop
endfacet
facet normal 0 -1 0
outer loop
vertex -35.50005333333334 61.50005333333334 0.9997866666666668
vertex -35.50005333333334 61.50005333333334 -0.9997866666666668
vertex -33.49978666666667 61.50005333333334 -0.9997866666666668
endloop
endfacet
facet normal 0 -1 0
outer loop
vertex -35.50005333333334 61.50005333333334 0.9997866666666668
vertex -33.49978666666667 61.50005333333334 -0.9997866666666668
vertex -33.49978666666667 61.50005333333334 0.9997866666666668
endloop
endfacet
facet normal 0 -1 0
outer loop
vertex -33.49978666666667 59.49978666666668 -0.9997866666666668
vertex 33.49978666666667 59.49978666666668 -0.9997866666666668
vertex 33.49978666666667 59.49978666666668 0.9997866666666668
endloop
endfacet
facet normal 0 -1 0
outer loop
vertex -33.49978666666667 59.49978666666668 -0.9997866666666668
vertex 33.49978666666667 59.49978666666668 0.9997866666666668
vertex -33.49978666666667 59.49978666666668 0.9997866666666668
endloop
endfacet
endsolid JSCAD
