solid JSCAD
facet normal -1 0 0
outer loop
vertex 73.999485 -78.000555 7.5000316666666675
vertex 73.999485 -83.99990333333334 15.000063333333335
vertex 73.999485 -63.00049166666667 15.000063333333335
endloop
endfacet
facet normal -1 0 0
outer loop
vertex 73.999485 -78.000555 7.5000316666666675
vertex 73.999485 -63.00049166666667 15.000063333333335
vertex 73.999485 -63.00049166666667 0
endloop
endfacet
facet normal -1 0 0
outer loop
vertex 73.999485 -78.000555 7.5000316666666675
vertex 73.999485 -63.00049166666667 0
vertex 73.999485 -83.99990333333334 0
endloop
endfacet
facet normal -0.9999999999999999 0 0
outer loop
vertex 73.999485 -78.000555 7.5000316666666675
vertex 73.999485 -83.99990333333334 0
vertex 73.999485 -87.00014166666668 0
endloop
endfacet
facet normal -1 0 0
outer loop
vertex 73.999485 -78.000555 7.5000316666666675
vertex 73.999485 -87.00014166666668 0
vertex 73.999485 -87.00014166666668 15.000063333333335
endloop
endfacet
facet normal -0.9999999999999999 0 0
outer loop
vertex 73.999485 -78.000555 7.5000316666666675
vertex 73.999485 -87.00014166666668 15.000063333333335
vertex 73.999485 -83.99990333333334 15.000063333333335
endloop
endfacet
facet normal -0.9999999999999999 0 0
outer loop
vertex 73.999485 78.000555 7.5000316666666675
vertex 73.999485 83.99990333333334 15.000063333333335
vertex 73.999485 87.00014166666668 15.000063333333335
endloop
endfacet
facet normal -1 0 0
outer loop
vertex 73.999485 78.000555 7.5000316666666675
vertex 73.999485 87.00014166666668 15.000063333333335
vertex 73.999485 87.00014166666668 0
endloop
endfacet
facet normal -0.9999999999999999 0 0
outer loop
vertex 73.999485 78.000555 7.5000316666666675
vertex 73.999485 87.00014166666668 0
vertex 73.999485 83.99990333333334 0
endloop
endfacet
facet normal -1 0 0
outer loop
vertex 73.999485 78.000555 7.5000316666666675
vertex 73.999485 83.99990333333334 0
vertex 73.999485 63.00049166666667 0
endloop
endfacet
facet normal -1 0 0
outer loop
vertex 73.999485 78.000555 7.5000316666666675
vertex 73.999485 63.00049166666667 0
vertex 73.999485 63.00049166666667 15.000063333333335
endloop
endfacet
facet normal -1 0 0
outer loop
vertex 73.999485 78.000555 7.5000316666666675
vertex 73.999485 63.00049166666667 15.000063333333335
vertex 73.999485 83.99990333333334 15.000063333333335
endloop
endfacet
facet normal 0 1 0
outer loop
vertex 73.999485 63.00049166666667 15.000063333333335
vertex 73.999485 63.00049166666667 0
vertex 0 63.00049166666667 0
endloop
endfacet
facet normal 0 1 0
outer loop
vertex 73.999485 63.00049166666667 15.000063333333335
vertex 0 63.00049166666667 0
vertex 0 63.00049166666667 15.000063333333335
endloop
endfacet
facet normal -1 0 0
outer loop
vertex 0 -36.500455 13.69571
vertex 0 -56.249673333333334 15.000063333333335
vertex 0 -55.87055333333333 15.000063333333335
endloop
endfacet
facet normal -1 0 0
outer loop
vertex 0 -36.500455 13.69571
vertex 0 -55.87055333333333 15.000063333333335
vertex 0 -54.74673333333334 15.000063333333335
endloop
endfacet
facet normal -0.9999999999999999 0 0
outer loop
vertex 0 -36.500455 13.69571
vertex 0 -54.74673333333334 15.000063333333335
vertex 0 -54.00316166666667 15.000063333333335
endloop
endfacet
facet normal -1 0 0
outer loop
vertex 0 -36.500455 13.69571
vertex 0 -54.00316166666667 15.000063333333335
vertex 0 -52.409955000000004 15.000063333333335
endloop
endfacet
facet normal -1 0 0
outer loop
vertex 0 -36.500455 13.69571
vertex 0 -52.409955000000004 15.000063333333335
vertex 0 -50.468093333333336 15.000063333333335
endloop
endfacet
facet normal -1 0 0
outer loop
vertex 0 -36.500455 13.69571
vertex 0 -50.468093333333336 15.000063333333335
vertex 0 -47.472368333333335 15.000063333333335
endloop
endfacet
facet normal -1 0 0
outer loop
vertex 0 -36.500455 13.69571
vertex 0 -47.472368333333335 15.000063333333335
vertex 0 -44.05803166666667 15.000063333333335
endloop
endfacet
facet normal -1 0 0
outer loop
vertex 0 -36.500455 13.69571
vertex 0 -44.05803166666667 15.000063333333335
vertex 0 -40.352585000000005 15.000063333333335
endloop
endfacet
facet normal -1 0 0
outer loop
vertex 0 -36.500455 13.69571
vertex 0 -40.352585000000005 15.000063333333335
vertex 0 -36.500455 15.000063333333335
endloop
endfacet
facet normal -1 0 0
outer loop
vertex 0 -36.500455 13.69571
vertex 0 -36.500455 15.000063333333335
vertex 0 -32.647196666666666 15.000063333333335
endloop
endfacet
facet normal -1 0 0
outer loop
vertex 0 -36.500455 13.69571
vertex 0 -32.647196666666666 15.000063333333335
vertex 0 -28.941750000000003 15.000063333333335
endloop
endfacet
facet normal -1 0 0
outer loop
vertex 0 -36.500455 13.69571
vertex 0 -28.941750000000003 15.000063333333335
vertex 0 -25.527413333333335 15.000063333333335
endloop
endfacet
facet normal -1 0 0
outer loop
vertex 0 -36.500455 13.69571
vertex 0 -25.527413333333335 15.000063333333335
vertex 0 -22.531688333333335 15.000063333333335
endloop
endfacet
facet normal -1 0 0
outer loop
vertex 0 -36.500455 13.69571
vertex 0 -22.531688333333335 15.000063333333335
vertex 0 -20.589826666666667 15.000063333333335
endloop
endfacet
facet normal -1 0 0
outer loop
vertex 0 -36.500455 13.69571
vertex 0 -20.589826666666667 15.000063333333335
vertex 0 -18.99662 15.000063333333335
endloop
endfacet
facet normal -0.9999999999999999 0 0
outer loop
vertex 0 -36.500455 13.69571
vertex 0 -18.99662 15.000063333333335
vertex 0 -18.253048333333336 15.000063333333335
endloop
endfacet
facet normal -1 0 0
outer loop
vertex 0 -36.500455 13.69571
vertex 0 -18.253048333333336 15.000063333333335
vertex 0 -17.129228333333334 15.000063333333335
endloop
endfacet
facet normal -1 0 0
outer loop
vertex 0 -36.500455 13.69571
vertex 0 -17.129228333333334 15.000063333333335
vertex 0 -16.750108333333333 15.000063333333335
endloop
endfacet
facet normal -1 0 0
outer loop
vertex 0 -36.500455 13.69571
vertex 0 -16.750108333333333 15.000063333333335
vertex 0 -10.000418333333334 15.000063333333335
endloop
endfacet
facet normal -0.9999999999999999 0 0
outer loop
vertex 0 -36.500455 13.69571
vertex 0 -10.000418333333334 15.000063333333335
vertex 0 -10.000418333333334 0
endloop
endfacet
facet normal -1 0 0
outer loop
vertex 0 -36.500455 13.69571
vertex 0 -10.000418333333334 0
vertex 0 -63.00049166666667 0
endloop
endfacet
facet normal -0.9999999999999999 0 0
outer loop
vertex 0 -36.500455 13.69571
vertex 0 -63.00049166666667 0
vertex 0 -63.00049166666667 15.000063333333335
endloop
endfacet
facet normal -1 0 0
outer loop
vertex 0 -36.500455 13.69571
vertex 0 -63.00049166666667 15.000063333333335
vertex 0 -56.249673333333334 15.000063333333335
endloop
endfacet
facet normal -1 0 0
outer loop
vertex 0 36.500455 13.69571
vertex 0 16.750108333333333 15.000063333333335
vertex 0 17.129228333333334 15.000063333333335
endloop
endfacet
facet normal -1 0 0
outer loop
vertex 0 36.500455 13.69571
vertex 0 17.129228333333334 15.000063333333335
vertex 0 18.253048333333336 15.000063333333335
endloop
endfacet
facet normal -0.9999999999999999 0 0
outer loop
vertex 0 36.500455 13.69571
vertex 0 18.253048333333336 15.000063333333335
vertex 0 18.99662 15.000063333333335
endloop
endfacet
facet normal -1 0 0
outer loop
vertex 0 36.500455 13.69571
vertex 0 18.99662 15.000063333333335
vertex 0 20.589826666666667 15.000063333333335
endloop
endfacet
facet normal -1 0 0
outer loop
vertex 0 36.500455 13.69571
vertex 0 20.589826666666667 15.000063333333335
vertex 0 22.531688333333335 15.000063333333335
endloop
endfacet
facet normal -1 0 0
outer loop
vertex 0 36.500455 13.69571
vertex 0 22.531688333333335 15.000063333333335
vertex 0 25.527413333333335 15.000063333333335
endloop
endfacet
facet normal -1 0 0
outer loop
vertex 0 36.500455 13.69571
vertex 0 25.527413333333335 15.000063333333335
vertex 0 28.941750000000003 15.000063333333335
endloop
endfacet
facet normal -1 0 0
outer loop
vertex 0 36.500455 13.69571
vertex 0 28.941750000000003 15.000063333333335
vertex 0 32.647196666666666 15.000063333333335
endloop
endfacet
facet normal -1 0 0
outer loop
vertex 0 36.500455 13.69571
vertex 0 32.647196666666666 15.000063333333335
vertex 0 36.500455 15.000063333333335
endloop
endfacet
facet normal -1 0 0
outer loop
vertex 0 36.500455 13.69571
vertex 0 36.500455 15.000063333333335
vertex 0 40.352585000000005 15.000063333333335
endloop
endfacet
facet normal -1 0 0
outer loop
vertex 0 36.500455 13.69571
vertex 0 40.352585000000005 15.000063333333335
vertex 0 44.05803166666667 15.000063333333335
endloop
endfacet
facet normal -1 0 0
outer loop
vertex 0 36.500455 13.69571
vertex 0 44.05803166666667 15.000063333333335
vertex 0 47.472368333333335 15.000063333333335
endloop
endfacet
facet normal -1 0 0
outer loop
vertex 0 36.500455 13.69571
vertex 0 47.472368333333335 15.000063333333335
vertex 0 50.468093333333336 15.000063333333335
endloop
endfacet
facet normal -1 0 0
outer loop
vertex 0 36.500455 13.69571
vertex 0 50.468093333333336 15.000063333333335
vertex 0 52.409955000000004 15.000063333333335
endloop
endfacet
facet normal -1 0 0
outer loop
vertex 0 36.500455 13.69571
vertex 0 52.409955000000004 15.000063333333335
vertex 0 54.00316166666667 15.000063333333335
endloop
endfacet
facet normal -0.9999999999999999 0 0
outer loop
vertex 0 36.500455 13.69571
vertex 0 54.00316166666667 15.000063333333335
vertex 0 54.74673333333334 15.000063333333335
endloop
endfacet
facet normal -1 0 0
outer loop
vertex 0 36.500455 13.69571
vertex 0 54.74673333333334 15.000063333333335
vertex 0 55.87055333333333 15.000063333333335
endloop
endfacet
facet normal -1 0 0
outer loop
vertex 0 36.500455 13.69571
vertex 0 55.87055333333333 15.000063333333335
vertex 0 56.249673333333334 15.000063333333335
endloop
endfacet
facet normal -1 0 0
outer loop
vertex 0 36.500455 13.69571
vertex 0 56.249673333333334 15.000063333333335
vertex 0 63.00049166666667 15.000063333333335
endloop
endfacet
facet normal -0.9999999999999999 0 0
outer loop
vertex 0 36.500455 13.69571
vertex 0 63.00049166666667 15.000063333333335
vertex 0 63.00049166666667 0
endloop
endfacet
facet normal -1 0 0
outer loop
vertex 0 36.500455 13.69571
vertex 0 63.00049166666667 0
vertex 0 10.000418333333334 0
endloop
endfacet
facet normal -0.9999999999999999 0 0
outer loop
vertex 0 36.500455 13.69571
vertex 0 10.000418333333334 0
vertex 0 10.000418333333334 15.000063333333335
endloop
endfacet
facet normal -1 0 0
outer loop
vertex 0 36.500455 13.69571
vertex 0 10.000418333333334 15.000063333333335
vertex 0 16.750108333333333 15.000063333333335
endloop
endfacet
facet normal 0 1 0
outer loop
vertex 73.999485 87.00014166666668 15.000063333333335
vertex 97.00056000000001 87.00014166666668 15.000063333333335
vertex 97.00056000000001 87.00014166666668 0
endloop
endfacet
facet normal 0 1 0
outer loop
vertex 73.999485 87.00014166666668 15.000063333333335
vertex 97.00056000000001 87.00014166666668 0
vertex 73.999485 87.00014166666668 0
endloop
endfacet
facet normal 1 0 0
outer loop
vertex 76.99972333333334 40.299553333333336 13.200371666666667
vertex 76.99972333333334 63.00049166666667 15.000063333333335
vertex 76.99972333333334 56.249673333333334 15.000063333333335
endloop
endfacet
facet normal 1 0 0
outer loop
vertex 76.99972333333334 40.299553333333336 13.200371666666667
vertex 76.99972333333334 56.249673333333334 15.000063333333335
vertex 76.99972333333334 55.87055333333333 15.000063333333335
endloop
endfacet
facet normal 1 0 0
outer loop
vertex 76.99972333333334 40.299553333333336 13.200371666666667
vertex 76.99972333333334 55.87055333333333 15.000063333333335
vertex 76.99972333333334 54.74673333333334 15.000063333333335
endloop
endfacet
facet normal 1 0 0
outer loop
vertex 76.99972333333334 40.299553333333336 13.200371666666667
vertex 76.99972333333334 54.74673333333334 15.000063333333335
vertex 76.99972333333334 54.00316166666667 15.000063333333335
endloop
endfacet
facet normal 0.9999999999999999 0 0
outer loop
vertex 76.99972333333334 40.299553333333336 13.200371666666667
vertex 76.99972333333334 54.00316166666667 15.000063333333335
vertex 76.99972333333334 52.409955000000004 15.000063333333335
endloop
endfacet
facet normal 0.9999999999999999 0 0
outer loop
vertex 76.99972333333334 40.299553333333336 13.200371666666667
vertex 76.99972333333334 52.409955000000004 15.000063333333335
vertex 76.99972333333334 50.468093333333336 15.000063333333335
endloop
endfacet
facet normal 0.9999999999999999 0 0
outer loop
vertex 76.99972333333334 40.299553333333336 13.200371666666667
vertex 76.99972333333334 50.468093333333336 15.000063333333335
vertex 76.99972333333334 47.472368333333335 15.000063333333335
endloop
endfacet
facet normal 1 0 0
outer loop
vertex 76.99972333333334 40.299553333333336 13.200371666666667
vertex 76.99972333333334 47.472368333333335 15.000063333333335
vertex 76.99972333333334 44.05803166666667 15.000063333333335
endloop
endfacet
facet normal 1 0 0
outer loop
vertex 76.99972333333334 40.299553333333336 13.200371666666667
vertex 76.99972333333334 44.05803166666667 15.000063333333335
vertex 76.99972333333334 40.352585000000005 15.000063333333335
endloop
endfacet
facet normal 1 0 0
outer loop
vertex 76.99972333333334 40.299553333333336 13.200371666666667
vertex 76.99972333333334 40.352585000000005 15.000063333333335
vertex 76.99972333333334 36.500455 15.000063333333335
endloop
endfacet
facet normal 1 0 0
outer loop
vertex 76.99972333333334 40.299553333333336 13.200371666666667
vertex 76.99972333333334 36.500455 15.000063333333335
vertex 76.99972333333334 32.647196666666666 15.000063333333335
endloop
endfacet
facet normal 0.9999999999999999 0 0
outer loop
vertex 76.99972333333334 40.299553333333336 13.200371666666667
vertex 76.99972333333334 32.647196666666666 15.000063333333335
vertex 76.99972333333334 28.941750000000003 15.000063333333335
endloop
endfacet
facet normal 0.9999999999999999 0 0
outer loop
vertex 76.99972333333334 40.299553333333336 13.200371666666667
vertex 76.99972333333334 28.941750000000003 15.000063333333335
vertex 76.99972333333334 25.527413333333335 15.000063333333335
endloop
endfacet
facet normal 1 0 0
outer loop
vertex 76.99972333333334 40.299553333333336 13.200371666666667
vertex 76.99972333333334 25.527413333333335 15.000063333333335
vertex 76.99972333333334 22.531688333333335 15.000063333333335
endloop
endfacet
facet normal 1 0 0
outer loop
vertex 76.99972333333334 40.299553333333336 13.200371666666667
vertex 76.99972333333334 22.531688333333335 15.000063333333335
vertex 76.99972333333334 20.589826666666667 15.000063333333335
endloop
endfacet
facet normal 0.9999999999999999 0 0
outer loop
vertex 76.99972333333334 40.299553333333336 13.200371666666667
vertex 76.99972333333334 20.589826666666667 15.000063333333335
vertex 76.99972333333334 18.99662 15.000063333333335
endloop
endfacet
facet normal 1 0 0
outer loop
vertex 76.99972333333334 40.299553333333336 13.200371666666667
vertex 76.99972333333334 18.99662 15.000063333333335
vertex 76.99972333333334 18.253048333333336 15.000063333333335
endloop
endfacet
facet normal 1 0 0
outer loop
vertex 76.99972333333334 40.299553333333336 13.200371666666667
vertex 76.99972333333334 18.253048333333336 15.000063333333335
vertex 76.99972333333334 17.129228333333334 15.000063333333335
endloop
endfacet
facet normal 1 0 0
outer loop
vertex 76.99972333333334 40.299553333333336 13.200371666666667
vertex 76.99972333333334 17.129228333333334 15.000063333333335
vertex 76.99972333333334 16.750108333333333 15.000063333333335
endloop
endfacet
facet normal 1 0 0
outer loop
vertex 76.99972333333334 40.299553333333336 13.200371666666667
vertex 76.99972333333334 16.750108333333333 15.000063333333335
vertex 76.99972333333334 10.000418333333334 15.000063333333335
endloop
endfacet
facet normal 1 0 0
outer loop
vertex 76.99972333333334 40.299553333333336 13.200371666666667
vertex 76.99972333333334 10.000418333333334 15.000063333333335
vertex 76.99972333333334 10.000418333333334 0
endloop
endfacet
facet normal 1 0 0
outer loop
vertex 76.99972333333334 40.299553333333336 13.200371666666667
vertex 76.99972333333334 10.000418333333334 0
vertex 76.99972333333334 63.00049166666667 0
endloop
endfacet
facet normal 1 0 0
outer loop
vertex 76.99972333333334 40.299553333333336 13.200371666666667
vertex 76.99972333333334 63.00049166666667 0
vertex 76.99972333333334 83.99990333333334 0
endloop
endfacet
facet normal 1 0 0
outer loop
vertex 76.99972333333334 40.299553333333336 13.200371666666667
vertex 76.99972333333334 83.99990333333334 0
vertex 76.99972333333334 83.99990333333334 15.000063333333335
endloop
endfacet
facet normal 1 0 0
outer loop
vertex 76.99972333333334 40.299553333333336 13.200371666666667
vertex 76.99972333333334 83.99990333333334 15.000063333333335
vertex 76.99972333333334 63.00049166666667 15.000063333333335
endloop
endfacet
facet normal 1 0 0
outer loop
vertex 76.99972333333334 -40.299553333333336 13.200371666666667
vertex 76.99972333333334 -16.750108333333333 15.000063333333335
vertex 76.99972333333334 -17.129228333333334 15.000063333333335
endloop
endfacet
facet normal 1 0 0
outer loop
vertex 76.99972333333334 -40.299553333333336 13.200371666666667
vertex 76.99972333333334 -17.129228333333334 15.000063333333335
vertex 76.99972333333334 -18.253048333333336 15.000063333333335
endloop
endfacet
facet normal 1 0 0
outer loop
vertex 76.99972333333334 -40.299553333333336 13.200371666666667
vertex 76.99972333333334 -18.253048333333336 15.000063333333335
vertex 76.99972333333334 -18.99662 15.000063333333335
endloop
endfacet
facet normal 0.9999999999999999 0 0
outer loop
vertex 76.99972333333334 -40.299553333333336 13.200371666666667
vertex 76.99972333333334 -18.99662 15.000063333333335
vertex 76.99972333333334 -20.589826666666667 15.000063333333335
endloop
endfacet
facet normal 1 0 0
outer loop
vertex 76.99972333333334 -40.299553333333336 13.200371666666667
vertex 76.99972333333334 -20.589826666666667 15.000063333333335
vertex 76.99972333333334 -22.531688333333335 15.000063333333335
endloop
endfacet
facet normal 1 0 0
outer loop
vertex 76.99972333333334 -40.299553333333336 13.200371666666667
vertex 76.99972333333334 -22.531688333333335 15.000063333333335
vertex 76.99972333333334 -25.527413333333335 15.000063333333335
endloop
endfacet
facet normal 0.9999999999999999 0 0
outer loop
vertex 76.99972333333334 -40.299553333333336 13.200371666666667
vertex 76.99972333333334 -25.527413333333335 15.000063333333335
vertex 76.99972333333334 -28.941750000000003 15.000063333333335
endloop
endfacet
facet normal 0.9999999999999999 0 0
outer loop
vertex 76.99972333333334 -40.299553333333336 13.200371666666667
vertex 76.99972333333334 -28.941750000000003 15.000063333333335
vertex 76.99972333333334 -32.647196666666666 15.000063333333335
endloop
endfacet
facet normal 1 0 0
outer loop
vertex 76.99972333333334 -40.299553333333336 13.200371666666667
vertex 76.99972333333334 -32.647196666666666 15.000063333333335
vertex 76.99972333333334 -36.500455 15.000063333333335
endloop
endfacet
facet normal 1 0 0
outer loop
vertex 76.99972333333334 -40.299553333333336 13.200371666666667
vertex 76.99972333333334 -36.500455 15.000063333333335
vertex 76.99972333333334 -40.352585000000005 15.000063333333335
endloop
endfacet
facet normal 1 0 0
outer loop
vertex 76.99972333333334 -40.299553333333336 13.200371666666667
vertex 76.99972333333334 -40.352585000000005 15.000063333333335
vertex 76.99972333333334 -44.05803166666667 15.000063333333335
endloop
endfacet
facet normal 1 0 0
outer loop
vertex 76.99972333333334 -40.299553333333336 13.200371666666667
vertex 76.99972333333334 -44.05803166666667 15.000063333333335
vertex 76.99972333333334 -47.472368333333335 15.000063333333335
endloop
endfacet
facet normal 0.9999999999999999 0 0
outer loop
vertex 76.99972333333334 -40.299553333333336 13.200371666666667
vertex 76.99972333333334 -47.472368333333335 15.000063333333335
vertex 76.99972333333334 -50.468093333333336 15.000063333333335
endloop
endfacet
facet normal 0.9999999999999999 0 0
outer loop
vertex 76.99972333333334 -40.299553333333336 13.200371666666667
vertex 76.99972333333334 -50.468093333333336 15.000063333333335
vertex 76.99972333333334 -52.409955000000004 15.000063333333335
endloop
endfacet
facet normal 0.9999999999999999 0 0
outer loop
vertex 76.99972333333334 -40.299553333333336 13.200371666666667
vertex 76.99972333333334 -52.409955000000004 15.000063333333335
vertex 76.99972333333334 -54.00316166666667 15.000063333333335
endloop
endfacet
facet normal 1 0 0
outer loop
vertex 76.99972333333334 -40.299553333333336 13.200371666666667
vertex 76.99972333333334 -54.00316166666667 15.000063333333335
vertex 76.99972333333334 -54.74673333333334 15.000063333333335
endloop
endfacet
facet normal 1 0 0
outer loop
vertex 76.99972333333334 -40.299553333333336 13.200371666666667
vertex 76.99972333333334 -54.74673333333334 15.000063333333335
vertex 76.99972333333334 -55.87055333333333 15.000063333333335
endloop
endfacet
facet normal 1 0 0
outer loop
vertex 76.99972333333334 -40.299553333333336 13.200371666666667
vertex 76.99972333333334 -55.87055333333333 15.000063333333335
vertex 76.99972333333334 -56.249673333333334 15.000063333333335
endloop
endfacet
facet normal 1 0 0
outer loop
vertex 76.99972333333334 -40.299553333333336 13.200371666666667
vertex 76.99972333333334 -56.249673333333334 15.000063333333335
vertex 76.99972333333334 -63.00049166666667 15.000063333333335
endloop
endfacet
facet normal 1 0 0
outer loop
vertex 76.99972333333334 -40.299553333333336 13.200371666666667
vertex 76.99972333333334 -63.00049166666667 15.000063333333335
vertex 76.99972333333334 -83.99990333333334 15.000063333333335
endloop
endfacet
facet normal 1 0 0
outer loop
vertex 76.99972333333334 -40.299553333333336 13.200371666666667
vertex 76.99972333333334 -83.99990333333334 15.000063333333335
vertex 76.99972333333334 -83.99990333333334 0
endloop
endfacet
facet normal 1 0 0
outer loop
vertex 76.99972333333334 -40.299553333333336 13.200371666666667
vertex 76.99972333333334 -83.99990333333334 0
vertex 76.99972333333334 -63.00049166666667 0
endloop
endfacet
facet normal 1 0 0
outer loop
vertex 76.99972333333334 -40.299553333333336 13.200371666666667
vertex 76.99972333333334 -63.00049166666667 0
vertex 76.99972333333334 -10.000418333333334 0
endloop
endfacet
facet normal 1 0 0
outer loop
vertex 76.99972333333334 -40.299553333333336 13.200371666666667
vertex 76.99972333333334 -10.000418333333334 0
vertex 76.99972333333334 -10.000418333333334 15.000063333333335
endloop
endfacet
facet normal 1 0 0
outer loop
vertex 76.99972333333334 -40.299553333333336 13.200371666666667
vertex 76.99972333333334 -10.000418333333334 15.000063333333335
vertex 76.99972333333334 -16.750108333333333 15.000063333333335
endloop
endfacet
facet normal 0 -1 0
outer loop
vertex 76.99972333333334 83.99990333333334 0
vertex 94.00032166666668 83.99990333333334 0
vertex 94.00032166666668 83.99990333333334 15.000063333333335
endloop
endfacet
facet normal 0 -1 0
outer loop
vertex 76.99972333333334 83.99990333333334 0
vertex 94.00032166666668 83.99990333333334 15.000063333333335
vertex 76.99972333333334 83.99990333333334 15.000063333333335
endloop
endfacet
facet normal 0 -1 0
outer loop
vertex 76.99972333333334 10.000418333333334 15.000063333333335
vertex 0 10.000418333333334 15.000063333333335
vertex 0 10.000418333333334 0
endloop
endfacet
facet normal 0 -1 0
outer loop
vertex 76.99972333333334 10.000418333333334 15.000063333333335
vertex 0 10.000418333333334 0
vertex 76.99972333333334 10.000418333333334 0
endloop
endfacet
facet normal 0 0 -1
outer loop
vertex 85.50058666666668 84.99960666666666 0
vertex 97.00056000000001 87.00014166666668 0
vertex 97.00056000000001 83.99990333333334 0
endloop
endfacet
facet normal 0 0 -1
outer loop
vertex 85.50058666666668 84.99960666666666 0
vertex 97.00056000000001 83.99990333333334 0
vertex 94.00032166666668 83.99990333333334 0
endloop
endfacet
facet normal 0 0 -1
outer loop
vertex 85.50058666666668 84.99960666666666 0
vertex 94.00032166666668 83.99990333333334 0
vertex 76.99972333333334 83.99990333333334 0
endloop
endfacet
facet normal 0 0 -1
outer loop
vertex 85.50058666666668 84.99960666666666 0
vertex 76.99972333333334 83.99990333333334 0
vertex 73.999485 83.99990333333334 0
endloop
endfacet
facet normal 0 0 -1
outer loop
vertex 85.50058666666668 84.99960666666666 0
vertex 73.999485 83.99990333333334 0
vertex 73.999485 87.00014166666668 0
endloop
endfacet
facet normal 0 0 -1
outer loop
vertex 85.50058666666668 84.99960666666666 0
vertex 73.999485 87.00014166666668 0
vertex 97.00056000000001 87.00014166666668 0
endloop
endfacet
facet normal 0 0 -1
outer loop
vertex 97.00056000000001 83.99990333333334 0
vertex 97.00056000000001 64.000195 0
vertex 94.00032166666668 64.000195 0
endloop
endfacet
facet normal 0 0 -1
outer loop
vertex 97.00056000000001 83.99990333333334 0
vertex 94.00032166666668 64.000195 0
vertex 94.00032166666668 83.99990333333334 0
endloop
endfacet
facet normal 0 0 -1
outer loop
vertex 76.99972333333334 83.99990333333334 0
vertex 76.99972333333334 63.00049166666667 0
vertex 73.999485 63.00049166666667 0
endloop
endfacet
facet normal 0 0 -1
outer loop
vertex 76.99972333333334 83.99990333333334 0
vertex 73.999485 63.00049166666667 0
vertex 73.999485 83.99990333333334 0
endloop
endfacet
facet normal 0 0 -1
outer loop
vertex -30.00012666666667 48.097465 0
vertex -26.195386666666668 49.12537666666667 0
vertex -22.53733 48.01509666666667 0
endloop
endfacet
facet normal 0 0 -1
outer loop
vertex -30.00012666666667 48.097465 0
vertex -22.53733 48.01509666666667 0
vertex -20.637216666666667 46.99959666666667 0
endloop
endfacet
facet normal 0 0 -1
outer loop
vertex -30.00012666666667 48.097465 0
vertex -20.637216666666667 46.99959666666667 0
vertex -30.00012666666667 46.99959666666667 0
endloop
endfacet
facet normal 0 0 -1
outer loop
vertex -30.00012666666667 48.097465 0
vertex -30.00012666666667 46.99959666666667 0
vertex -39.363036666666666 46.99959666666667 0
endloop
endfacet
facet normal 0 0 -1
outer loop
vertex -30.00012666666667 48.097465 0
vertex -39.363036666666666 46.99959666666667 0
vertex -37.461795 48.01509666666667 0
endloop
endfacet
facet normal 0 0 -0.9999999999999999
outer loop
vertex -30.00012666666667 48.097465 0
vertex -37.461795 48.01509666666667 0
vertex -33.803738333333335 49.12537666666667 0
endloop
endfacet
facet normal 0 0 -1
outer loop
vertex -30.00012666666667 48.097465 0
vertex -33.803738333333335 49.12537666666667 0
vertex -30.00012666666667 49.49998333333333 0
endloop
endfacet
facet normal 0 0 -1
outer loop
vertex -30.00012666666667 48.097465 0
vertex -30.00012666666667 49.49998333333333 0
vertex -26.195386666666668 49.12537666666667 0
endloop
endfacet
facet normal 0 0 -1
outer loop
vertex -30.00012666666667 46.99959666666667 0
vertex -33.316298333333336 46.67350833333334 0
vertex -39.973465000000004 46.67350833333334 0
endloop
endfacet
facet normal 0 0 -1
outer loop
vertex -30.00012666666667 46.99959666666667 0
vertex -39.973465000000004 46.67350833333334 0
vertex -39.363036666666666 46.99959666666667 0
endloop
endfacet
facet normal 0 0 -1
outer loop
vertex -20.637216666666667 46.99959666666667 0
vertex -20.026788333333336 46.67350833333334 0
vertex -26.683955 46.67350833333334 0
endloop
endfacet
facet normal 0 0 -0.9999999999999999
outer loop
vertex -20.637216666666667 46.99959666666667 0
vertex -26.683955 46.67350833333334 0
vertex -30.00012666666667 46.99959666666667 0
endloop
endfacet
facet normal 0 0 -1
outer loop
vertex -38.416365 46.19396666666667 0
vertex -33.316298333333336 46.67350833333334 0
vertex -36.50609666666667 45.705398333333335 0
endloop
endfacet
facet normal 0 0 -1
outer loop
vertex -38.416365 46.19396666666667 0
vertex -36.50609666666667 45.705398333333335 0
vertex -41.45271 45.705398333333335 0
endloop
endfacet
facet normal 0 0 -1
outer loop
vertex -38.416365 46.19396666666667 0
vertex -41.45271 45.705398333333335 0
vertex -40.833255 46.213148333333336 0
endloop
endfacet
facet normal 0 0 -1
outer loop
vertex -38.416365 46.19396666666667 0
vertex -40.833255 46.213148333333336 0
vertex -39.973465000000004 46.67350833333334 0
endloop
endfacet
facet normal 0 0 -0.9999999999999999
outer loop
vertex -38.416365 46.19396666666667 0
vertex -39.973465000000004 46.67350833333334 0
vertex -33.316298333333336 46.67350833333334 0
endloop
endfacet
facet normal 0 0 -1
outer loop
vertex -21.583888333333334 46.19396666666667 0
vertex -20.026788333333336 46.67350833333334 0
vertex -19.16587 46.213148333333336 0
endloop
endfacet
facet normal 0 0 -1
outer loop
vertex -21.583888333333334 46.19396666666667 0
vertex -19.16587 46.213148333333336 0
vertex -18.547543333333333 45.705398333333335 0
endloop
endfacet
facet normal 0 0 -1
outer loop
vertex -21.583888333333334 46.19396666666667 0
vertex -18.547543333333333 45.705398333333335 0
vertex -23.49415666666667 45.705398333333335 0
endloop
endfacet
facet normal 0 0 -1
outer loop
vertex -21.583888333333334 46.19396666666667 0
vertex -23.49415666666667 45.705398333333335 0
vertex -26.683955 46.67350833333334 0
endloop
endfacet
facet normal 0 0 -1
outer loop
vertex -21.583888333333334 46.19396666666667 0
vertex -26.683955 46.67350833333334 0
vertex -20.026788333333336 46.67350833333334 0
endloop
endfacet
facet normal 0 0 -1
outer loop
vertex -36.50609666666667 45.705398333333335 0
vertex -39.44427666666667 44.13475833333334 0
vertex -43.36636333333334 44.13475833333334 0
endloop
endfacet
facet normal 0 0 -1
outer loop
vertex -36.50609666666667 45.705398333333335 0
vertex -43.36636333333334 44.13475833333334 0
vertex -41.45271 45.705398333333335 0
endloop
endfacet
facet normal 0 0 -1
outer loop
vertex -18.547543333333333 45.705398333333335 0
vertex -16.63389 44.13475833333334 0
vertex -20.554848333333336 44.13475833333334 0
endloop
endfacet
facet normal 0 0 -1
outer loop
vertex -18.547543333333333 45.705398333333335 0
vertex -20.554848333333336 44.13475833333334 0
vertex -23.49415666666667 45.705398333333335 0
endloop
endfacet
facet normal 0 0 -1
outer loop
vertex -42.77173166666667 43.219680000000004 0
vertex -39.44427666666667 44.13475833333334 0
vertex -42.02026166666667 42.02026166666667 0
endloop
endfacet
facet normal 0 0 -1
outer loop
vertex -42.77173166666667 43.219680000000004 0
vertex -42.02026166666667 42.02026166666667 0
vertex -45.23939666666667 42.02026166666667 0
endloop
endfacet
facet normal 0 0 -1
outer loop
vertex -42.77173166666667 43.219680000000004 0
vertex -45.23939666666667 42.02026166666667 0
vertex -43.788360000000004 43.788360000000004 0
endloop
endfacet
facet normal 0 0 -1
outer loop
vertex -42.77173166666667 43.219680000000004 0
vertex -43.788360000000004 43.788360000000004 0
vertex -43.36636333333334 44.13475833333334 0
endloop
endfacet
facet normal 0 0 -1
outer loop
vertex -42.77173166666667 43.219680000000004 0
vertex -43.36636333333334 44.13475833333334 0
vertex -39.44427666666667 44.13475833333334 0
endloop
endfacet
facet normal 0 0 -1
outer loop
vertex -17.22852166666667 43.219680000000004 0
vertex -16.63389 44.13475833333334 0
vertex -16.211893333333336 43.788360000000004 0
endloop
endfacet
facet normal 0 0 -1
outer loop
vertex -17.22852166666667 43.219680000000004 0
vertex -16.211893333333336 43.788360000000004 0
vertex -14.760856666666667 42.02026166666667 0
endloop
endfacet
facet normal 0 0 -1
outer loop
vertex -17.22852166666667 43.219680000000004 0
vertex -14.760856666666667 42.02026166666667 0
vertex -17.978863333333333 42.02026166666667 0
endloop
endfacet
facet normal 0 0 -0.9999999999999999
outer loop
vertex -17.22852166666667 43.219680000000004 0
vertex -17.978863333333333 42.02026166666667 0
vertex -20.554848333333336 44.13475833333334 0
endloop
endfacet
facet normal 0 0 -1
outer loop
vertex -17.22852166666667 43.219680000000004 0
vertex -20.554848333333336 44.13475833333334 0
vertex -16.63389 44.13475833333334 0
endloop
endfacet
facet normal 0 0 -1
outer loop
vertex -44.91218 40.752015 0
vertex -42.02026166666667 42.02026166666667 0
vertex -44.13475833333334 39.44427666666667 0
endloop
endfacet
facet normal 0 0 -1
outer loop
vertex -44.91218 40.752015 0
vertex -44.13475833333334 39.44427666666667 0
vertex -46.95559166666667 39.44427666666667 0
endloop
endfacet
facet normal 0 0 -1
outer loop
vertex -44.91218 40.752015 0
vertex -46.95559166666667 39.44427666666667 0
vertex -46.213148333333336 40.833255 0
endloop
endfacet
facet normal 0 0 -1
outer loop
vertex -44.91218 40.752015 0
vertex -46.213148333333336 40.833255 0
vertex -45.23939666666667 42.02026166666667 0
endloop
endfacet
facet normal 0 0 -1
outer loop
vertex -44.91218 40.752015 0
vertex -45.23939666666667 42.02026166666667 0
vertex -42.02026166666667 42.02026166666667 0
endloop
endfacet
facet normal 0 0 -1
outer loop
vertex -15.086945 40.752015 0
vertex -14.760856666666667 42.02026166666667 0
vertex -13.785976666666668 40.833255 0
endloop
endfacet
facet normal 0 0 -1
outer loop
vertex -15.086945 40.752015 0
vertex -13.785976666666668 40.833255 0
vertex -13.043533333333334 39.44427666666667 0
endloop
endfacet
facet normal 0 0 -1
outer loop
vertex -15.086945 40.752015 0
vertex -13.043533333333334 39.44427666666667 0
vertex -15.865495000000001 39.44427666666667 0
endloop
endfacet
facet normal 0 0 -1
outer loop
vertex -15.086945 40.752015 0
vertex -15.865495000000001 39.44427666666667 0
vertex -17.978863333333333 42.02026166666667 0
endloop
endfacet
facet normal 0 0 -1
outer loop
vertex -15.086945 40.752015 0
vertex -17.978863333333333 42.02026166666667 0
vertex -14.760856666666667 42.02026166666667 0
endloop
endfacet
facet normal 0 0 -1
outer loop
vertex -46.62386166666667 37.872508333333336 0
vertex -44.13475833333334 39.44427666666667 0
vertex -45.705398333333335 36.50609666666667 0
endloop
endfacet
facet normal 0 0 -1
outer loop
vertex -46.62386166666667 37.872508333333336 0
vertex -45.705398333333335 36.50609666666667 0
vertex -48.30620666666667 36.50609666666667 0
endloop
endfacet
facet normal 0 0 -0.9999999999999999
outer loop
vertex -46.62386166666667 37.872508333333336 0
vertex -48.30620666666667 36.50609666666667 0
vertex -48.01509666666667 37.461795 0
endloop
endfacet
facet normal 0 0 -1
outer loop
vertex -46.62386166666667 37.872508333333336 0
vertex -48.01509666666667 37.461795 0
vertex -46.95559166666667 39.44427666666667 0
endloop
endfacet
facet normal 0 0 -1
outer loop
vertex -46.62386166666667 37.872508333333336 0
vertex -46.95559166666667 39.44427666666667 0
vertex -44.13475833333334 39.44427666666667 0
endloop
endfacet
facet normal 0 0 -1
outer loop
vertex -13.376391666666667 37.872508333333336 0
vertex -13.043533333333334 39.44427666666667 0
vertex -11.984028333333335 37.461795 0
endloop
endfacet
facet normal 0 0 -0.9999999999999999
outer loop
vertex -13.376391666666667 37.872508333333336 0
vertex -11.984028333333335 37.461795 0
vertex -11.694046666666667 36.50609666666667 0
endloop
endfacet
facet normal 0 0 -1
outer loop
vertex -13.376391666666667 37.872508333333336 0
vertex -11.694046666666667 36.50609666666667 0
vertex -14.293726666666668 36.50609666666667 0
endloop
endfacet
facet normal 0 0 -1
outer loop
vertex -13.376391666666667 37.872508333333336 0
vertex -14.293726666666668 36.50609666666667 0
vertex -15.865495000000001 39.44427666666667 0
endloop
endfacet
facet normal 0 0 -1
outer loop
vertex -13.376391666666667 37.872508333333336 0
vertex -15.865495000000001 39.44427666666667 0
vertex -13.043533333333334 39.44427666666667 0
endloop
endfacet
facet normal 0 0 -1
outer loop
vertex -47.79732833333333 34.68948 0
vertex -45.705398333333335 36.50609666666667 0
vertex -46.67350833333334 33.316298333333336 0
endloop
endfacet
facet normal 0 0 -1
outer loop
vertex -47.79732833333333 34.68948 0
vertex -46.67350833333334 33.316298333333336 0
vertex -49.173895 33.316298333333336 0
endloop
endfacet
facet normal 0 0 -1
outer loop
vertex -47.79732833333333 34.68948 0
vertex -49.173895 33.316298333333336 0
vertex -49.12537666666667 33.803738333333335 0
endloop
endfacet
facet normal 0 0 -1
outer loop
vertex -47.79732833333333 34.68948 0
vertex -49.12537666666667 33.803738333333335 0
vertex -48.30620666666667 36.50609666666667 0
endloop
endfacet
facet normal 0 0 -1
outer loop
vertex -47.79732833333333 34.68948 0
vertex -48.30620666666667 36.50609666666667 0
vertex -45.705398333333335 36.50609666666667 0
endloop
endfacet
facet normal 0 0 -1
outer loop
vertex -12.202925 34.68948 0
vertex -11.694046666666667 36.50609666666667 0
vertex -10.874876666666667 33.803738333333335 0
endloop
endfacet
facet normal 0 0 -1
outer loop
vertex -12.202925 34.68948 0
vertex -10.874876666666667 33.803738333333335 0
vertex -10.826358333333333 33.316298333333336 0
endloop
endfacet
facet normal 0 0 -0.9999999999999999
outer loop
vertex -12.202925 34.68948 0
vertex -10.826358333333333 33.316298333333336 0
vertex -13.326745 33.316298333333336 0
endloop
endfacet
facet normal 0 0 -1
outer loop
vertex -12.202925 34.68948 0
vertex -13.326745 33.316298333333336 0
vertex -14.293726666666668 36.50609666666667 0
endloop
endfacet
facet normal 0 0 -1
outer loop
vertex -12.202925 34.68948 0
vertex -14.293726666666668 36.50609666666667 0
vertex -11.694046666666667 36.50609666666667 0
endloop
endfacet
facet normal 0 0 -1
outer loop
vertex -46.67350833333334 33.316298333333336 0
vertex -46.778443333333335 32.25002333333334 0
vertex -49.278830000000006 32.25002333333334 0
endloop
endfacet
facet normal 0 0 -1
outer loop
vertex -46.67350833333334 33.316298333333336 0
vertex -49.278830000000006 32.25002333333334 0
vertex -49.173895 33.316298333333336 0
endloop
endfacet
facet normal 0 0 -1
outer loop
vertex -10.826358333333333 33.316298333333336 0
vertex -10.721423333333334 32.25002333333334 0
vertex -13.221810000000001 32.25002333333334 0
endloop
endfacet
facet normal 0 0 -1
outer loop
vertex -10.826358333333333 33.316298333333336 0
vertex -13.221810000000001 32.25002333333334 0
vertex -13.326745 33.316298333333336 0
endloop
endfacet
facet normal 0 0 -1
outer loop
vertex -49.566555 31.349613333333334 0
vertex -49.278830000000006 32.25002333333334 0
vertex -46.778443333333335 32.25002333333334 0
endloop
endfacet
facet normal 0 0 -1
outer loop
vertex -49.566555 31.349613333333334 0
vertex -46.778443333333335 32.25002333333334 0
vertex -46.99959666666667 30.00012666666667 0
endloop
endfacet
facet normal 0 0 -1
outer loop
vertex -49.566555 31.349613333333334 0
vertex -46.99959666666667 30.00012666666667 0
vertex -52.50022166666667 30.00012666666667 0
endloop
endfacet
facet normal 0 0 -1
outer loop
vertex -49.566555 31.349613333333334 0
vertex -52.50022166666667 30.00012666666667 0
vertex -52.27794 32.25002333333334 0
endloop
endfacet
facet normal 0 0 -1
outer loop
vertex -49.566555 31.349613333333334 0
vertex -52.27794 32.25002333333334 0
vertex -49.278830000000006 32.25002333333334 0
endloop
endfacet
facet normal 0 0 -0.9999999999999999
outer loop
vertex -10.43257 31.349613333333334 0
vertex -10.721423333333334 32.25002333333334 0
vertex -7.721185 32.25002333333334 0
endloop
endfacet
facet normal 0 0 -1
outer loop
vertex -10.43257 31.349613333333334 0
vertex -7.721185 32.25002333333334 0
vertex -7.5000316666666675 30.00012666666667 0
endloop
endfacet
facet normal 0 0 -1
outer loop
vertex -10.43257 31.349613333333334 0
vertex -7.5000316666666675 30.00012666666667 0
vertex -12.999528333333334 30.00012666666667 0
endloop
endfacet
facet normal 0 0 -1
outer loop
vertex -10.43257 31.349613333333334 0
vertex -12.999528333333334 30.00012666666667 0
vertex -13.221810000000001 32.25002333333334 0
endloop
endfacet
facet normal 0 0 -1
outer loop
vertex -10.43257 31.349613333333334 0
vertex -13.221810000000001 32.25002333333334 0
vertex -10.721423333333334 32.25002333333334 0
endloop
endfacet
facet normal 0 0 -0.9999999999999999
outer loop
vertex -49.566555 28.650640000000003 0
vertex -46.99959666666667 30.00012666666667 0
vertex -46.778443333333335 27.750230000000002 0
endloop
endfacet
facet normal 0 0 -1
outer loop
vertex -49.566555 28.650640000000003 0
vertex -46.778443333333335 27.750230000000002 0
vertex -49.278830000000006 27.750230000000002 0
endloop
endfacet
facet normal 0 0 -1
outer loop
vertex -49.566555 28.650640000000003 0
vertex -49.278830000000006 27.750230000000002 0
vertex -52.27794 27.750230000000002 0
endloop
endfacet
facet normal 0 0 -1
outer loop
vertex -49.566555 28.650640000000003 0
vertex -52.27794 27.750230000000002 0
vertex -52.50022166666667 30.00012666666667 0
endloop
endfacet
facet normal 0 0 -0.9999999999999999
outer loop
vertex -49.566555 28.650640000000003 0
vertex -52.50022166666667 30.00012666666667 0
vertex -46.99959666666667 30.00012666666667 0
endloop
endfacet
facet normal 0 0 -1
outer loop
vertex -10.43257 28.650640000000003 0
vertex -7.5000316666666675 30.00012666666667 0
vertex -7.721185 27.750230000000002 0
endloop
endfacet
facet normal 0 0 -1
outer loop
vertex -10.43257 28.650640000000003 0
vertex -7.721185 27.750230000000002 0
vertex -10.721423333333334 27.750230000000002 0
endloop
endfacet
facet normal 0 0 -1
outer loop
vertex -10.43257 28.650640000000003 0
vertex -10.721423333333334 27.750230000000002 0
vertex -13.221810000000001 27.750230000000002 0
endloop
endfacet
facet normal 0 0 -1
outer loop
vertex -10.43257 28.650640000000003 0
vertex -13.221810000000001 27.750230000000002 0
vertex -12.999528333333334 30.00012666666667 0
endloop
endfacet
facet normal 0 0 -1
outer loop
vertex -10.43257 28.650640000000003 0
vertex -12.999528333333334 30.00012666666667 0
vertex -7.5000316666666675 30.00012666666667 0
endloop
endfacet
facet normal 0 0 -1
outer loop
vertex -46.778443333333335 27.750230000000002 0
vertex -46.67350833333334 26.683955 0
vertex -49.173895 26.683955 0
endloop
endfacet
facet normal 0 0 -0.9999999999999999
outer loop
vertex -46.778443333333335 27.750230000000002 0
vertex -49.173895 26.683955 0
vertex -49.278830000000006 27.750230000000002 0
endloop
endfacet
facet normal 0 0 -1
outer loop
vertex -10.721423333333334 27.750230000000002 0
vertex -10.826358333333333 26.683955 0
vertex -13.326745 26.683955 0
endloop
endfacet
facet normal 0 0 -0.9999999999999999
outer loop
vertex -10.721423333333334 27.750230000000002 0
vertex -13.326745 26.683955 0
vertex -13.221810000000001 27.750230000000002 0
endloop
endfacet
facet normal 0 0 -1
outer loop
vertex -47.79732833333333 25.310773333333334 0
vertex -46.67350833333334 26.683955 0
vertex -45.705398333333335 23.49415666666667 0
endloop
endfacet
facet normal 0 0 -0.9999999999999999
outer loop
vertex -47.79732833333333 25.310773333333334 0
vertex -45.705398333333335 23.49415666666667 0
vertex -48.30620666666667 23.49415666666667 0
endloop
endfacet
facet normal 0 0 -1
outer loop
vertex -47.79732833333333 25.310773333333334 0
vertex -48.30620666666667 23.49415666666667 0
vertex -49.12537666666667 26.195386666666668 0
endloop
endfacet
facet normal 0 0 -1
outer loop
vertex -47.79732833333333 25.310773333333334 0
vertex -49.12537666666667 26.195386666666668 0
vertex -49.173895 26.683955 0
endloop
endfacet
facet normal 0 0 -1
outer loop
vertex -47.79732833333333 25.310773333333334 0
vertex -49.173895 26.683955 0
vertex -46.67350833333334 26.683955 0
endloop
endfacet
facet normal 0 0 -1
outer loop
vertex -12.202925 25.310773333333334 0
vertex -10.826358333333333 26.683955 0
vertex -10.874876666666667 26.195386666666668 0
endloop
endfacet
facet normal 0 0 -1
outer loop
vertex -12.202925 25.310773333333334 0
vertex -10.874876666666667 26.195386666666668 0
vertex -11.694046666666667 23.49415666666667 0
endloop
endfacet
facet normal 0 0 -1
outer loop
vertex -12.202925 25.310773333333334 0
vertex -11.694046666666667 23.49415666666667 0
vertex -14.293726666666668 23.49415666666667 0
endloop
endfacet
facet normal 0 0 -1
outer loop
vertex -12.202925 25.310773333333334 0
vertex -14.293726666666668 23.49415666666667 0
vertex -13.326745 26.683955 0
endloop
endfacet
facet normal 0 0 -0.9999999999999999
outer loop
vertex -12.202925 25.310773333333334 0
vertex -13.326745 26.683955 0
vertex -10.826358333333333 26.683955 0
endloop
endfacet
facet normal 0 0 -1
outer loop
vertex -46.62386166666667 22.126616666666667 0
vertex -45.705398333333335 23.49415666666667 0
vertex -44.13475833333334 20.554848333333336 0
endloop
endfacet
facet normal 0 0 -1
outer loop
vertex -46.62386166666667 22.126616666666667 0
vertex -44.13475833333334 20.554848333333336 0
vertex -46.95559166666667 20.554848333333336 0
endloop
endfacet
facet normal 0 0 -1
outer loop
vertex -46.62386166666667 22.126616666666667 0
vertex -46.95559166666667 20.554848333333336 0
vertex -48.01509666666667 22.53733 0
endloop
endfacet
facet normal 0 0 -0.9999999999999999
outer loop
vertex -46.62386166666667 22.126616666666667 0
vertex -48.01509666666667 22.53733 0
vertex -48.30620666666667 23.49415666666667 0
endloop
endfacet
facet normal 0 0 -1
outer loop
vertex -46.62386166666667 22.126616666666667 0
vertex -48.30620666666667 23.49415666666667 0
vertex -45.705398333333335 23.49415666666667 0
endloop
endfacet
facet normal 0 0 -1
outer loop
vertex -13.376391666666667 22.126616666666667 0
vertex -11.694046666666667 23.49415666666667 0
vertex -11.984028333333335 22.53733 0
endloop
endfacet
facet normal 0 0 -1
outer loop
vertex -13.376391666666667 22.126616666666667 0
vertex -11.984028333333335 22.53733 0
vertex -13.043533333333334 20.554848333333336 0
endloop
endfacet
facet normal 0 0 -1
outer loop
vertex -13.376391666666667 22.126616666666667 0
vertex -13.043533333333334 20.554848333333336 0
vertex -15.865495000000001 20.554848333333336 0
endloop
endfacet
facet normal 0 0 -1
outer loop
vertex -13.376391666666667 22.126616666666667 0
vertex -15.865495000000001 20.554848333333336 0
vertex -14.293726666666668 23.49415666666667 0
endloop
endfacet
facet normal 0 0 -1
outer loop
vertex -13.376391666666667 22.126616666666667 0
vertex -14.293726666666668 23.49415666666667 0
vertex -11.694046666666667 23.49415666666667 0
endloop
endfacet
facet normal 0 0 -1
outer loop
vertex -44.91218 19.247110000000003 0
vertex -44.13475833333334 20.554848333333336 0
vertex -42.02026166666667 17.978863333333333 0
endloop
endfacet
facet normal 0 0 -1
outer loop
vertex -44.91218 19.247110000000003 0
vertex -42.02026166666667 17.978863333333333 0
vertex -45.23939666666667 17.978863333333333 0
endloop
endfacet
facet normal 0 0 -1
outer loop
vertex -44.91218 19.247110000000003 0
vertex -45.23939666666667 17.978863333333333 0
vertex -46.213148333333336 19.16587 0
endloop
endfacet
facet normal 0 0 -1
outer loop
vertex -44.91218 19.247110000000003 0
vertex -46.213148333333336 19.16587 0
vertex -46.95559166666667 20.554848333333336 0
endloop
endfacet
facet normal 0 0 -1
outer loop
vertex -44.91218 19.247110000000003 0
vertex -46.95559166666667 20.554848333333336 0
vertex -44.13475833333334 20.554848333333336 0
endloop
endfacet
facet normal 0 0 -1
outer loop
vertex -15.086945 19.247110000000003 0
vertex -13.043533333333334 20.554848333333336 0
vertex -13.785976666666668 19.16587 0
endloop
endfacet
facet normal 0 0 -1
outer loop
vertex -15.086945 19.247110000000003 0
vertex -13.785976666666668 19.16587 0
vertex -14.760856666666667 17.978863333333333 0
endloop
endfacet
facet normal 0 0 -1
outer loop
vertex -15.086945 19.247110000000003 0
vertex -14.760856666666667 17.978863333333333 0
vertex -17.978863333333333 17.978863333333333 0
endloop
endfacet
facet normal 0 0 -1
outer loop
vertex -15.086945 19.247110000000003 0
vertex -17.978863333333333 17.978863333333333 0
vertex -15.865495000000001 20.554848333333336 0
endloop
endfacet
facet normal 0 0 -1
outer loop
vertex -15.086945 19.247110000000003 0
vertex -15.865495000000001 20.554848333333336 0
vertex -13.043533333333334 20.554848333333336 0
endloop
endfacet
facet normal 0 0 -0.9999999999999999
outer loop
vertex -42.77173166666667 16.780573333333333 0
vertex -42.02026166666667 17.978863333333333 0
vertex -39.44427666666667 15.865495000000001 0
endloop
endfacet
facet normal 0 0 -1
outer loop
vertex -42.77173166666667 16.780573333333333 0
vertex -39.44427666666667 15.865495000000001 0
vertex -43.36636333333334 15.865495000000001 0
endloop
endfacet
facet normal 0 0 -1
outer loop
vertex -42.77173166666667 16.780573333333333 0
vertex -43.36636333333334 15.865495000000001 0
vertex -43.788360000000004 16.211893333333336 0
endloop
endfacet
facet normal 0 0 -0.9999999999999999
outer loop
vertex -42.77173166666667 16.780573333333333 0
vertex -43.788360000000004 16.211893333333336 0
vertex -45.23939666666667 17.978863333333333 0
endloop
endfacet
facet normal 0 0 -1
outer loop
vertex -42.77173166666667 16.780573333333333 0
vertex -45.23939666666667 17.978863333333333 0
vertex -42.02026166666667 17.978863333333333 0
endloop
endfacet
facet normal 0 0 -1
outer loop
vertex -17.22852166666667 16.780573333333333 0
vertex -14.760856666666667 17.978863333333333 0
vertex -16.211893333333336 16.211893333333336 0
endloop
endfacet
facet normal 0 0 -1
outer loop
vertex -17.22852166666667 16.780573333333333 0
vertex -16.211893333333336 16.211893333333336 0
vertex -16.63389 15.865495000000001 0
endloop
endfacet
facet normal 0 0 -1
outer loop
vertex -17.22852166666667 16.780573333333333 0
vertex -16.63389 15.865495000000001 0
vertex -20.554848333333336 15.865495000000001 0
endloop
endfacet
facet normal 0 0 -1
outer loop
vertex -17.22852166666667 16.780573333333333 0
vertex -20.554848333333336 15.865495000000001 0
vertex -17.978863333333333 17.978863333333333 0
endloop
endfacet
facet normal 0 0 -1
outer loop
vertex -17.22852166666667 16.780573333333333 0
vertex -17.978863333333333 17.978863333333333 0
vertex -14.760856666666667 17.978863333333333 0
endloop
endfacet
facet normal 0 0 -1
outer loop
vertex -39.44427666666667 15.865495000000001 0
vertex -36.50609666666667 14.293726666666668 0
vertex -41.45271 14.293726666666668 0
endloop
endfacet
facet normal 0 0 -1
outer loop
vertex -39.44427666666667 15.865495000000001 0
vertex -41.45271 14.293726666666668 0
vertex -43.36636333333334 15.865495000000001 0
endloop
endfacet
facet normal 0 0 -1
outer loop
vertex -16.63389 15.865495000000001 0
vertex -18.547543333333333 14.293726666666668 0
vertex -23.49415666666667 14.293726666666668 0
endloop
endfacet
facet normal 0 0 -1
outer loop
vertex -16.63389 15.865495000000001 0
vertex -23.49415666666667 14.293726666666668 0
vertex -20.554848333333336 15.865495000000001 0
endloop
endfacet
facet normal 0 0 -1
outer loop
vertex -38.416365 13.805158333333335 0
vertex -36.50609666666667 14.293726666666668 0
vertex -33.316298333333336 13.326745 0
endloop
endfacet
facet normal 0 0 -1
outer loop
vertex -38.416365 13.805158333333335 0
vertex -33.316298333333336 13.326745 0
vertex -39.973465000000004 13.326745 0
endloop
endfacet
facet normal 0 0 -0.9999999999999999
outer loop
vertex -38.416365 13.805158333333335 0
vertex -39.973465000000004 13.326745 0
vertex -40.833255 13.785976666666668 0
endloop
endfacet
facet normal 0 0 -1
outer loop
vertex -38.416365 13.805158333333335 0
vertex -40.833255 13.785976666666668 0
vertex -41.45271 14.293726666666668 0
endloop
endfacet
facet normal 0 0 -1
outer loop
vertex -38.416365 13.805158333333335 0
vertex -41.45271 14.293726666666668 0
vertex -36.50609666666667 14.293726666666668 0
endloop
endfacet
facet normal 0 0 -1
outer loop
vertex -21.583888333333334 13.805158333333335 0
vertex -18.547543333333333 14.293726666666668 0
vertex -19.16587 13.785976666666668 0
endloop
endfacet
facet normal 0 0 -1
outer loop
vertex -21.583888333333334 13.805158333333335 0
vertex -19.16587 13.785976666666668 0
vertex -20.026788333333336 13.326745 0
endloop
endfacet
facet normal 0 0 -0.9999999999999999
outer loop
vertex -21.583888333333334 13.805158333333335 0
vertex -20.026788333333336 13.326745 0
vertex -26.683955 13.326745 0
endloop
endfacet
facet normal 0 0 -1
outer loop
vertex -21.583888333333334 13.805158333333335 0
vertex -26.683955 13.326745 0
vertex -23.49415666666667 14.293726666666668 0
endloop
endfacet
facet normal 0 0 -1
outer loop
vertex -21.583888333333334 13.805158333333335 0
vertex -23.49415666666667 14.293726666666668 0
vertex -18.547543333333333 14.293726666666668 0
endloop
endfacet
facet normal 0 0 -1
outer loop
vertex -33.316298333333336 13.326745 0
vertex -30.00012666666667 12.999528333333334 0
vertex -39.363036666666666 12.999528333333334 0
endloop
endfacet
facet normal 0 0 -1
outer loop
vertex -33.316298333333336 13.326745 0
vertex -39.363036666666666 12.999528333333334 0
vertex -39.973465000000004 13.326745 0
endloop
endfacet
facet normal 0 0 -0.9999999999999999
outer loop
vertex -20.026788333333336 13.326745 0
vertex -20.637216666666667 12.999528333333334 0
vertex -30.00012666666667 12.999528333333334 0
endloop
endfacet
facet normal 0 0 -1
outer loop
vertex -20.026788333333336 13.326745 0
vertex -30.00012666666667 12.999528333333334 0
vertex -26.683955 13.326745 0
endloop
endfacet
facet normal 0 0 -1
outer loop
vertex -30.00012666666667 11.901660000000001 0
vertex -30.00012666666667 12.999528333333334 0
vertex -20.637216666666667 12.999528333333334 0
endloop
endfacet
facet normal 0 0 -1
outer loop
vertex -30.00012666666667 11.901660000000001 0
vertex -20.637216666666667 12.999528333333334 0
vertex -22.53733 11.984028333333335 0
endloop
endfacet
facet normal 0 0 -0.9999999999999999
outer loop
vertex -30.00012666666667 11.901660000000001 0
vertex -22.53733 11.984028333333335 0
vertex -26.195386666666668 10.874876666666667 0
endloop
endfacet
facet normal 0 0 -1
outer loop
vertex -30.00012666666667 11.901660000000001 0
vertex -26.195386666666668 10.874876666666667 0
vertex -30.00012666666667 10.50027 0
endloop
endfacet
facet normal 0 0 -1
outer loop
vertex -30.00012666666667 11.901660000000001 0
vertex -30.00012666666667 10.50027 0
vertex -33.803738333333335 10.874876666666667 0
endloop
endfacet
facet normal 0 0 -1
outer loop
vertex -30.00012666666667 11.901660000000001 0
vertex -33.803738333333335 10.874876666666667 0
vertex -37.461795 11.984028333333335 0
endloop
endfacet
facet normal 0 0 -0.9999999999999999
outer loop
vertex -30.00012666666667 11.901660000000001 0
vertex -37.461795 11.984028333333335 0
vertex -39.363036666666666 12.999528333333334 0
endloop
endfacet
facet normal 0 0 -1
outer loop
vertex -30.00012666666667 11.901660000000001 0
vertex -39.363036666666666 12.999528333333334 0
vertex -30.00012666666667 12.999528333333334 0
endloop
endfacet
facet normal 0 0 -1
outer loop
vertex 45.599335 41.80023666666667 0
vertex 73.999485 63.00049166666667 0
vertex 76.99972333333334 63.00049166666667 0
endloop
endfacet
facet normal 0 0 -1
outer loop
vertex 45.599335 41.80023666666667 0
vertex 76.99972333333334 63.00049166666667 0
vertex 76.99972333333334 10.000418333333334 0
endloop
endfacet
facet normal 0 0 -0.9999999999999999
outer loop
vertex 45.599335 41.80023666666667 0
vertex 76.99972333333334 10.000418333333334 0
vertex 0 10.000418333333334 0
endloop
endfacet
facet normal 0 0 -1
outer loop
vertex 45.599335 41.80023666666667 0
vertex 0 10.000418333333334 0
vertex 0 63.00049166666667 0
endloop
endfacet
facet normal 0 0 -1
outer loop
vertex 45.599335 41.80023666666667 0
vertex 0 63.00049166666667 0
vertex 73.999485 63.00049166666667 0
endloop
endfacet
facet normal 0 0 -0.9999999999999999
outer loop
vertex -30.00012666666667 -11.901660000000001 0
vertex -26.195386666666668 -10.874876666666667 0
vertex -22.53733 -11.984028333333335 0
endloop
endfacet
facet normal 0 0 -1
outer loop
vertex -30.00012666666667 -11.901660000000001 0
vertex -22.53733 -11.984028333333335 0
vertex -20.637216666666667 -12.999528333333334 0
endloop
endfacet
facet normal 0 0 -1
outer loop
vertex -30.00012666666667 -11.901660000000001 0
vertex -20.637216666666667 -12.999528333333334 0
vertex -30.00012666666667 -12.999528333333334 0
endloop
endfacet
facet normal 0 0 -1
outer loop
vertex -30.00012666666667 -11.901660000000001 0
vertex -30.00012666666667 -12.999528333333334 0
vertex -39.363036666666666 -12.999528333333334 0
endloop
endfacet
facet normal 0 0 -0.9999999999999999
outer loop
vertex -30.00012666666667 -11.901660000000001 0
vertex -39.363036666666666 -12.999528333333334 0
vertex -37.461795 -11.984028333333335 0
endloop
endfacet
facet normal 0 0 -1
outer loop
vertex -30.00012666666667 -11.901660000000001 0
vertex -37.461795 -11.984028333333335 0
vertex -33.803738333333335 -10.874876666666667 0
endloop
endfacet
facet normal 0 0 -1
outer loop
vertex -30.00012666666667 -11.901660000000001 0
vertex -33.803738333333335 -10.874876666666667 0
vertex -30.00012666666667 -10.50027 0
endloop
endfacet
facet normal 0 0 -1
outer loop
vertex -30.00012666666667 -11.901660000000001 0
vertex -30.00012666666667 -10.50027 0
vertex -26.195386666666668 -10.874876666666667 0
endloop
endfacet
facet normal 0 0 -1
outer loop
vertex -30.00012666666667 -12.999528333333334 0
vertex -33.316298333333336 -13.326745 0
vertex -39.973465000000004 -13.326745 0
endloop
endfacet
facet normal 0 0 -1
outer loop
vertex -30.00012666666667 -12.999528333333334 0
vertex -39.973465000000004 -13.326745 0
vertex -39.363036666666666 -12.999528333333334 0
endloop
endfacet
facet normal 0 0 -1
outer loop
vertex -20.637216666666667 -12.999528333333334 0
vertex -20.026788333333336 -13.326745 0
vertex -26.683955 -13.326745 0
endloop
endfacet
facet normal 0 0 -0.9999999999999999
outer loop
vertex -20.637216666666667 -12.999528333333334 0
vertex -26.683955 -13.326745 0
vertex -30.00012666666667 -12.999528333333334 0
endloop
endfacet
facet normal 0 0 -1
outer loop
vertex -38.416365 -13.805158333333335 0
vertex -33.316298333333336 -13.326745 0
vertex -36.50609666666667 -14.293726666666668 0
endloop
endfacet
facet normal 0 0 -1
outer loop
vertex -38.416365 -13.805158333333335 0
vertex -36.50609666666667 -14.293726666666668 0
vertex -41.45271 -14.293726666666668 0
endloop
endfacet
facet normal 0 0 -1
outer loop
vertex -38.416365 -13.805158333333335 0
vertex -41.45271 -14.293726666666668 0
vertex -40.833255 -13.785976666666668 0
endloop
endfacet
facet normal 0 0 -0.9999999999999999
outer loop
vertex -38.416365 -13.805158333333335 0
vertex -40.833255 -13.785976666666668 0
vertex -39.973465000000004 -13.326745 0
endloop
endfacet
facet normal 0 0 -1
outer loop
vertex -38.416365 -13.805158333333335 0
vertex -39.973465000000004 -13.326745 0
vertex -33.316298333333336 -13.326745 0
endloop
endfacet
facet normal 0 0 -1
outer loop
vertex -21.583888333333334 -13.805158333333335 0
vertex -20.026788333333336 -13.326745 0
vertex -19.16587 -13.785976666666668 0
endloop
endfacet
facet normal 0 0 -1
outer loop
vertex -21.583888333333334 -13.805158333333335 0
vertex -19.16587 -13.785976666666668 0
vertex -18.547543333333333 -14.293726666666668 0
endloop
endfacet
facet normal 0 0 -1
outer loop
vertex -21.583888333333334 -13.805158333333335 0
vertex -18.547543333333333 -14.293726666666668 0
vertex -23.49415666666667 -14.293726666666668 0
endloop
endfacet
facet normal 0 0 -1
outer loop
vertex -21.583888333333334 -13.805158333333335 0
vertex -23.49415666666667 -14.293726666666668 0
vertex -26.683955 -13.326745 0
endloop
endfacet
facet normal 0 0 -0.9999999999999999
outer loop
vertex -21.583888333333334 -13.805158333333335 0
vertex -26.683955 -13.326745 0
vertex -20.026788333333336 -13.326745 0
endloop
endfacet
facet normal 0 0 -0.9999999999999999
outer loop
vertex -36.50609666666667 -14.293726666666668 0
vertex -39.44427666666667 -15.865495000000001 0
vertex -43.36636333333334 -15.865495000000001 0
endloop
endfacet
facet normal 0 0 -1
outer loop
vertex -36.50609666666667 -14.293726666666668 0
vertex -43.36636333333334 -15.865495000000001 0
vertex -41.45271 -14.293726666666668 0
endloop
endfacet
facet normal 0 0 -1
outer loop
vertex -18.547543333333333 -14.293726666666668 0
vertex -16.63389 -15.865495000000001 0
vertex -20.554848333333336 -15.865495000000001 0
endloop
endfacet
facet normal 0 0 -1
outer loop
vertex -18.547543333333333 -14.293726666666668 0
vertex -20.554848333333336 -15.865495000000001 0
vertex -23.49415666666667 -14.293726666666668 0
endloop
endfacet
facet normal 0 0 -0.9999999999999999
outer loop
vertex -42.77173166666667 -16.780573333333333 0
vertex -39.44427666666667 -15.865495000000001 0
vertex -42.02026166666667 -17.978863333333333 0
endloop
endfacet
facet normal 0 0 -1
outer loop
vertex -42.77173166666667 -16.780573333333333 0
vertex -42.02026166666667 -17.978863333333333 0
vertex -45.23939666666667 -17.978863333333333 0
endloop
endfacet
facet normal 0 0 -0.9999999999999999
outer loop
vertex -42.77173166666667 -16.780573333333333 0
vertex -45.23939666666667 -17.978863333333333 0
vertex -43.788360000000004 -16.211893333333336 0
endloop
endfacet
facet normal 0 0 -1
outer loop
vertex -42.77173166666667 -16.780573333333333 0
vertex -43.788360000000004 -16.211893333333336 0
vertex -43.36636333333334 -15.865495000000001 0
endloop
endfacet
facet normal 0 0 -1
outer loop
vertex -42.77173166666667 -16.780573333333333 0
vertex -43.36636333333334 -15.865495000000001 0
vertex -39.44427666666667 -15.865495000000001 0
endloop
endfacet
facet normal 0 0 -1
outer loop
vertex -17.22852166666667 -16.780573333333333 0
vertex -16.63389 -15.865495000000001 0
vertex -16.211893333333336 -16.211893333333336 0
endloop
endfacet
facet normal 0 0 -1
outer loop
vertex -17.22852166666667 -16.780573333333333 0
vertex -16.211893333333336 -16.211893333333336 0
vertex -14.760856666666667 -17.978863333333333 0
endloop
endfacet
facet normal 0 0 -1
outer loop
vertex -17.22852166666667 -16.780573333333333 0
vertex -14.760856666666667 -17.978863333333333 0
vertex -17.978863333333333 -17.978863333333333 0
endloop
endfacet
facet normal 0 0 -1
outer loop
vertex -17.22852166666667 -16.780573333333333 0
vertex -17.978863333333333 -17.978863333333333 0
vertex -20.554848333333336 -15.865495000000001 0
endloop
endfacet
facet normal 0 0 -1
outer loop
vertex -17.22852166666667 -16.780573333333333 0
vertex -20.554848333333336 -15.865495000000001 0
vertex -16.63389 -15.865495000000001 0
endloop
endfacet
facet normal 0 0 -1
outer loop
vertex -44.91218 -19.247110000000003 0
vertex -42.02026166666667 -17.978863333333333 0
vertex -44.13475833333334 -20.554848333333336 0
endloop
endfacet
facet normal 0 0 -1
outer loop
vertex -44.91218 -19.247110000000003 0
vertex -44.13475833333334 -20.554848333333336 0
vertex -46.95559166666667 -20.554848333333336 0
endloop
endfacet
facet normal 0 0 -1
outer loop
vertex -44.91218 -19.247110000000003 0
vertex -46.95559166666667 -20.554848333333336 0
vertex -46.213148333333336 -19.16587 0
endloop
endfacet
facet normal 0 0 -1
outer loop
vertex -44.91218 -19.247110000000003 0
vertex -46.213148333333336 -19.16587 0
vertex -45.23939666666667 -17.978863333333333 0
endloop
endfacet
facet normal 0 0 -1
outer loop
vertex -44.91218 -19.247110000000003 0
vertex -45.23939666666667 -17.978863333333333 0
vertex -42.02026166666667 -17.978863333333333 0
endloop
endfacet
facet normal 0 0 -1
outer loop
vertex -15.086945 -19.247110000000003 0
vertex -14.760856666666667 -17.978863333333333 0
vertex -13.785976666666668 -19.16587 0
endloop
endfacet
facet normal 0 0 -1
outer loop
vertex -15.086945 -19.247110000000003 0
vertex -13.785976666666668 -19.16587 0
vertex -13.043533333333334 -20.554848333333336 0
endloop
endfacet
facet normal 0 0 -1
outer loop
vertex -15.086945 -19.247110000000003 0
vertex -13.043533333333334 -20.554848333333336 0
vertex -15.865495000000001 -20.554848333333336 0
endloop
endfacet
facet normal 0 0 -1
outer loop
vertex -15.086945 -19.247110000000003 0
vertex -15.865495000000001 -20.554848333333336 0
vertex -17.978863333333333 -17.978863333333333 0
endloop
endfacet
facet normal 0 0 -1
outer loop
vertex -15.086945 -19.247110000000003 0
vertex -17.978863333333333 -17.978863333333333 0
vertex -14.760856666666667 -17.978863333333333 0
endloop
endfacet
facet normal 0 0 -1
outer loop
vertex -46.62386166666667 -22.126616666666667 0
vertex -44.13475833333334 -20.554848333333336 0
vertex -45.705398333333335 -23.49415666666667 0
endloop
endfacet
facet normal 0 0 -1
outer loop
vertex -46.62386166666667 -22.126616666666667 0
vertex -45.705398333333335 -23.49415666666667 0
vertex -48.30620666666667 -23.49415666666667 0
endloop
endfacet
facet normal 0 0 -0.9999999999999999
outer loop
vertex -46.62386166666667 -22.126616666666667 0
vertex -48.30620666666667 -23.49415666666667 0
vertex -48.01509666666667 -22.53733 0
endloop
endfacet
facet normal 0 0 -1
outer loop
vertex -46.62386166666667 -22.126616666666667 0
vertex -48.01509666666667 -22.53733 0
vertex -46.95559166666667 -20.554848333333336 0
endloop
endfacet
facet normal 0 0 -1
outer loop
vertex -46.62386166666667 -22.126616666666667 0
vertex -46.95559166666667 -20.554848333333336 0
vertex -44.13475833333334 -20.554848333333336 0
endloop
endfacet
facet normal 0 0 -1
outer loop
vertex -13.376391666666667 -22.126616666666667 0
vertex -13.043533333333334 -20.554848333333336 0
vertex -11.984028333333335 -22.53733 0
endloop
endfacet
facet normal 0 0 -1
outer loop
vertex -13.376391666666667 -22.126616666666667 0
vertex -11.984028333333335 -22.53733 0
vertex -11.694046666666667 -23.49415666666667 0
endloop
endfacet
facet normal 0 0 -1
outer loop
vertex -13.376391666666667 -22.126616666666667 0
vertex -11.694046666666667 -23.49415666666667 0
vertex -14.293726666666668 -23.49415666666667 0
endloop
endfacet
facet normal 0 0 -1
outer loop
vertex -13.376391666666667 -22.126616666666667 0
vertex -14.293726666666668 -23.49415666666667 0
vertex -15.865495000000001 -20.554848333333336 0
endloop
endfacet
facet normal 0 0 -1
outer loop
vertex -13.376391666666667 -22.126616666666667 0
vertex -15.865495000000001 -20.554848333333336 0
vertex -13.043533333333334 -20.554848333333336 0
endloop
endfacet
facet normal 0 0 -1
outer loop
vertex -47.79732833333333 -25.310773333333334 0
vertex -45.705398333333335 -23.49415666666667 0
vertex -46.67350833333334 -26.683955 0
endloop
endfacet
facet normal 0 0 -1
outer loop
vertex -47.79732833333333 -25.310773333333334 0
vertex -46.67350833333334 -26.683955 0
vertex -49.173895 -26.683955 0
endloop
endfacet
facet normal 0 0 -1
outer loop
vertex -47.79732833333333 -25.310773333333334 0
vertex -49.173895 -26.683955 0
vertex -49.12537666666667 -26.195386666666668 0
endloop
endfacet
facet normal 0 0 -1
outer loop
vertex -47.79732833333333 -25.310773333333334 0
vertex -49.12537666666667 -26.195386666666668 0
vertex -48.30620666666667 -23.49415666666667 0
endloop
endfacet
facet normal 0 0 -0.9999999999999999
outer loop
vertex -47.79732833333333 -25.310773333333334 0
vertex -48.30620666666667 -23.49415666666667 0
vertex -45.705398333333335 -23.49415666666667 0
endloop
endfacet
facet normal 0 0 -1
outer loop
vertex -12.202925 -25.310773333333334 0
vertex -11.694046666666667 -23.49415666666667 0
vertex -10.874876666666667 -26.195386666666668 0
endloop
endfacet
facet normal 0 0 -1
outer loop
vertex -12.202925 -25.310773333333334 0
vertex -10.874876666666667 -26.195386666666668 0
vertex -10.826358333333333 -26.683955 0
endloop
endfacet
facet normal 0 0 -0.9999999999999999
outer loop
vertex -12.202925 -25.310773333333334 0
vertex -10.826358333333333 -26.683955 0
vertex -13.326745 -26.683955 0
endloop
endfacet
facet normal 0 0 -1
outer loop
vertex -12.202925 -25.310773333333334 0
vertex -13.326745 -26.683955 0
vertex -14.293726666666668 -23.49415666666667 0
endloop
endfacet
facet normal 0 0 -1
outer loop
vertex -12.202925 -25.310773333333334 0
vertex -14.293726666666668 -23.49415666666667 0
vertex -11.694046666666667 -23.49415666666667 0
endloop
endfacet
facet normal 0 0 -0.9999999999999999
outer loop
vertex -46.67350833333334 -26.683955 0
vertex -46.778443333333335 -27.750230000000002 0
vertex -49.278830000000006 -27.750230000000002 0
endloop
endfacet
facet normal 0 0 -1
outer loop
vertex -46.67350833333334 -26.683955 0
vertex -49.278830000000006 -27.750230000000002 0
vertex -49.173895 -26.683955 0
endloop
endfacet
facet normal 0 0 -0.9999999999999999
outer loop
vertex -10.826358333333333 -26.683955 0
vertex -10.721423333333334 -27.750230000000002 0
vertex -13.221810000000001 -27.750230000000002 0
endloop
endfacet
facet normal 0 0 -0.9999999999999999
outer loop
vertex -10.826358333333333 -26.683955 0
vertex -13.221810000000001 -27.750230000000002 0
vertex -13.326745 -26.683955 0
endloop
endfacet
facet normal 0 0 -1
outer loop
vertex -49.566555 -28.650640000000003 0
vertex -49.278830000000006 -27.750230000000002 0
vertex -46.778443333333335 -27.750230000000002 0
endloop
endfacet
facet normal 0 0 -0.9999999999999999
outer loop
vertex -49.566555 -28.650640000000003 0
vertex -46.778443333333335 -27.750230000000002 0
vertex -46.99959666666667 -30.00012666666667 0
endloop
endfacet
facet normal 0 0 -0.9999999999999999
outer loop
vertex -49.566555 -28.650640000000003 0
vertex -46.99959666666667 -30.00012666666667 0
vertex -52.50022166666667 -30.00012666666667 0
endloop
endfacet
facet normal 0 0 -1
outer loop
vertex -49.566555 -28.650640000000003 0
vertex -52.50022166666667 -30.00012666666667 0
vertex -52.27794 -27.750230000000002 0
endloop
endfacet
facet normal 0 0 -1
outer loop
vertex -49.566555 -28.650640000000003 0
vertex -52.27794 -27.750230000000002 0
vertex -49.278830000000006 -27.750230000000002 0
endloop
endfacet
facet normal 0 0 -1
outer loop
vertex -10.43257 -28.650640000000003 0
vertex -10.721423333333334 -27.750230000000002 0
vertex -7.721185 -27.750230000000002 0
endloop
endfacet
facet normal 0 0 -1
outer loop
vertex -10.43257 -28.650640000000003 0
vertex -7.721185 -27.750230000000002 0
vertex -7.5000316666666675 -30.00012666666667 0
endloop
endfacet
facet normal 0 0 -1
outer loop
vertex -10.43257 -28.650640000000003 0
vertex -7.5000316666666675 -30.00012666666667 0
vertex -12.999528333333334 -30.00012666666667 0
endloop
endfacet
facet normal 0 0 -1
outer loop
vertex -10.43257 -28.650640000000003 0
vertex -12.999528333333334 -30.00012666666667 0
vertex -13.221810000000001 -27.750230000000002 0
endloop
endfacet
facet normal 0 0 -1
outer loop
vertex -10.43257 -28.650640000000003 0
vertex -13.221810000000001 -27.750230000000002 0
vertex -10.721423333333334 -27.750230000000002 0
endloop
endfacet
facet normal 0 0 -1
outer loop
vertex -49.566555 -31.349613333333334 0
vertex -46.99959666666667 -30.00012666666667 0
vertex -46.778443333333335 -32.25002333333334 0
endloop
endfacet
facet normal 0 0 -1
outer loop
vertex -49.566555 -31.349613333333334 0
vertex -46.778443333333335 -32.25002333333334 0
vertex -49.278830000000006 -32.25002333333334 0
endloop
endfacet
facet normal 0 0 -1
outer loop
vertex -49.566555 -31.349613333333334 0
vertex -49.278830000000006 -32.25002333333334 0
vertex -52.27794 -32.25002333333334 0
endloop
endfacet
facet normal 0 0 -1
outer loop
vertex -49.566555 -31.349613333333334 0
vertex -52.27794 -32.25002333333334 0
vertex -52.50022166666667 -30.00012666666667 0
endloop
endfacet
facet normal 0 0 -1
outer loop
vertex -49.566555 -31.349613333333334 0
vertex -52.50022166666667 -30.00012666666667 0
vertex -46.99959666666667 -30.00012666666667 0
endloop
endfacet
facet normal 0 0 -1
outer loop
vertex -10.43257 -31.349613333333334 0
vertex -7.5000316666666675 -30.00012666666667 0
vertex -7.721185 -32.25002333333334 0
endloop
endfacet
facet normal 0 0 -0.9999999999999999
outer loop
vertex -10.43257 -31.349613333333334 0
vertex -7.721185 -32.25002333333334 0
vertex -10.721423333333334 -32.25002333333334 0
endloop
endfacet
facet normal 0 0 -1
outer loop
vertex -10.43257 -31.349613333333334 0
vertex -10.721423333333334 -32.25002333333334 0
vertex -13.221810000000001 -32.25002333333334 0
endloop
endfacet
facet normal 0 0 -1
outer loop
vertex -10.43257 -31.349613333333334 0
vertex -13.221810000000001 -32.25002333333334 0
vertex -12.999528333333334 -30.00012666666667 0
endloop
endfacet
facet normal 0 0 -1
outer loop
vertex -10.43257 -31.349613333333334 0
vertex -12.999528333333334 -30.00012666666667 0
vertex -7.5000316666666675 -30.00012666666667 0
endloop
endfacet
facet normal 0 0 -1
outer loop
vertex -46.778443333333335 -32.25002333333334 0
vertex -46.67350833333334 -33.316298333333336 0
vertex -49.173895 -33.316298333333336 0
endloop
endfacet
facet normal 0 0 -1
outer loop
vertex -46.778443333333335 -32.25002333333334 0
vertex -49.173895 -33.316298333333336 0
vertex -49.278830000000006 -32.25002333333334 0
endloop
endfacet
facet normal 0 0 -1
outer loop
vertex -10.721423333333334 -32.25002333333334 0
vertex -10.826358333333333 -33.316298333333336 0
vertex -13.326745 -33.316298333333336 0
endloop
endfacet
facet normal 0 0 -1
outer loop
vertex -10.721423333333334 -32.25002333333334 0
vertex -13.326745 -33.316298333333336 0
vertex -13.221810000000001 -32.25002333333334 0
endloop
endfacet
facet normal 0 0 -1
outer loop
vertex -47.79732833333333 -34.68948 0
vertex -46.67350833333334 -33.316298333333336 0
vertex -45.705398333333335 -36.50609666666667 0
endloop
endfacet
facet normal 0 0 -1
outer loop
vertex -47.79732833333333 -34.68948 0
vertex -45.705398333333335 -36.50609666666667 0
vertex -48.30620666666667 -36.50609666666667 0
endloop
endfacet
facet normal 0 0 -1
outer loop
vertex -47.79732833333333 -34.68948 0
vertex -48.30620666666667 -36.50609666666667 0
vertex -49.12537666666667 -33.803738333333335 0
endloop
endfacet
facet normal 0 0 -1
outer loop
vertex -47.79732833333333 -34.68948 0
vertex -49.12537666666667 -33.803738333333335 0
vertex -49.173895 -33.316298333333336 0
endloop
endfacet
facet normal 0 0 -1
outer loop
vertex -47.79732833333333 -34.68948 0
vertex -49.173895 -33.316298333333336 0
vertex -46.67350833333334 -33.316298333333336 0
endloop
endfacet
facet normal 0 0 -1
outer loop
vertex -12.202925 -34.68948 0
vertex -10.826358333333333 -33.316298333333336 0
vertex -10.874876666666667 -33.803738333333335 0
endloop
endfacet
facet normal 0 0 -1
outer loop
vertex -12.202925 -34.68948 0
vertex -10.874876666666667 -33.803738333333335 0
vertex -11.694046666666667 -36.50609666666667 0
endloop
endfacet
facet normal 0 0 -1
outer loop
vertex -12.202925 -34.68948 0
vertex -11.694046666666667 -36.50609666666667 0
vertex -14.293726666666668 -36.50609666666667 0
endloop
endfacet
facet normal 0 0 -1
outer loop
vertex -12.202925 -34.68948 0
vertex -14.293726666666668 -36.50609666666667 0
vertex -13.326745 -33.316298333333336 0
endloop
endfacet
facet normal 0 0 -0.9999999999999999
outer loop
vertex -12.202925 -34.68948 0
vertex -13.326745 -33.316298333333336 0
vertex -10.826358333333333 -33.316298333333336 0
endloop
endfacet
facet normal 0 0 -1
outer loop
vertex -46.62386166666667 -37.872508333333336 0
vertex -45.705398333333335 -36.50609666666667 0
vertex -44.13475833333334 -39.44427666666667 0
endloop
endfacet
facet normal 0 0 -1
outer loop
vertex -46.62386166666667 -37.872508333333336 0
vertex -44.13475833333334 -39.44427666666667 0
vertex -46.95559166666667 -39.44427666666667 0
endloop
endfacet
facet normal 0 0 -1
outer loop
vertex -46.62386166666667 -37.872508333333336 0
vertex -46.95559166666667 -39.44427666666667 0
vertex -48.01509666666667 -37.461795 0
endloop
endfacet
facet normal 0 0 -0.9999999999999999
outer loop
vertex -46.62386166666667 -37.872508333333336 0
vertex -48.01509666666667 -37.461795 0
vertex -48.30620666666667 -36.50609666666667 0
endloop
endfacet
facet normal 0 0 -1
outer loop
vertex -46.62386166666667 -37.872508333333336 0
vertex -48.30620666666667 -36.50609666666667 0
vertex -45.705398333333335 -36.50609666666667 0
endloop
endfacet
facet normal 0 0 -0.9999999999999999
outer loop
vertex -13.376391666666667 -37.872508333333336 0
vertex -11.694046666666667 -36.50609666666667 0
vertex -11.984028333333335 -37.461795 0
endloop
endfacet
facet normal 0 0 -1
outer loop
vertex -13.376391666666667 -37.872508333333336 0
vertex -11.984028333333335 -37.461795 0
vertex -13.043533333333334 -39.44427666666667 0
endloop
endfacet
facet normal 0 0 -1
outer loop
vertex -13.376391666666667 -37.872508333333336 0
vertex -13.043533333333334 -39.44427666666667 0
vertex -15.865495000000001 -39.44427666666667 0
endloop
endfacet
facet normal 0 0 -1
outer loop
vertex -13.376391666666667 -37.872508333333336 0
vertex -15.865495000000001 -39.44427666666667 0
vertex -14.293726666666668 -36.50609666666667 0
endloop
endfacet
facet normal 0 0 -1
outer loop
vertex -13.376391666666667 -37.872508333333336 0
vertex -14.293726666666668 -36.50609666666667 0
vertex -11.694046666666667 -36.50609666666667 0
endloop
endfacet
facet normal 0 0 -1
outer loop
vertex -44.91218 -40.752015 0
vertex -44.13475833333334 -39.44427666666667 0
vertex -42.02026166666667 -42.02026166666667 0
endloop
endfacet
facet normal 0 0 -1
outer loop
vertex -44.91218 -40.752015 0
vertex -42.02026166666667 -42.02026166666667 0
vertex -45.23939666666667 -42.02026166666667 0
endloop
endfacet
facet normal 0 0 -1
outer loop
vertex -44.91218 -40.752015 0
vertex -45.23939666666667 -42.02026166666667 0
vertex -46.213148333333336 -40.833255 0
endloop
endfacet
facet normal 0 0 -1
outer loop
vertex -44.91218 -40.752015 0
vertex -46.213148333333336 -40.833255 0
vertex -46.95559166666667 -39.44427666666667 0
endloop
endfacet
facet normal 0 0 -1
outer loop
vertex -44.91218 -40.752015 0
vertex -46.95559166666667 -39.44427666666667 0
vertex -44.13475833333334 -39.44427666666667 0
endloop
endfacet
facet normal 0 0 -1
outer loop
vertex -15.086945 -40.752015 0
vertex -13.043533333333334 -39.44427666666667 0
vertex -13.785976666666668 -40.833255 0
endloop
endfacet
facet normal 0 0 -1
outer loop
vertex -15.086945 -40.752015 0
vertex -13.785976666666668 -40.833255 0
vertex -14.760856666666667 -42.02026166666667 0
endloop
endfacet
facet normal 0 0 -1
outer loop
vertex -15.086945 -40.752015 0
vertex -14.760856666666667 -42.02026166666667 0
vertex -17.978863333333333 -42.02026166666667 0
endloop
endfacet
facet normal 0 0 -1
outer loop
vertex -15.086945 -40.752015 0
vertex -17.978863333333333 -42.02026166666667 0
vertex -15.865495000000001 -39.44427666666667 0
endloop
endfacet
facet normal 0 0 -1
outer loop
vertex -15.086945 -40.752015 0
vertex -15.865495000000001 -39.44427666666667 0
vertex -13.043533333333334 -39.44427666666667 0
endloop
endfacet
facet normal 0 0 -1
outer loop
vertex -42.77173166666667 -43.219680000000004 0
vertex -42.02026166666667 -42.02026166666667 0
vertex -39.44427666666667 -44.13475833333334 0
endloop
endfacet
facet normal 0 0 -1
outer loop
vertex -42.77173166666667 -43.219680000000004 0
vertex -39.44427666666667 -44.13475833333334 0
vertex -43.36636333333334 -44.13475833333334 0
endloop
endfacet
facet normal 0 0 -1
outer loop
vertex -42.77173166666667 -43.219680000000004 0
vertex -43.36636333333334 -44.13475833333334 0
vertex -43.788360000000004 -43.788360000000004 0
endloop
endfacet
facet normal 0 0 -1
outer loop
vertex -42.77173166666667 -43.219680000000004 0
vertex -43.788360000000004 -43.788360000000004 0
vertex -45.23939666666667 -42.02026166666667 0
endloop
endfacet
facet normal 0 0 -1
outer loop
vertex -42.77173166666667 -43.219680000000004 0
vertex -45.23939666666667 -42.02026166666667 0
vertex -42.02026166666667 -42.02026166666667 0
endloop
endfacet
facet normal 0 0 -1
outer loop
vertex -17.22852166666667 -43.219680000000004 0
vertex -14.760856666666667 -42.02026166666667 0
vertex -16.211893333333336 -43.788360000000004 0
endloop
endfacet
facet normal 0 0 -1
outer loop
vertex -17.22852166666667 -43.219680000000004 0
vertex -16.211893333333336 -43.788360000000004 0
vertex -16.63389 -44.13475833333334 0
endloop
endfacet
facet normal 0 0 -1
outer loop
vertex -17.22852166666667 -43.219680000000004 0
vertex -16.63389 -44.13475833333334 0
vertex -20.554848333333336 -44.13475833333334 0
endloop
endfacet
facet normal 0 0 -0.9999999999999999
outer loop
vertex -17.22852166666667 -43.219680000000004 0
vertex -20.554848333333336 -44.13475833333334 0
vertex -17.978863333333333 -42.02026166666667 0
endloop
endfacet
facet normal 0 0 -1
outer loop
vertex -17.22852166666667 -43.219680000000004 0
vertex -17.978863333333333 -42.02026166666667 0
vertex -14.760856666666667 -42.02026166666667 0
endloop
endfacet
facet normal 0 0 -1
outer loop
vertex -39.44427666666667 -44.13475833333334 0
vertex -36.50609666666667 -45.705398333333335 0
vertex -41.45271 -45.705398333333335 0
endloop
endfacet
facet normal 0 0 -1
outer loop
vertex -39.44427666666667 -44.13475833333334 0
vertex -41.45271 -45.705398333333335 0
vertex -43.36636333333334 -44.13475833333334 0
endloop
endfacet
facet normal 0 0 -1
outer loop
vertex -16.63389 -44.13475833333334 0
vertex -18.547543333333333 -45.705398333333335 0
vertex -23.49415666666667 -45.705398333333335 0
endloop
endfacet
facet normal 0 0 -1
outer loop
vertex -16.63389 -44.13475833333334 0
vertex -23.49415666666667 -45.705398333333335 0
vertex -20.554848333333336 -44.13475833333334 0
endloop
endfacet
facet normal 0 0 -1
outer loop
vertex -38.416365 -46.19396666666667 0
vertex -36.50609666666667 -45.705398333333335 0
vertex -33.316298333333336 -46.67350833333334 0
endloop
endfacet
facet normal 0 0 -0.9999999999999999
outer loop
vertex -38.416365 -46.19396666666667 0
vertex -33.316298333333336 -46.67350833333334 0
vertex -39.973465000000004 -46.67350833333334 0
endloop
endfacet
facet normal 0 0 -1
outer loop
vertex -38.416365 -46.19396666666667 0
vertex -39.973465000000004 -46.67350833333334 0
vertex -40.833255 -46.213148333333336 0
endloop
endfacet
facet normal 0 0 -1
outer loop
vertex -38.416365 -46.19396666666667 0
vertex -40.833255 -46.213148333333336 0
vertex -41.45271 -45.705398333333335 0
endloop
endfacet
facet normal 0 0 -1
outer loop
vertex -38.416365 -46.19396666666667 0
vertex -41.45271 -45.705398333333335 0
vertex -36.50609666666667 -45.705398333333335 0
endloop
endfacet
facet normal 0 0 -1
outer loop
vertex -21.583888333333334 -46.19396666666667 0
vertex -18.547543333333333 -45.705398333333335 0
vertex -19.16587 -46.213148333333336 0
endloop
endfacet
facet normal 0 0 -1
outer loop
vertex -21.583888333333334 -46.19396666666667 0
vertex -19.16587 -46.213148333333336 0
vertex -20.026788333333336 -46.67350833333334 0
endloop
endfacet
facet normal 0 0 -1
outer loop
vertex -21.583888333333334 -46.19396666666667 0
vertex -20.026788333333336 -46.67350833333334 0
vertex -26.683955 -46.67350833333334 0
endloop
endfacet
facet normal 0 0 -1
outer loop
vertex -21.583888333333334 -46.19396666666667 0
vertex -26.683955 -46.67350833333334 0
vertex -23.49415666666667 -45.705398333333335 0
endloop
endfacet
facet normal 0 0 -1
outer loop
vertex -21.583888333333334 -46.19396666666667 0
vertex -23.49415666666667 -45.705398333333335 0
vertex -18.547543333333333 -45.705398333333335 0
endloop
endfacet
facet normal 0 0 -1
outer loop
vertex -33.316298333333336 -46.67350833333334 0
vertex -30.00012666666667 -46.99959666666667 0
vertex -39.363036666666666 -46.99959666666667 0
endloop
endfacet
facet normal 0 0 -1
outer loop
vertex -33.316298333333336 -46.67350833333334 0
vertex -39.363036666666666 -46.99959666666667 0
vertex -39.973465000000004 -46.67350833333334 0
endloop
endfacet
facet normal 0 0 -0.9999999999999999
outer loop
vertex -20.026788333333336 -46.67350833333334 0
vertex -20.637216666666667 -46.99959666666667 0
vertex -30.00012666666667 -46.99959666666667 0
endloop
endfacet
facet normal 0 0 -1
outer loop
vertex -20.026788333333336 -46.67350833333334 0
vertex -30.00012666666667 -46.99959666666667 0
vertex -26.683955 -46.67350833333334 0
endloop
endfacet
facet normal 0 0 -1
outer loop
vertex -30.00012666666667 -48.097465 0
vertex -30.00012666666667 -46.99959666666667 0
vertex -20.637216666666667 -46.99959666666667 0
endloop
endfacet
facet normal 0 0 -1
outer loop
vertex -30.00012666666667 -48.097465 0
vertex -20.637216666666667 -46.99959666666667 0
vertex -22.53733 -48.01509666666667 0
endloop
endfacet
facet normal 0 0 -1
outer loop
vertex -30.00012666666667 -48.097465 0
vertex -22.53733 -48.01509666666667 0
vertex -26.195386666666668 -49.12537666666667 0
endloop
endfacet
facet normal 0 0 -1
outer loop
vertex -30.00012666666667 -48.097465 0
vertex -26.195386666666668 -49.12537666666667 0
vertex -30.00012666666667 -49.49998333333333 0
endloop
endfacet
facet normal 0 0 -1
outer loop
vertex -30.00012666666667 -48.097465 0
vertex -30.00012666666667 -49.49998333333333 0
vertex -33.803738333333335 -49.12537666666667 0
endloop
endfacet
facet normal 0 0 -0.9999999999999999
outer loop
vertex -30.00012666666667 -48.097465 0
vertex -33.803738333333335 -49.12537666666667 0
vertex -37.461795 -48.01509666666667 0
endloop
endfacet
facet normal 0 0 -1
outer loop
vertex -30.00012666666667 -48.097465 0
vertex -37.461795 -48.01509666666667 0
vertex -39.363036666666666 -46.99959666666667 0
endloop
endfacet
facet normal 0 0 -1
outer loop
vertex -30.00012666666667 -48.097465 0
vertex -39.363036666666666 -46.99959666666667 0
vertex -30.00012666666667 -46.99959666666667 0
endloop
endfacet
facet normal 0 0 -1
outer loop
vertex 45.599335 -41.80023666666667 0
vertex 76.99972333333334 -10.000418333333334 0
vertex 76.99972333333334 -63.00049166666667 0
endloop
endfacet
facet normal 0 0 -1
outer loop
vertex 45.599335 -41.80023666666667 0
vertex 76.99972333333334 -63.00049166666667 0
vertex 73.999485 -63.00049166666667 0
endloop
endfacet
facet normal 0 0 -1
outer loop
vertex 45.599335 -41.80023666666667 0
vertex 73.999485 -63.00049166666667 0
vertex 0 -63.00049166666667 0
endloop
endfacet
facet normal 0 0 -1
outer loop
vertex 45.599335 -41.80023666666667 0
vertex 0 -63.00049166666667 0
vertex 0 -10.000418333333334 0
endloop
endfacet
facet normal 0 0 -0.9999999999999999
outer loop
vertex 45.599335 -41.80023666666667 0
vertex 0 -10.000418333333334 0
vertex 76.99972333333334 -10.000418333333334 0
endloop
endfacet
facet normal 0 0 -1
outer loop
vertex 76.99972333333334 -63.00049166666667 0
vertex 76.99972333333334 -83.99990333333334 0
vertex 73.999485 -83.99990333333334 0
endloop
endfacet
facet normal 0 0 -1
outer loop
vertex 76.99972333333334 -63.00049166666667 0
vertex 73.999485 -83.99990333333334 0
vertex 73.999485 -63.00049166666667 0
endloop
endfacet
facet normal 0 0 -1
outer loop
vertex 97.00056000000001 -64.000195 0
vertex 97.00056000000001 -83.99990333333334 0
vertex 94.00032166666668 -83.99990333333334 0
endloop
endfacet
facet normal 0 0 -1
outer loop
vertex 97.00056000000001 -64.000195 0
vertex 94.00032166666668 -83.99990333333334 0
vertex 94.00032166666668 -64.000195 0
endloop
endfacet
facet normal 0 0 -1
outer loop
vertex 85.50058666666668 -84.99960666666666 0
vertex 76.99972333333334 -83.99990333333334 0
vertex 94.00032166666668 -83.99990333333334 0
endloop
endfacet
facet normal 0 0 -1
outer loop
vertex 85.50058666666668 -84.99960666666666 0
vertex 94.00032166666668 -83.99990333333334 0
vertex 97.00056000000001 -83.99990333333334 0
endloop
endfacet
facet normal 0 0 -1
outer loop
vertex 85.50058666666668 -84.99960666666666 0
vertex 97.00056000000001 -83.99990333333334 0
vertex 97.00056000000001 -87.00014166666668 0
endloop
endfacet
facet normal 0 0 -1
outer loop
vertex 85.50058666666668 -84.99960666666666 0
vertex 97.00056000000001 -87.00014166666668 0
vertex 73.999485 -87.00014166666668 0
endloop
endfacet
facet normal 0 0 -1
outer loop
vertex 85.50058666666668 -84.99960666666666 0
vertex 73.999485 -87.00014166666668 0
vertex 73.999485 -83.99990333333334 0
endloop
endfacet
facet normal 0 0 -1
outer loop
vertex 85.50058666666668 -84.99960666666666 0
vertex 73.999485 -83.99990333333334 0
vertex 76.99972333333334 -83.99990333333334 0
endloop
endfacet
facet normal 0 0 1
outer loop
vertex 85.50058666666668 84.99960666666666 15.000063333333335
vertex 73.999485 87.00014166666668 15.000063333333335
vertex 73.999485 83.99990333333334 15.000063333333335
endloop
endfacet
facet normal 0 0 1
outer loop
vertex 85.50058666666668 84.99960666666666 15.000063333333335
vertex 73.999485 83.99990333333334 15.000063333333335
vertex 76.99972333333334 83.99990333333334 15.000063333333335
endloop
endfacet
facet normal 0 0 1
outer loop
vertex 85.50058666666668 84.99960666666666 15.000063333333335
vertex 76.99972333333334 83.99990333333334 15.000063333333335
vertex 94.00032166666668 83.99990333333334 15.000063333333335
endloop
endfacet
facet normal 0 0 1
outer loop
vertex 85.50058666666668 84.99960666666666 15.000063333333335
vertex 94.00032166666668 83.99990333333334 15.000063333333335
vertex 97.00056000000001 83.99990333333334 15.000063333333335
endloop
endfacet
facet normal 0 0 1
outer loop
vertex 85.50058666666668 84.99960666666666 15.000063333333335
vertex 97.00056000000001 83.99990333333334 15.000063333333335
vertex 97.00056000000001 87.00014166666668 15.000063333333335
endloop
endfacet
facet normal 0 0 1
outer loop
vertex 85.50058666666668 84.99960666666666 15.000063333333335
vertex 97.00056000000001 87.00014166666668 15.000063333333335
vertex 73.999485 87.00014166666668 15.000063333333335
endloop
endfacet
facet normal 0 0 1
outer loop
vertex 94.00032166666668 83.99990333333334 15.000063333333335
vertex 94.00032166666668 64.000195 15.000063333333335
vertex 97.00056000000001 64.000195 15.000063333333335
endloop
endfacet
facet normal 0 0 1
outer loop
vertex 94.00032166666668 83.99990333333334 15.000063333333335
vertex 97.00056000000001 64.000195 15.000063333333335
vertex 97.00056000000001 83.99990333333334 15.000063333333335
endloop
endfacet
facet normal 0 0 1
outer loop
vertex 73.999485 83.99990333333334 15.000063333333335
vertex 73.999485 63.00049166666667 15.000063333333335
vertex 76.99972333333334 63.00049166666667 15.000063333333335
endloop
endfacet
facet normal 0 0 1
outer loop
vertex 73.999485 83.99990333333334 15.000063333333335
vertex 76.99972333333334 63.00049166666667 15.000063333333335
vertex 76.99972333333334 83.99990333333334 15.000063333333335
endloop
endfacet
facet normal 0 0 1
outer loop
vertex 42.41630666666667 59.624518333333334 15.000063333333335
vertex 73.999485 63.00049166666667 15.000063333333335
vertex 0 63.00049166666667 15.000063333333335
endloop
endfacet
facet normal 0 0 1
outer loop
vertex 42.41630666666667 59.624518333333334 15.000063333333335
vertex 0 63.00049166666667 15.000063333333335
vertex 0 56.249673333333334 15.000063333333335
endloop
endfacet
facet normal 0 0 1
outer loop
vertex 42.41630666666667 59.624518333333334 15.000063333333335
vertex 0 56.249673333333334 15.000063333333335
vertex 26.50003666666667 56.249673333333334 15.000063333333335
endloop
endfacet
facet normal 0 0 1
outer loop
vertex 42.41630666666667 59.624518333333334 15.000063333333335
vertex 26.50003666666667 56.249673333333334 15.000063333333335
vertex 76.99972333333334 56.249673333333334 15.000063333333335
endloop
endfacet
facet normal 0 0 1
outer loop
vertex 42.41630666666667 59.624518333333334 15.000063333333335
vertex 76.99972333333334 56.249673333333334 15.000063333333335
vertex 76.99972333333334 63.00049166666667 15.000063333333335
endloop
endfacet
facet normal 0 0 1
outer loop
vertex 42.41630666666667 59.624518333333334 15.000063333333335
vertex 76.99972333333334 63.00049166666667 15.000063333333335
vertex 73.999485 63.00049166666667 15.000063333333335
endloop
endfacet
facet normal 0 0 1
outer loop
vertex 26.50003666666667 56.249673333333334 15.000063333333335
vertex 30.353295000000003 55.87055333333333 15.000063333333335
vertex 76.99972333333334 55.87055333333333 15.000063333333335
endloop
endfacet
facet normal 0 0 1
outer loop
vertex 26.50003666666667 56.249673333333334 15.000063333333335
vertex 76.99972333333334 55.87055333333333 15.000063333333335
vertex 76.99972333333334 56.249673333333334 15.000063333333335
endloop
endfacet
facet normal 0 0 1
outer loop
vertex 0 56.249673333333334 15.000063333333335
vertex 0 55.87055333333333 15.000063333333335
vertex 22.646778333333334 55.87055333333333 15.000063333333335
endloop
endfacet
facet normal 0 0 0.9999999999999999
outer loop
vertex 0 56.249673333333334 15.000063333333335
vertex 22.646778333333334 55.87055333333333 15.000063333333335
vertex 26.50003666666667 56.249673333333334 15.000063333333335
endloop
endfacet
facet normal 0 0 1
outer loop
vertex 30.353295000000003 55.87055333333333 15.000063333333335
vertex 34.057613333333336 54.74673333333334 15.000063333333335
vertex 76.99972333333334 54.74673333333334 15.000063333333335
endloop
endfacet
facet normal 0 0 1
outer loop
vertex 30.353295000000003 55.87055333333333 15.000063333333335
vertex 76.99972333333334 54.74673333333334 15.000063333333335
vertex 76.99972333333334 55.87055333333333 15.000063333333335
endloop
endfacet
facet normal 0 0 1
outer loop
vertex 0 55.87055333333333 15.000063333333335
vertex 0 54.74673333333334 15.000063333333335
vertex 18.94246 54.74673333333334 15.000063333333335
endloop
endfacet
facet normal 0 0 1
outer loop
vertex 0 55.87055333333333 15.000063333333335
vertex 18.94246 54.74673333333334 15.000063333333335
vertex 22.646778333333334 55.87055333333333 15.000063333333335
endloop
endfacet
facet normal 0 0 1
outer loop
vertex 52.79471666666667 54.30104166666667 15.000063333333335
vertex 34.057613333333336 54.74673333333334 15.000063333333335
vertex 35.447720000000004 54.00316166666667 15.000063333333335
endloop
endfacet
facet normal 0 0 1
outer loop
vertex 52.79471666666667 54.30104166666667 15.000063333333335
vertex 35.447720000000004 54.00316166666667 15.000063333333335
vertex 40.467675 54.00316166666667 15.000063333333335
endloop
endfacet
facet normal 0 0 1
outer loop
vertex 52.79471666666667 54.30104166666667 15.000063333333335
vertex 40.467675 54.00316166666667 15.000063333333335
vertex 76.99972333333334 54.00316166666667 15.000063333333335
endloop
endfacet
facet normal 0 0 1
outer loop
vertex 52.79471666666667 54.30104166666667 15.000063333333335
vertex 76.99972333333334 54.00316166666667 15.000063333333335
vertex 76.99972333333334 54.74673333333334 15.000063333333335
endloop
endfacet
facet normal 0 0 1
outer loop
vertex 52.79471666666667 54.30104166666667 15.000063333333335
vertex 76.99972333333334 54.74673333333334 15.000063333333335
vertex 34.057613333333336 54.74673333333334 15.000063333333335
endloop
endfacet
facet normal 0 0 1
outer loop
vertex 9.805216666666666 54.30104166666667 15.000063333333335
vertex 0 54.74673333333334 15.000063333333335
vertex 0 54.00316166666667 15.000063333333335
endloop
endfacet
facet normal 0 0 0.9999999999999999
outer loop
vertex 9.805216666666666 54.30104166666667 15.000063333333335
vertex 0 54.00316166666667 15.000063333333335
vertex 12.532398333333335 54.00316166666667 15.000063333333335
endloop
endfacet
facet normal 0 0 1
outer loop
vertex 9.805216666666666 54.30104166666667 15.000063333333335
vertex 12.532398333333335 54.00316166666667 15.000063333333335
vertex 17.552353333333336 54.00316166666667 15.000063333333335
endloop
endfacet
facet normal 0 0 1
outer loop
vertex 9.805216666666666 54.30104166666667 15.000063333333335
vertex 17.552353333333336 54.00316166666667 15.000063333333335
vertex 18.94246 54.74673333333334 15.000063333333335
endloop
endfacet
facet normal 0 0 1
outer loop
vertex 9.805216666666666 54.30104166666667 15.000063333333335
vertex 18.94246 54.74673333333334 15.000063333333335
vertex 0 54.74673333333334 15.000063333333335
endloop
endfacet
facet normal 0 0 1
outer loop
vertex 35.447720000000004 54.00316166666667 15.000063333333335
vertex 37.47195 52.92109000000001 15.000063333333335
vertex 39.385603333333336 52.92109000000001 15.000063333333335
endloop
endfacet
facet normal 0 0 1
outer loop
vertex 35.447720000000004 54.00316166666667 15.000063333333335
vertex 39.385603333333336 52.92109000000001 15.000063333333335
vertex 40.467675 54.00316166666667 15.000063333333335
endloop
endfacet
facet normal 0 0 1
outer loop
vertex 12.532398333333335 54.00316166666667 15.000063333333335
vertex 13.61447 52.92109000000001 15.000063333333335
vertex 15.526995000000001 52.92109000000001 15.000063333333335
endloop
endfacet
facet normal 0 0 1
outer loop
vertex 12.532398333333335 54.00316166666667 15.000063333333335
vertex 15.526995000000001 52.92109000000001 15.000063333333335
vertex 17.552353333333336 54.00316166666667 15.000063333333335
endloop
endfacet
facet normal 0 0 1
outer loop
vertex 40.467675 54.00316166666667 15.000063333333335
vertex 42.40953666666667 52.409955000000004 15.000063333333335
vertex 76.99972333333334 52.409955000000004 15.000063333333335
endloop
endfacet
facet normal 0 0 1
outer loop
vertex 40.467675 54.00316166666667 15.000063333333335
vertex 76.99972333333334 52.409955000000004 15.000063333333335
vertex 76.99972333333334 54.00316166666667 15.000063333333335
endloop
endfacet
facet normal 0 0 1
outer loop
vertex 0 54.00316166666667 15.000063333333335
vertex 0 52.409955000000004 15.000063333333335
vertex 10.590536666666667 52.409955000000004 15.000063333333335
endloop
endfacet
facet normal 0 0 1
outer loop
vertex 0 54.00316166666667 15.000063333333335
vertex 10.590536666666667 52.409955000000004 15.000063333333335
vertex 12.532398333333335 54.00316166666667 15.000063333333335
endloop
endfacet
facet normal 0 0 1
outer loop
vertex 37.47195 52.92109000000001 15.000063333333335
vertex 38.52355666666667 52.059043333333335 15.000063333333335
vertex 39.385603333333336 52.92109000000001 15.000063333333335
endloop
endfacet
facet normal 0 0 1
outer loop
vertex 13.61447 52.92109000000001 15.000063333333335
vertex 14.476516666666667 52.059043333333335 15.000063333333335
vertex 15.526995000000001 52.92109000000001 15.000063333333335
endloop
endfacet
facet normal 0 0 1
outer loop
vertex 42.40953666666667 52.409955000000004 15.000063333333335
vertex 44.00387166666667 50.468093333333336 15.000063333333335
vertex 76.99972333333334 50.468093333333336 15.000063333333335
endloop
endfacet
facet normal 0 0 1
outer loop
vertex 42.40953666666667 52.409955000000004 15.000063333333335
vertex 76.99972333333334 50.468093333333336 15.000063333333335
vertex 76.99972333333334 52.409955000000004 15.000063333333335
endloop
endfacet
facet normal 0 0 1
outer loop
vertex 0 52.409955000000004 15.000063333333335
vertex 0 50.468093333333336 15.000063333333335
vertex 8.996201666666668 50.468093333333336 15.000063333333335
endloop
endfacet
facet normal 0 0 1
outer loop
vertex 0 52.409955000000004 15.000063333333335
vertex 8.996201666666668 50.468093333333336 15.000063333333335
vertex 10.590536666666667 52.409955000000004 15.000063333333335
endloop
endfacet
facet normal 0 0 1
outer loop
vertex 56.5972 48.88052833333334 15.000063333333335
vertex 44.00387166666667 50.468093333333336 15.000063333333335
vertex 42.058625 48.523975 15.000063333333335
endloop
endfacet
facet normal 0 0 1
outer loop
vertex 56.5972 48.88052833333334 15.000063333333335
vertex 42.058625 48.523975 15.000063333333335
vertex 42.921800000000005 47.472368333333335 15.000063333333335
endloop
endfacet
facet normal 0 0 1
outer loop
vertex 56.5972 48.88052833333334 15.000063333333335
vertex 42.921800000000005 47.472368333333335 15.000063333333335
vertex 76.99972333333334 47.472368333333335 15.000063333333335
endloop
endfacet
facet normal 0 0 1
outer loop
vertex 56.5972 48.88052833333334 15.000063333333335
vertex 76.99972333333334 47.472368333333335 15.000063333333335
vertex 76.99972333333334 50.468093333333336 15.000063333333335
endloop
endfacet
facet normal 0 0 1
outer loop
vertex 56.5972 48.88052833333334 15.000063333333335
vertex 76.99972333333334 50.468093333333336 15.000063333333335
vertex 44.00387166666667 50.468093333333336 15.000063333333335
endloop
endfacet
facet normal 0 0 1
outer loop
vertex 6.0027333333333335 48.88052833333334 15.000063333333335
vertex 0 50.468093333333336 15.000063333333335
vertex 0 47.472368333333335 15.000063333333335
endloop
endfacet
facet normal 0 0 1
outer loop
vertex 6.0027333333333335 48.88052833333334 15.000063333333335
vertex 0 47.472368333333335 15.000063333333335
vertex 10.078273333333334 47.472368333333335 15.000063333333335
endloop
endfacet
facet normal 0 0 1
outer loop
vertex 6.0027333333333335 48.88052833333334 15.000063333333335
vertex 10.078273333333334 47.472368333333335 15.000063333333335
vertex 10.941448333333334 48.523975 15.000063333333335
endloop
endfacet
facet normal 0 0 1
outer loop
vertex 6.0027333333333335 48.88052833333334 15.000063333333335
vertex 10.941448333333334 48.523975 15.000063333333335
vertex 8.996201666666668 50.468093333333336 15.000063333333335
endloop
endfacet
facet normal 0 0 1
outer loop
vertex 6.0027333333333335 48.88052833333334 15.000063333333335
vertex 8.996201666666668 50.468093333333336 15.000063333333335
vertex 0 50.468093333333336 15.000063333333335
endloop
endfacet
facet normal 0 0 1
outer loop
vertex 42.921800000000005 47.472368333333335 15.000063333333335
vertex 44.746315 44.05803166666667 15.000063333333335
vertex 76.99972333333334 44.05803166666667 15.000063333333335
endloop
endfacet
facet normal 0 0 1
outer loop
vertex 42.921800000000005 47.472368333333335 15.000063333333335
vertex 76.99972333333334 44.05803166666667 15.000063333333335
vertex 76.99972333333334 47.472368333333335 15.000063333333335
endloop
endfacet
facet normal 0 0 1
outer loop
vertex 0 47.472368333333335 15.000063333333335
vertex 0 44.05803166666667 15.000063333333335
vertex 8.253758333333334 44.05803166666667 15.000063333333335
endloop
endfacet
facet normal 0 0 1
outer loop
vertex 0 47.472368333333335 15.000063333333335
vertex 8.253758333333334 44.05803166666667 15.000063333333335
vertex 10.078273333333334 47.472368333333335 15.000063333333335
endloop
endfacet
facet normal 0 0 0.9999999999999999
outer loop
vertex 44.746315 44.05803166666667 15.000063333333335
vertex 45.870135000000005 40.352585000000005 15.000063333333335
vertex 76.99972333333334 40.352585000000005 15.000063333333335
endloop
endfacet
facet normal 0 0 1
outer loop
vertex 44.746315 44.05803166666667 15.000063333333335
vertex 76.99972333333334 40.352585000000005 15.000063333333335
vertex 76.99972333333334 44.05803166666667 15.000063333333335
endloop
endfacet
facet normal 0 0 1
outer loop
vertex 0 44.05803166666667 15.000063333333335
vertex 0 40.352585000000005 15.000063333333335
vertex 7.1299383333333335 40.352585000000005 15.000063333333335
endloop
endfacet
facet normal 0 0 1
outer loop
vertex 0 44.05803166666667 15.000063333333335
vertex 7.1299383333333335 40.352585000000005 15.000063333333335
vertex 8.253758333333334 44.05803166666667 15.000063333333335
endloop
endfacet
facet normal 0 0 0.9999999999999999
outer loop
vertex 45.870135000000005 40.352585000000005 15.000063333333335
vertex 46.25038333333334 36.500455 15.000063333333335
vertex 76.99972333333334 36.500455 15.000063333333335
endloop
endfacet
facet normal 0 0 1
outer loop
vertex 45.870135000000005 40.352585000000005 15.000063333333335
vertex 76.99972333333334 36.500455 15.000063333333335
vertex 76.99972333333334 40.352585000000005 15.000063333333335
endloop
endfacet
facet normal 0 0 1
outer loop
vertex 0 40.352585000000005 15.000063333333335
vertex 0 36.500455 15.000063333333335
vertex 6.74969 36.500455 15.000063333333335
endloop
endfacet
facet normal 0 0 1
outer loop
vertex 0 40.352585000000005 15.000063333333335
vertex 6.74969 36.500455 15.000063333333335
vertex 7.1299383333333335 40.352585000000005 15.000063333333335
endloop
endfacet
facet normal 0 0 0.9999999999999999
outer loop
vertex 46.25038333333334 36.500455 15.000063333333335
vertex 45.870135000000005 32.647196666666666 15.000063333333335
vertex 76.99972333333334 32.647196666666666 15.000063333333335
endloop
endfacet
facet normal 0 0 1
outer loop
vertex 46.25038333333334 36.500455 15.000063333333335
vertex 76.99972333333334 32.647196666666666 15.000063333333335
vertex 76.99972333333334 36.500455 15.000063333333335
endloop
endfacet
facet normal 0 0 1
outer loop
vertex 0 36.500455 15.000063333333335
vertex 0 32.647196666666666 15.000063333333335
vertex 7.1299383333333335 32.647196666666666 15.000063333333335
endloop
endfacet
facet normal 0 0 0.9999999999999999
outer loop
vertex 0 36.500455 15.000063333333335
vertex 7.1299383333333335 32.647196666666666 15.000063333333335
vertex 6.74969 36.500455 15.000063333333335
endloop
endfacet
facet normal 0 0 0.9999999999999999
outer loop
vertex 45.870135000000005 32.647196666666666 15.000063333333335
vertex 44.746315 28.941750000000003 15.000063333333335
vertex 76.99972333333334 28.941750000000003 15.000063333333335
endloop
endfacet
facet normal 0 0 0.9999999999999999
outer loop
vertex 45.870135000000005 32.647196666666666 15.000063333333335
vertex 76.99972333333334 28.941750000000003 15.000063333333335
vertex 76.99972333333334 32.647196666666666 15.000063333333335
endloop
endfacet
facet normal 0 0 0.9999999999999999
outer loop
vertex 0 32.647196666666666 15.000063333333335
vertex 0 28.941750000000003 15.000063333333335
vertex 8.253758333333334 28.941750000000003 15.000063333333335
endloop
endfacet
facet normal 0 0 1
outer loop
vertex 0 32.647196666666666 15.000063333333335
vertex 8.253758333333334 28.941750000000003 15.000063333333335
vertex 7.1299383333333335 32.647196666666666 15.000063333333335
endloop
endfacet
facet normal 0 0 1
outer loop
vertex 44.746315 28.941750000000003 15.000063333333335
vertex 42.921800000000005 25.527413333333335 15.000063333333335
vertex 76.99972333333334 25.527413333333335 15.000063333333335
endloop
endfacet
facet normal 0 0 1
outer loop
vertex 44.746315 28.941750000000003 15.000063333333335
vertex 76.99972333333334 25.527413333333335 15.000063333333335
vertex 76.99972333333334 28.941750000000003 15.000063333333335
endloop
endfacet
facet normal 0 0 1
outer loop
vertex 0 28.941750000000003 15.000063333333335
vertex 0 25.527413333333335 15.000063333333335
vertex 10.078273333333334 25.527413333333335 15.000063333333335
endloop
endfacet
facet normal 0 0 0.9999999999999999
outer loop
vertex 0 28.941750000000003 15.000063333333335
vertex 10.078273333333334 25.527413333333335 15.000063333333335
vertex 8.253758333333334 28.941750000000003 15.000063333333335
endloop
endfacet
facet normal 0 0 1
outer loop
vertex 56.5972 24.119253333333337 15.000063333333335
vertex 42.921800000000005 25.527413333333335 15.000063333333335
vertex 42.058625 24.476935 15.000063333333335
endloop
endfacet
facet normal 0 0 0.9999999999999999
outer loop
vertex 56.5972 24.119253333333337 15.000063333333335
vertex 42.058625 24.476935 15.000063333333335
vertex 44.00387166666667 22.531688333333335 15.000063333333335
endloop
endfacet
facet normal 0 0 0.9999999999999999
outer loop
vertex 56.5972 24.119253333333337 15.000063333333335
vertex 44.00387166666667 22.531688333333335 15.000063333333335
vertex 76.99972333333334 22.531688333333335 15.000063333333335
endloop
endfacet
facet normal 0 0 1
outer loop
vertex 56.5972 24.119253333333337 15.000063333333335
vertex 76.99972333333334 22.531688333333335 15.000063333333335
vertex 76.99972333333334 25.527413333333335 15.000063333333335
endloop
endfacet
facet normal 0 0 1
outer loop
vertex 56.5972 24.119253333333337 15.000063333333335
vertex 76.99972333333334 25.527413333333335 15.000063333333335
vertex 42.921800000000005 25.527413333333335 15.000063333333335
endloop
endfacet
facet normal 0 0 1
outer loop
vertex 6.0027333333333335 24.119253333333337 15.000063333333335
vertex 0 25.527413333333335 15.000063333333335
vertex 0 22.531688333333335 15.000063333333335
endloop
endfacet
facet normal 0 0 1
outer loop
vertex 6.0027333333333335 24.119253333333337 15.000063333333335
vertex 0 22.531688333333335 15.000063333333335
vertex 8.996201666666668 22.531688333333335 15.000063333333335
endloop
endfacet
facet normal 0 0 1
outer loop
vertex 6.0027333333333335 24.119253333333337 15.000063333333335
vertex 8.996201666666668 22.531688333333335 15.000063333333335
vertex 10.941448333333334 24.476935 15.000063333333335
endloop
endfacet
facet normal 0 0 1
outer loop
vertex 6.0027333333333335 24.119253333333337 15.000063333333335
vertex 10.941448333333334 24.476935 15.000063333333335
vertex 10.078273333333334 25.527413333333335 15.000063333333335
endloop
endfacet
facet normal 0 0 1
outer loop
vertex 6.0027333333333335 24.119253333333337 15.000063333333335
vertex 10.078273333333334 25.527413333333335 15.000063333333335
vertex 0 25.527413333333335 15.000063333333335
endloop
endfacet
facet normal 0 0 1
outer loop
vertex 44.00387166666667 22.531688333333335 15.000063333333335
vertex 42.40953666666667 20.589826666666667 15.000063333333335
vertex 76.99972333333334 20.589826666666667 15.000063333333335
endloop
endfacet
facet normal 0 0 1
outer loop
vertex 44.00387166666667 22.531688333333335 15.000063333333335
vertex 76.99972333333334 20.589826666666667 15.000063333333335
vertex 76.99972333333334 22.531688333333335 15.000063333333335
endloop
endfacet
facet normal 0 0 1
outer loop
vertex 0 22.531688333333335 15.000063333333335
vertex 0 20.589826666666667 15.000063333333335
vertex 10.590536666666667 20.589826666666667 15.000063333333335
endloop
endfacet
facet normal 0 0 1
outer loop
vertex 0 22.531688333333335 15.000063333333335
vertex 10.590536666666667 20.589826666666667 15.000063333333335
vertex 8.996201666666668 22.531688333333335 15.000063333333335
endloop
endfacet
facet normal 0 0 1
outer loop
vertex 37.47195 20.078691666666668 15.000063333333335
vertex 39.385603333333336 20.078691666666668 15.000063333333335
vertex 38.52355666666667 20.940738333333336 15.000063333333335
endloop
endfacet
facet normal 0 0 1
outer loop
vertex 13.61447 20.078691666666668 15.000063333333335
vertex 15.526995000000001 20.078691666666668 15.000063333333335
vertex 14.476516666666667 20.940738333333336 15.000063333333335
endloop
endfacet
facet normal 0 0 1
outer loop
vertex 42.40953666666667 20.589826666666667 15.000063333333335
vertex 40.467675 18.99662 15.000063333333335
vertex 76.99972333333334 18.99662 15.000063333333335
endloop
endfacet
facet normal 0 0 1
outer loop
vertex 42.40953666666667 20.589826666666667 15.000063333333335
vertex 76.99972333333334 18.99662 15.000063333333335
vertex 76.99972333333334 20.589826666666667 15.000063333333335
endloop
endfacet
facet normal 0 0 1
outer loop
vertex 37.47195 20.078691666666668 15.000063333333335
vertex 35.447720000000004 18.99662 15.000063333333335
vertex 40.467675 18.99662 15.000063333333335
endloop
endfacet
facet normal 0 0 1
outer loop
vertex 37.47195 20.078691666666668 15.000063333333335
vertex 40.467675 18.99662 15.000063333333335
vertex 39.385603333333336 20.078691666666668 15.000063333333335
endloop
endfacet
facet normal 0 0 1
outer loop
vertex 13.61447 20.078691666666668 15.000063333333335
vertex 12.532398333333335 18.99662 15.000063333333335
vertex 17.552353333333336 18.99662 15.000063333333335
endloop
endfacet
facet normal 0 0 1
outer loop
vertex 13.61447 20.078691666666668 15.000063333333335
vertex 17.552353333333336 18.99662 15.000063333333335
vertex 15.526995000000001 20.078691666666668 15.000063333333335
endloop
endfacet
facet normal 0 0 1
outer loop
vertex 0 20.589826666666667 15.000063333333335
vertex 0 18.99662 15.000063333333335
vertex 12.532398333333335 18.99662 15.000063333333335
endloop
endfacet
facet normal 0 0 1
outer loop
vertex 0 20.589826666666667 15.000063333333335
vertex 12.532398333333335 18.99662 15.000063333333335
vertex 10.590536666666667 20.589826666666667 15.000063333333335
endloop
endfacet
facet normal 0 0 1
outer loop
vertex 52.79471666666667 18.69874 15.000063333333335
vertex 40.467675 18.99662 15.000063333333335
vertex 35.447720000000004 18.99662 15.000063333333335
endloop
endfacet
facet normal 0 0 1
outer loop
vertex 52.79471666666667 18.69874 15.000063333333335
vertex 35.447720000000004 18.99662 15.000063333333335
vertex 34.057613333333336 18.253048333333336 15.000063333333335
endloop
endfacet
facet normal 0 0 1
outer loop
vertex 52.79471666666667 18.69874 15.000063333333335
vertex 34.057613333333336 18.253048333333336 15.000063333333335
vertex 76.99972333333334 18.253048333333336 15.000063333333335
endloop
endfacet
facet normal 0 0 1
outer loop
vertex 52.79471666666667 18.69874 15.000063333333335
vertex 76.99972333333334 18.253048333333336 15.000063333333335
vertex 76.99972333333334 18.99662 15.000063333333335
endloop
endfacet
facet normal 0 0 1
outer loop
vertex 52.79471666666667 18.69874 15.000063333333335
vertex 76.99972333333334 18.99662 15.000063333333335
vertex 40.467675 18.99662 15.000063333333335
endloop
endfacet
facet normal 0 0 0.9999999999999999
outer loop
vertex 9.805216666666666 18.69874 15.000063333333335
vertex 12.532398333333335 18.99662 15.000063333333335
vertex 0 18.99662 15.000063333333335
endloop
endfacet
facet normal 0 0 1
outer loop
vertex 9.805216666666666 18.69874 15.000063333333335
vertex 0 18.99662 15.000063333333335
vertex 0 18.253048333333336 15.000063333333335
endloop
endfacet
facet normal 0 0 1
outer loop
vertex 9.805216666666666 18.69874 15.000063333333335
vertex 0 18.253048333333336 15.000063333333335
vertex 18.94246 18.253048333333336 15.000063333333335
endloop
endfacet
facet normal 0 0 1
outer loop
vertex 9.805216666666666 18.69874 15.000063333333335
vertex 18.94246 18.253048333333336 15.000063333333335
vertex 17.552353333333336 18.99662 15.000063333333335
endloop
endfacet
facet normal 0 0 1
outer loop
vertex 9.805216666666666 18.69874 15.000063333333335
vertex 17.552353333333336 18.99662 15.000063333333335
vertex 12.532398333333335 18.99662 15.000063333333335
endloop
endfacet
facet normal 0 0 1
outer loop
vertex 34.057613333333336 18.253048333333336 15.000063333333335
vertex 30.353295000000003 17.129228333333334 15.000063333333335
vertex 76.99972333333334 17.129228333333334 15.000063333333335
endloop
endfacet
facet normal 0 0 1
outer loop
vertex 34.057613333333336 18.253048333333336 15.000063333333335
vertex 76.99972333333334 17.129228333333334 15.000063333333335
vertex 76.99972333333334 18.253048333333336 15.000063333333335
endloop
endfacet
facet normal 0 0 0.9999999999999999
outer loop
vertex 0 18.253048333333336 15.000063333333335
vertex 0 17.129228333333334 15.000063333333335
vertex 22.646778333333334 17.129228333333334 15.000063333333335
endloop
endfacet
facet normal 0 0 1
outer loop
vertex 0 18.253048333333336 15.000063333333335
vertex 22.646778333333334 17.129228333333334 15.000063333333335
vertex 18.94246 18.253048333333336 15.000063333333335
endloop
endfacet
facet normal 0 0 1
outer loop
vertex 30.353295000000003 17.129228333333334 15.000063333333335
vertex 26.50003666666667 16.750108333333333 15.000063333333335
vertex 76.99972333333334 16.750108333333333 15.000063333333335
endloop
endfacet
facet normal 0 0 1
outer loop
vertex 30.353295000000003 17.129228333333334 15.000063333333335
vertex 76.99972333333334 16.750108333333333 15.000063333333335
vertex 76.99972333333334 17.129228333333334 15.000063333333335
endloop
endfacet
facet normal 0 0 0.9999999999999999
outer loop
vertex 0 17.129228333333334 15.000063333333335
vertex 0 16.750108333333333 15.000063333333335
vertex 26.50003666666667 16.750108333333333 15.000063333333335
endloop
endfacet
facet normal 0 0 1
outer loop
vertex 0 17.129228333333334 15.000063333333335
vertex 26.50003666666667 16.750108333333333 15.000063333333335
vertex 22.646778333333334 17.129228333333334 15.000063333333335
endloop
endfacet
facet normal 0 0 1
outer loop
vertex 36.099896666666666 14.050006666666668 15.000063333333335
vertex 26.50003666666667 16.750108333333333 15.000063333333335
vertex 0 16.750108333333333 15.000063333333335
endloop
endfacet
facet normal 0 0 1
outer loop
vertex 36.099896666666666 14.050006666666668 15.000063333333335
vertex 0 16.750108333333333 15.000063333333335
vertex 0 10.000418333333334 15.000063333333335
endloop
endfacet
facet normal 0 0 1
outer loop
vertex 36.099896666666666 14.050006666666668 15.000063333333335
vertex 0 10.000418333333334 15.000063333333335
vertex 76.99972333333334 10.000418333333334 15.000063333333335
endloop
endfacet
facet normal 0 0 1
outer loop
vertex 36.099896666666666 14.050006666666668 15.000063333333335
vertex 76.99972333333334 10.000418333333334 15.000063333333335
vertex 76.99972333333334 16.750108333333333 15.000063333333335
endloop
endfacet
facet normal 0 0 1
outer loop
vertex 36.099896666666666 14.050006666666668 15.000063333333335
vertex 76.99972333333334 16.750108333333333 15.000063333333335
vertex 26.50003666666667 16.750108333333333 15.000063333333335
endloop
endfacet
facet normal 0 0 1
outer loop
vertex 36.099896666666666 -14.050006666666668 15.000063333333335
vertex 0 -10.000418333333334 15.000063333333335
vertex 0 -16.750108333333333 15.000063333333335
endloop
endfacet
facet normal 0 0 1
outer loop
vertex 36.099896666666666 -14.050006666666668 15.000063333333335
vertex 0 -16.750108333333333 15.000063333333335
vertex 26.50003666666667 -16.750108333333333 15.000063333333335
endloop
endfacet
facet normal 0 0 1
outer loop
vertex 36.099896666666666 -14.050006666666668 15.000063333333335
vertex 26.50003666666667 -16.750108333333333 15.000063333333335
vertex 76.99972333333334 -16.750108333333333 15.000063333333335
endloop
endfacet
facet normal 0 0 1
outer loop
vertex 36.099896666666666 -14.050006666666668 15.000063333333335
vertex 76.99972333333334 -16.750108333333333 15.000063333333335
vertex 76.99972333333334 -10.000418333333334 15.000063333333335
endloop
endfacet
facet normal 0 0 1
outer loop
vertex 36.099896666666666 -14.050006666666668 15.000063333333335
vertex 76.99972333333334 -10.000418333333334 15.000063333333335
vertex 0 -10.000418333333334 15.000063333333335
endloop
endfacet
facet normal 0 0 1
outer loop
vertex 26.50003666666667 -16.750108333333333 15.000063333333335
vertex 30.353295000000003 -17.129228333333334 15.000063333333335
vertex 76.99972333333334 -17.129228333333334 15.000063333333335
endloop
endfacet
facet normal 0 0 1
outer loop
vertex 26.50003666666667 -16.750108333333333 15.000063333333335
vertex 76.99972333333334 -17.129228333333334 15.000063333333335
vertex 76.99972333333334 -16.750108333333333 15.000063333333335
endloop
endfacet
facet normal 0 0 1
outer loop
vertex 0 -16.750108333333333 15.000063333333335
vertex 0 -17.129228333333334 15.000063333333335
vertex 22.646778333333334 -17.129228333333334 15.000063333333335
endloop
endfacet
facet normal 0 0 0.9999999999999999
outer loop
vertex 0 -16.750108333333333 15.000063333333335
vertex 22.646778333333334 -17.129228333333334 15.000063333333335
vertex 26.50003666666667 -16.750108333333333 15.000063333333335
endloop
endfacet
facet normal 0 0 1
outer loop
vertex 30.353295000000003 -17.129228333333334 15.000063333333335
vertex 34.057613333333336 -18.253048333333336 15.000063333333335
vertex 76.99972333333334 -18.253048333333336 15.000063333333335
endloop
endfacet
facet normal 0 0 1
outer loop
vertex 30.353295000000003 -17.129228333333334 15.000063333333335
vertex 76.99972333333334 -18.253048333333336 15.000063333333335
vertex 76.99972333333334 -17.129228333333334 15.000063333333335
endloop
endfacet
facet normal 0 0 1
outer loop
vertex 0 -17.129228333333334 15.000063333333335
vertex 0 -18.253048333333336 15.000063333333335
vertex 18.94246 -18.253048333333336 15.000063333333335
endloop
endfacet
facet normal 0 0 0.9999999999999999
outer loop
vertex 0 -17.129228333333334 15.000063333333335
vertex 18.94246 -18.253048333333336 15.000063333333335
vertex 22.646778333333334 -17.129228333333334 15.000063333333335
endloop
endfacet
facet normal 0 0 1
outer loop
vertex 52.79471666666667 -18.69874 15.000063333333335
vertex 34.057613333333336 -18.253048333333336 15.000063333333335
vertex 35.447720000000004 -18.99662 15.000063333333335
endloop
endfacet
facet normal 0 0 1
outer loop
vertex 52.79471666666667 -18.69874 15.000063333333335
vertex 35.447720000000004 -18.99662 15.000063333333335
vertex 40.467675 -18.99662 15.000063333333335
endloop
endfacet
facet normal 0 0 1
outer loop
vertex 52.79471666666667 -18.69874 15.000063333333335
vertex 40.467675 -18.99662 15.000063333333335
vertex 76.99972333333334 -18.99662 15.000063333333335
endloop
endfacet
facet normal 0 0 1
outer loop
vertex 52.79471666666667 -18.69874 15.000063333333335
vertex 76.99972333333334 -18.99662 15.000063333333335
vertex 76.99972333333334 -18.253048333333336 15.000063333333335
endloop
endfacet
facet normal 0 0 1
outer loop
vertex 52.79471666666667 -18.69874 15.000063333333335
vertex 76.99972333333334 -18.253048333333336 15.000063333333335
vertex 34.057613333333336 -18.253048333333336 15.000063333333335
endloop
endfacet
facet normal 0 0 1
outer loop
vertex 9.805216666666666 -18.69874 15.000063333333335
vertex 0 -18.253048333333336 15.000063333333335
vertex 0 -18.99662 15.000063333333335
endloop
endfacet
facet normal 0 0 0.9999999999999999
outer loop
vertex 9.805216666666666 -18.69874 15.000063333333335
vertex 0 -18.99662 15.000063333333335
vertex 12.532398333333335 -18.99662 15.000063333333335
endloop
endfacet
facet normal 0 0 1
outer loop
vertex 9.805216666666666 -18.69874 15.000063333333335
vertex 12.532398333333335 -18.99662 15.000063333333335
vertex 17.552353333333336 -18.99662 15.000063333333335
endloop
endfacet
facet normal 0 0 1
outer loop
vertex 9.805216666666666 -18.69874 15.000063333333335
vertex 17.552353333333336 -18.99662 15.000063333333335
vertex 18.94246 -18.253048333333336 15.000063333333335
endloop
endfacet
facet normal 0 0 1
outer loop
vertex 9.805216666666666 -18.69874 15.000063333333335
vertex 18.94246 -18.253048333333336 15.000063333333335
vertex 0 -18.253048333333336 15.000063333333335
endloop
endfacet
facet normal 0 0 1
outer loop
vertex 35.447720000000004 -18.99662 15.000063333333335
vertex 37.47195 -20.078691666666668 15.000063333333335
vertex 39.385603333333336 -20.078691666666668 15.000063333333335
endloop
endfacet
facet normal 0 0 0.9999999999999999
outer loop
vertex 35.447720000000004 -18.99662 15.000063333333335
vertex 39.385603333333336 -20.078691666666668 15.000063333333335
vertex 40.467675 -18.99662 15.000063333333335
endloop
endfacet
facet normal 0 0 1
outer loop
vertex 12.532398333333335 -18.99662 15.000063333333335
vertex 13.61447 -20.078691666666668 15.000063333333335
vertex 15.526995000000001 -20.078691666666668 15.000063333333335
endloop
endfacet
facet normal 0 0 1
outer loop
vertex 12.532398333333335 -18.99662 15.000063333333335
vertex 15.526995000000001 -20.078691666666668 15.000063333333335
vertex 17.552353333333336 -18.99662 15.000063333333335
endloop
endfacet
facet normal 0 0 1
outer loop
vertex 40.467675 -18.99662 15.000063333333335
vertex 42.40953666666667 -20.589826666666667 15.000063333333335
vertex 76.99972333333334 -20.589826666666667 15.000063333333335
endloop
endfacet
facet normal 0 0 1
outer loop
vertex 40.467675 -18.99662 15.000063333333335
vertex 76.99972333333334 -20.589826666666667 15.000063333333335
vertex 76.99972333333334 -18.99662 15.000063333333335
endloop
endfacet
facet normal 0 0 1
outer loop
vertex 0 -18.99662 15.000063333333335
vertex 0 -20.589826666666667 15.000063333333335
vertex 10.590536666666667 -20.589826666666667 15.000063333333335
endloop
endfacet
facet normal 0 0 1
outer loop
vertex 0 -18.99662 15.000063333333335
vertex 10.590536666666667 -20.589826666666667 15.000063333333335
vertex 12.532398333333335 -18.99662 15.000063333333335
endloop
endfacet
facet normal 0 0 1
outer loop
vertex 37.47195 -20.078691666666668 15.000063333333335
vertex 38.52355666666667 -20.940738333333336 15.000063333333335
vertex 39.385603333333336 -20.078691666666668 15.000063333333335
endloop
endfacet
facet normal 0 0 1
outer loop
vertex 13.61447 -20.078691666666668 15.000063333333335
vertex 14.476516666666667 -20.940738333333336 15.000063333333335
vertex 15.526995000000001 -20.078691666666668 15.000063333333335
endloop
endfacet
facet normal 0 0 1
outer loop
vertex 42.40953666666667 -20.589826666666667 15.000063333333335
vertex 44.00387166666667 -22.531688333333335 15.000063333333335
vertex 76.99972333333334 -22.531688333333335 15.000063333333335
endloop
endfacet
facet normal 0 0 1
outer loop
vertex 42.40953666666667 -20.589826666666667 15.000063333333335
vertex 76.99972333333334 -22.531688333333335 15.000063333333335
vertex 76.99972333333334 -20.589826666666667 15.000063333333335
endloop
endfacet
facet normal 0 0 1
outer loop
vertex 0 -20.589826666666667 15.000063333333335
vertex 0 -22.531688333333335 15.000063333333335
vertex 8.996201666666668 -22.531688333333335 15.000063333333335
endloop
endfacet
facet normal 0 0 1
outer loop
vertex 0 -20.589826666666667 15.000063333333335
vertex 8.996201666666668 -22.531688333333335 15.000063333333335
vertex 10.590536666666667 -20.589826666666667 15.000063333333335
endloop
endfacet
facet normal 0 0 0.9999999999999999
outer loop
vertex 56.5972 -24.119253333333337 15.000063333333335
vertex 44.00387166666667 -22.531688333333335 15.000063333333335
vertex 42.058625 -24.476935 15.000063333333335
endloop
endfacet
facet normal 0 0 1
outer loop
vertex 56.5972 -24.119253333333337 15.000063333333335
vertex 42.058625 -24.476935 15.000063333333335
vertex 42.921800000000005 -25.527413333333335 15.000063333333335
endloop
endfacet
facet normal 0 0 1
outer loop
vertex 56.5972 -24.119253333333337 15.000063333333335
vertex 42.921800000000005 -25.527413333333335 15.000063333333335
vertex 76.99972333333334 -25.527413333333335 15.000063333333335
endloop
endfacet
facet normal 0 0 1
outer loop
vertex 56.5972 -24.119253333333337 15.000063333333335
vertex 76.99972333333334 -25.527413333333335 15.000063333333335
vertex 76.99972333333334 -22.531688333333335 15.000063333333335
endloop
endfacet
facet normal 0 0 0.9999999999999999
outer loop
vertex 56.5972 -24.119253333333337 15.000063333333335
vertex 76.99972333333334 -22.531688333333335 15.000063333333335
vertex 44.00387166666667 -22.531688333333335 15.000063333333335
endloop
endfacet
facet normal 0 0 1
outer loop
vertex 6.0027333333333335 -24.119253333333337 15.000063333333335
vertex 0 -22.531688333333335 15.000063333333335
vertex 0 -25.527413333333335 15.000063333333335
endloop
endfacet
facet normal 0 0 1
outer loop
vertex 6.0027333333333335 -24.119253333333337 15.000063333333335
vertex 0 -25.527413333333335 15.000063333333335
vertex 10.078273333333334 -25.527413333333335 15.000063333333335
endloop
endfacet
facet normal 0 0 1
outer loop
vertex 6.0027333333333335 -24.119253333333337 15.000063333333335
vertex 10.078273333333334 -25.527413333333335 15.000063333333335
vertex 10.941448333333334 -24.476935 15.000063333333335
endloop
endfacet
facet normal 0 0 1
outer loop
vertex 6.0027333333333335 -24.119253333333337 15.000063333333335
vertex 10.941448333333334 -24.476935 15.000063333333335
vertex 8.996201666666668 -22.531688333333335 15.000063333333335
endloop
endfacet
facet normal 0 0 1
outer loop
vertex 6.0027333333333335 -24.119253333333337 15.000063333333335
vertex 8.996201666666668 -22.531688333333335 15.000063333333335
vertex 0 -22.531688333333335 15.000063333333335
endloop
endfacet
facet normal 0 0 1
outer loop
vertex 42.921800000000005 -25.527413333333335 15.000063333333335
vertex 44.746315 -28.941750000000003 15.000063333333335
vertex 76.99972333333334 -28.941750000000003 15.000063333333335
endloop
endfacet
facet normal 0 0 1
outer loop
vertex 42.921800000000005 -25.527413333333335 15.000063333333335
vertex 76.99972333333334 -28.941750000000003 15.000063333333335
vertex 76.99972333333334 -25.527413333333335 15.000063333333335
endloop
endfacet
facet normal 0 0 0.9999999999999999
outer loop
vertex 0 -25.527413333333335 15.000063333333335
vertex 0 -28.941750000000003 15.000063333333335
vertex 8.253758333333334 -28.941750000000003 15.000063333333335
endloop
endfacet
facet normal 0 0 1
outer loop
vertex 0 -25.527413333333335 15.000063333333335
vertex 8.253758333333334 -28.941750000000003 15.000063333333335
vertex 10.078273333333334 -25.527413333333335 15.000063333333335
endloop
endfacet
facet normal 0 0 0.9999999999999999
outer loop
vertex 44.746315 -28.941750000000003 15.000063333333335
vertex 45.870135000000005 -32.647196666666666 15.000063333333335
vertex 76.99972333333334 -32.647196666666666 15.000063333333335
endloop
endfacet
facet normal 0 0 0.9999999999999999
outer loop
vertex 44.746315 -28.941750000000003 15.000063333333335
vertex 76.99972333333334 -32.647196666666666 15.000063333333335
vertex 76.99972333333334 -28.941750000000003 15.000063333333335
endloop
endfacet
facet normal 0 0 1
outer loop
vertex 0 -28.941750000000003 15.000063333333335
vertex 0 -32.647196666666666 15.000063333333335
vertex 7.1299383333333335 -32.647196666666666 15.000063333333335
endloop
endfacet
facet normal 0 0 0.9999999999999999
outer loop
vertex 0 -28.941750000000003 15.000063333333335
vertex 7.1299383333333335 -32.647196666666666 15.000063333333335
vertex 8.253758333333334 -28.941750000000003 15.000063333333335
endloop
endfacet
facet normal 0 0 1
outer loop
vertex 45.870135000000005 -32.647196666666666 15.000063333333335
vertex 46.25038333333334 -36.500455 15.000063333333335
vertex 76.99972333333334 -36.500455 15.000063333333335
endloop
endfacet
facet normal 0 0 1
outer loop
vertex 45.870135000000005 -32.647196666666666 15.000063333333335
vertex 76.99972333333334 -36.500455 15.000063333333335
vertex 76.99972333333334 -32.647196666666666 15.000063333333335
endloop
endfacet
facet normal 0 0 0.9999999999999999
outer loop
vertex 0 -32.647196666666666 15.000063333333335
vertex 0 -36.500455 15.000063333333335
vertex 6.74969 -36.500455 15.000063333333335
endloop
endfacet
facet normal 0 0 1
outer loop
vertex 0 -32.647196666666666 15.000063333333335
vertex 6.74969 -36.500455 15.000063333333335
vertex 7.1299383333333335 -32.647196666666666 15.000063333333335
endloop
endfacet
facet normal 0 0 1
outer loop
vertex 46.25038333333334 -36.500455 15.000063333333335
vertex 45.870135000000005 -40.352585000000005 15.000063333333335
vertex 76.99972333333334 -40.352585000000005 15.000063333333335
endloop
endfacet
facet normal 0 0 0.9999999999999999
outer loop
vertex 46.25038333333334 -36.500455 15.000063333333335
vertex 76.99972333333334 -40.352585000000005 15.000063333333335
vertex 76.99972333333334 -36.500455 15.000063333333335
endloop
endfacet
facet normal 0 0 1
outer loop
vertex 0 -36.500455 15.000063333333335
vertex 0 -40.352585000000005 15.000063333333335
vertex 7.1299383333333335 -40.352585000000005 15.000063333333335
endloop
endfacet
facet normal 0 0 1
outer loop
vertex 0 -36.500455 15.000063333333335
vertex 7.1299383333333335 -40.352585000000005 15.000063333333335
vertex 6.74969 -36.500455 15.000063333333335
endloop
endfacet
facet normal 0 0 1
outer loop
vertex 45.870135000000005 -40.352585000000005 15.000063333333335
vertex 44.746315 -44.05803166666667 15.000063333333335
vertex 76.99972333333334 -44.05803166666667 15.000063333333335
endloop
endfacet
facet normal 0 0 0.9999999999999999
outer loop
vertex 45.870135000000005 -40.352585000000005 15.000063333333335
vertex 76.99972333333334 -44.05803166666667 15.000063333333335
vertex 76.99972333333334 -40.352585000000005 15.000063333333335
endloop
endfacet
facet normal 0 0 1
outer loop
vertex 0 -40.352585000000005 15.000063333333335
vertex 0 -44.05803166666667 15.000063333333335
vertex 8.253758333333334 -44.05803166666667 15.000063333333335
endloop
endfacet
facet normal 0 0 1
outer loop
vertex 0 -40.352585000000005 15.000063333333335
vertex 8.253758333333334 -44.05803166666667 15.000063333333335
vertex 7.1299383333333335 -40.352585000000005 15.000063333333335
endloop
endfacet
facet normal 0 0 0.9999999999999999
outer loop
vertex 44.746315 -44.05803166666667 15.000063333333335
vertex 42.921800000000005 -47.472368333333335 15.000063333333335
vertex 76.99972333333334 -47.472368333333335 15.000063333333335
endloop
endfacet
facet normal 0 0 0.9999999999999999
outer loop
vertex 44.746315 -44.05803166666667 15.000063333333335
vertex 76.99972333333334 -47.472368333333335 15.000063333333335
vertex 76.99972333333334 -44.05803166666667 15.000063333333335
endloop
endfacet
facet normal 0 0 1
outer loop
vertex 0 -44.05803166666667 15.000063333333335
vertex 0 -47.472368333333335 15.000063333333335
vertex 10.078273333333334 -47.472368333333335 15.000063333333335
endloop
endfacet
facet normal 0 0 1
outer loop
vertex 0 -44.05803166666667 15.000063333333335
vertex 10.078273333333334 -47.472368333333335 15.000063333333335
vertex 8.253758333333334 -44.05803166666667 15.000063333333335
endloop
endfacet
facet normal 0 0 1
outer loop
vertex 56.5972 -48.88052833333334 15.000063333333335
vertex 42.921800000000005 -47.472368333333335 15.000063333333335
vertex 42.058625 -48.523975 15.000063333333335
endloop
endfacet
facet normal 0 0 1
outer loop
vertex 56.5972 -48.88052833333334 15.000063333333335
vertex 42.058625 -48.523975 15.000063333333335
vertex 44.00387166666667 -50.468093333333336 15.000063333333335
endloop
endfacet
facet normal 0 0 1
outer loop
vertex 56.5972 -48.88052833333334 15.000063333333335
vertex 44.00387166666667 -50.468093333333336 15.000063333333335
vertex 76.99972333333334 -50.468093333333336 15.000063333333335
endloop
endfacet
facet normal 0 0 1
outer loop
vertex 56.5972 -48.88052833333334 15.000063333333335
vertex 76.99972333333334 -50.468093333333336 15.000063333333335
vertex 76.99972333333334 -47.472368333333335 15.000063333333335
endloop
endfacet
facet normal 0 0 1
outer loop
vertex 56.5972 -48.88052833333334 15.000063333333335
vertex 76.99972333333334 -47.472368333333335 15.000063333333335
vertex 42.921800000000005 -47.472368333333335 15.000063333333335
endloop
endfacet
facet normal 0 0 1
outer loop
vertex 6.0027333333333335 -48.88052833333334 15.000063333333335
vertex 0 -47.472368333333335 15.000063333333335
vertex 0 -50.468093333333336 15.000063333333335
endloop
endfacet
facet normal 0 0 1
outer loop
vertex 6.0027333333333335 -48.88052833333334 15.000063333333335
vertex 0 -50.468093333333336 15.000063333333335
vertex 8.996201666666668 -50.468093333333336 15.000063333333335
endloop
endfacet
facet normal 0 0 1
outer loop
vertex 6.0027333333333335 -48.88052833333334 15.000063333333335
vertex 8.996201666666668 -50.468093333333336 15.000063333333335
vertex 10.941448333333334 -48.523975 15.000063333333335
endloop
endfacet
facet normal 0 0 1
outer loop
vertex 6.0027333333333335 -48.88052833333334 15.000063333333335
vertex 10.941448333333334 -48.523975 15.000063333333335
vertex 10.078273333333334 -47.472368333333335 15.000063333333335
endloop
endfacet
facet normal 0 0 1
outer loop
vertex 6.0027333333333335 -48.88052833333334 15.000063333333335
vertex 10.078273333333334 -47.472368333333335 15.000063333333335
vertex 0 -47.472368333333335 15.000063333333335
endloop
endfacet
facet normal 0 0 1
outer loop
vertex 44.00387166666667 -50.468093333333336 15.000063333333335
vertex 42.40953666666667 -52.409955000000004 15.000063333333335
vertex 76.99972333333334 -52.409955000000004 15.000063333333335
endloop
endfacet
facet normal 0 0 1
outer loop
vertex 44.00387166666667 -50.468093333333336 15.000063333333335
vertex 76.99972333333334 -52.409955000000004 15.000063333333335
vertex 76.99972333333334 -50.468093333333336 15.000063333333335
endloop
endfacet
facet normal 0 0 1
outer loop
vertex 0 -50.468093333333336 15.000063333333335
vertex 0 -52.409955000000004 15.000063333333335
vertex 10.590536666666667 -52.409955000000004 15.000063333333335
endloop
endfacet
facet normal 0 0 1
outer loop
vertex 0 -50.468093333333336 15.000063333333335
vertex 10.590536666666667 -52.409955000000004 15.000063333333335
vertex 8.996201666666668 -50.468093333333336 15.000063333333335
endloop
endfacet
facet normal 0 0 1
outer loop
vertex 37.47195 -52.92109000000001 15.000063333333335
vertex 39.385603333333336 -52.92109000000001 15.000063333333335
vertex 38.52355666666667 -52.059043333333335 15.000063333333335
endloop
endfacet
facet normal 0 0 1
outer loop
vertex 13.61447 -52.92109000000001 15.000063333333335
vertex 15.526995000000001 -52.92109000000001 15.000063333333335
vertex 14.476516666666667 -52.059043333333335 15.000063333333335
endloop
endfacet
facet normal 0 0 1
outer loop
vertex 42.40953666666667 -52.409955000000004 15.000063333333335
vertex 40.467675 -54.00316166666667 15.000063333333335
vertex 76.99972333333334 -54.00316166666667 15.000063333333335
endloop
endfacet
facet normal 0 0 1
outer loop
vertex 42.40953666666667 -52.409955000000004 15.000063333333335
vertex 76.99972333333334 -54.00316166666667 15.000063333333335
vertex 76.99972333333334 -52.409955000000004 15.000063333333335
endloop
endfacet
facet normal 0 0 1
outer loop
vertex 37.47195 -52.92109000000001 15.000063333333335
vertex 35.447720000000004 -54.00316166666667 15.000063333333335
vertex 40.467675 -54.00316166666667 15.000063333333335
endloop
endfacet
facet normal 0 0 1
outer loop
vertex 37.47195 -52.92109000000001 15.000063333333335
vertex 40.467675 -54.00316166666667 15.000063333333335
vertex 39.385603333333336 -52.92109000000001 15.000063333333335
endloop
endfacet
facet normal 0 0 1
outer loop
vertex 13.61447 -52.92109000000001 15.000063333333335
vertex 12.532398333333335 -54.00316166666667 15.000063333333335
vertex 17.552353333333336 -54.00316166666667 15.000063333333335
endloop
endfacet
facet normal 0 0 1
outer loop
vertex 13.61447 -52.92109000000001 15.000063333333335
vertex 17.552353333333336 -54.00316166666667 15.000063333333335
vertex 15.526995000000001 -52.92109000000001 15.000063333333335
endloop
endfacet
facet normal 0 0 1
outer loop
vertex 0 -52.409955000000004 15.000063333333335
vertex 0 -54.00316166666667 15.000063333333335
vertex 12.532398333333335 -54.00316166666667 15.000063333333335
endloop
endfacet
facet normal 0 0 1
outer loop
vertex 0 -52.409955000000004 15.000063333333335
vertex 12.532398333333335 -54.00316166666667 15.000063333333335
vertex 10.590536666666667 -52.409955000000004 15.000063333333335
endloop
endfacet
facet normal 0 0 1
outer loop
vertex 52.79471666666667 -54.30104166666667 15.000063333333335
vertex 40.467675 -54.00316166666667 15.000063333333335
vertex 35.447720000000004 -54.00316166666667 15.000063333333335
endloop
endfacet
facet normal 0 0 1
outer loop
vertex 52.79471666666667 -54.30104166666667 15.000063333333335
vertex 35.447720000000004 -54.00316166666667 15.000063333333335
vertex 34.057613333333336 -54.74673333333334 15.000063333333335
endloop
endfacet
facet normal 0 0 1
outer loop
vertex 52.79471666666667 -54.30104166666667 15.000063333333335
vertex 34.057613333333336 -54.74673333333334 15.000063333333335
vertex 76.99972333333334 -54.74673333333334 15.000063333333335
endloop
endfacet
facet normal 0 0 1
outer loop
vertex 52.79471666666667 -54.30104166666667 15.000063333333335
vertex 76.99972333333334 -54.74673333333334 15.000063333333335
vertex 76.99972333333334 -54.00316166666667 15.000063333333335
endloop
endfacet
facet normal 0 0 1
outer loop
vertex 52.79471666666667 -54.30104166666667 15.000063333333335
vertex 76.99972333333334 -54.00316166666667 15.000063333333335
vertex 40.467675 -54.00316166666667 15.000063333333335
endloop
endfacet
facet normal 0 0 0.9999999999999999
outer loop
vertex 9.805216666666666 -54.30104166666667 15.000063333333335
vertex 12.532398333333335 -54.00316166666667 15.000063333333335
vertex 0 -54.00316166666667 15.000063333333335
endloop
endfacet
facet normal 0 0 1
outer loop
vertex 9.805216666666666 -54.30104166666667 15.000063333333335
vertex 0 -54.00316166666667 15.000063333333335
vertex 0 -54.74673333333334 15.000063333333335
endloop
endfacet
facet normal 0 0 1
outer loop
vertex 9.805216666666666 -54.30104166666667 15.000063333333335
vertex 0 -54.74673333333334 15.000063333333335
vertex 18.94246 -54.74673333333334 15.000063333333335
endloop
endfacet
facet normal 0 0 1
outer loop
vertex 9.805216666666666 -54.30104166666667 15.000063333333335
vertex 18.94246 -54.74673333333334 15.000063333333335
vertex 17.552353333333336 -54.00316166666667 15.000063333333335
endloop
endfacet
facet normal 0 0 1
outer loop
vertex 9.805216666666666 -54.30104166666667 15.000063333333335
vertex 17.552353333333336 -54.00316166666667 15.000063333333335
vertex 12.532398333333335 -54.00316166666667 15.000063333333335
endloop
endfacet
facet normal 0 0 1
outer loop
vertex 34.057613333333336 -54.74673333333334 15.000063333333335
vertex 30.353295000000003 -55.87055333333333 15.000063333333335
vertex 76.99972333333334 -55.87055333333333 15.000063333333335
endloop
endfacet
facet normal 0 0 1
outer loop
vertex 34.057613333333336 -54.74673333333334 15.000063333333335
vertex 76.99972333333334 -55.87055333333333 15.000063333333335
vertex 76.99972333333334 -54.74673333333334 15.000063333333335
endloop
endfacet
facet normal 0 0 1
outer loop
vertex 0 -54.74673333333334 15.000063333333335
vertex 0 -55.87055333333333 15.000063333333335
vertex 22.646778333333334 -55.87055333333333 15.000063333333335
endloop
endfacet
facet normal 0 0 1
outer loop
vertex 0 -54.74673333333334 15.000063333333335
vertex 22.646778333333334 -55.87055333333333 15.000063333333335
vertex 18.94246 -54.74673333333334 15.000063333333335
endloop
endfacet
facet normal 0 0 1
outer loop
vertex 30.353295000000003 -55.87055333333333 15.000063333333335
vertex 26.50003666666667 -56.249673333333334 15.000063333333335
vertex 76.99972333333334 -56.249673333333334 15.000063333333335
endloop
endfacet
facet normal 0 0 1
outer loop
vertex 30.353295000000003 -55.87055333333333 15.000063333333335
vertex 76.99972333333334 -56.249673333333334 15.000063333333335
vertex 76.99972333333334 -55.87055333333333 15.000063333333335
endloop
endfacet
facet normal 0 0 0.9999999999999999
outer loop
vertex 0 -55.87055333333333 15.000063333333335
vertex 0 -56.249673333333334 15.000063333333335
vertex 26.50003666666667 -56.249673333333334 15.000063333333335
endloop
endfacet
facet normal 0 0 1
outer loop
vertex 0 -55.87055333333333 15.000063333333335
vertex 26.50003666666667 -56.249673333333334 15.000063333333335
vertex 22.646778333333334 -55.87055333333333 15.000063333333335
endloop
endfacet
facet normal 0 0 1
outer loop
vertex 42.41630666666667 -59.624518333333334 15.000063333333335
vertex 26.50003666666667 -56.249673333333334 15.000063333333335
vertex 0 -56.249673333333334 15.000063333333335
endloop
endfacet
facet normal 0 0 1
outer loop
vertex 42.41630666666667 -59.624518333333334 15.000063333333335
vertex 0 -56.249673333333334 15.000063333333335
vertex 0 -63.00049166666667 15.000063333333335
endloop
endfacet
facet normal 0 0 1
outer loop
vertex 42.41630666666667 -59.624518333333334 15.000063333333335
vertex 0 -63.00049166666667 15.000063333333335
vertex 73.999485 -63.00049166666667 15.000063333333335
endloop
endfacet
facet normal 0 0 1
outer loop
vertex 42.41630666666667 -59.624518333333334 15.000063333333335
vertex 73.999485 -63.00049166666667 15.000063333333335
vertex 76.99972333333334 -63.00049166666667 15.000063333333335
endloop
endfacet
facet normal 0 0 1
outer loop
vertex 42.41630666666667 -59.624518333333334 15.000063333333335
vertex 76.99972333333334 -63.00049166666667 15.000063333333335
vertex 76.99972333333334 -56.249673333333334 15.000063333333335
endloop
endfacet
facet normal 0 0 1
outer loop
vertex 42.41630666666667 -59.624518333333334 15.000063333333335
vertex 76.99972333333334 -56.249673333333334 15.000063333333335
vertex 26.50003666666667 -56.249673333333334 15.000063333333335
endloop
endfacet
facet normal 0 0 1
outer loop
vertex 94.00032166666668 -64.000195 15.000063333333335
vertex 94.00032166666668 -83.99990333333334 15.000063333333335
vertex 97.00056000000001 -83.99990333333334 15.000063333333335
endloop
endfacet
facet normal 0 0 1
outer loop
vertex 94.00032166666668 -64.000195 15.000063333333335
vertex 97.00056000000001 -83.99990333333334 15.000063333333335
vertex 97.00056000000001 -64.000195 15.000063333333335
endloop
endfacet
facet normal 0 0 1
outer loop
vertex 73.999485 -63.00049166666667 15.000063333333335
vertex 73.999485 -83.99990333333334 15.000063333333335
vertex 76.99972333333334 -83.99990333333334 15.000063333333335
endloop
endfacet
facet normal 0 0 1
outer loop
vertex 73.999485 -63.00049166666667 15.000063333333335
vertex 76.99972333333334 -83.99990333333334 15.000063333333335
vertex 76.99972333333334 -63.00049166666667 15.000063333333335
endloop
endfacet
facet normal 0 0 1
outer loop
vertex 85.50058666666668 -84.99960666666666 15.000063333333335
vertex 94.00032166666668 -83.99990333333334 15.000063333333335
vertex 76.99972333333334 -83.99990333333334 15.000063333333335
endloop
endfacet
facet normal 0 0 1
outer loop
vertex 85.50058666666668 -84.99960666666666 15.000063333333335
vertex 76.99972333333334 -83.99990333333334 15.000063333333335
vertex 73.999485 -83.99990333333334 15.000063333333335
endloop
endfacet
facet normal 0 0 1
outer loop
vertex 85.50058666666668 -84.99960666666666 15.000063333333335
vertex 73.999485 -83.99990333333334 15.000063333333335
vertex 73.999485 -87.00014166666668 15.000063333333335
endloop
endfacet
facet normal 0 0 1
outer loop
vertex 85.50058666666668 -84.99960666666666 15.000063333333335
vertex 73.999485 -87.00014166666668 15.000063333333335
vertex 97.00056000000001 -87.00014166666668 15.000063333333335
endloop
endfacet
facet normal 0 0 1
outer loop
vertex 85.50058666666668 -84.99960666666666 15.000063333333335
vertex 97.00056000000001 -87.00014166666668 15.000063333333335
vertex 97.00056000000001 -83.99990333333334 15.000063333333335
endloop
endfacet
facet normal 0 0 1
outer loop
vertex 85.50058666666668 -84.99960666666666 15.000063333333335
vertex 97.00056000000001 -83.99990333333334 15.000063333333335
vertex 94.00032166666668 -83.99990333333334 15.000063333333335
endloop
endfacet
facet normal 0 -1 0
outer loop
vertex 94.00032166666668 64.000195 0
vertex 97.00056000000001 64.000195 0
vertex 97.00056000000001 64.000195 15.000063333333335
endloop
endfacet
facet normal 0 -1 0
outer loop
vertex 94.00032166666668 64.000195 0
vertex 97.00056000000001 64.000195 15.000063333333335
vertex 94.00032166666668 64.000195 15.000063333333335
endloop
endfacet
facet normal 1 0 0
outer loop
vertex 97.00056000000001 78.33341333333334 7.5000316666666675
vertex 97.00056000000001 83.99990333333334 15.000063333333335
vertex 97.00056000000001 64.000195 15.000063333333335
endloop
endfacet
facet normal 1 0 0
outer loop
vertex 97.00056000000001 78.33341333333334 7.5000316666666675
vertex 97.00056000000001 64.000195 15.000063333333335
vertex 97.00056000000001 64.000195 0
endloop
endfacet
facet normal 1 0 0
outer loop
vertex 97.00056000000001 78.33341333333334 7.5000316666666675
vertex 97.00056000000001 64.000195 0
vertex 97.00056000000001 83.99990333333334 0
endloop
endfacet
facet normal 0.9999999999999999 0 0
outer loop
vertex 97.00056000000001 78.33341333333334 7.5000316666666675
vertex 97.00056000000001 83.99990333333334 0
vertex 97.00056000000001 87.00014166666668 0
endloop
endfacet
facet normal 1 0 0
outer loop
vertex 97.00056000000001 78.33341333333334 7.5000316666666675
vertex 97.00056000000001 87.00014166666668 0
vertex 97.00056000000001 87.00014166666668 15.000063333333335
endloop
endfacet
facet normal 0.9999999999999999 0 0
outer loop
vertex 97.00056000000001 78.33341333333334 7.5000316666666675
vertex 97.00056000000001 87.00014166666668 15.000063333333335
vertex 97.00056000000001 83.99990333333334 15.000063333333335
endloop
endfacet
facet normal 0.9999999999999999 0 0
outer loop
vertex 97.00056000000001 -78.33341333333334 7.5000316666666675
vertex 97.00056000000001 -83.99990333333334 15.000063333333335
vertex 97.00056000000001 -87.00014166666668 15.000063333333335
endloop
endfacet
facet normal 1 0 0
outer loop
vertex 97.00056000000001 -78.33341333333334 7.5000316666666675
vertex 97.00056000000001 -87.00014166666668 15.000063333333335
vertex 97.00056000000001 -87.00014166666668 0
endloop
endfacet
facet normal 0.9999999999999999 0 0
outer loop
vertex 97.00056000000001 -78.33341333333334 7.5000316666666675
vertex 97.00056000000001 -87.00014166666668 0
vertex 97.00056000000001 -83.99990333333334 0
endloop
endfacet
facet normal 1 0 0
outer loop
vertex 97.00056000000001 -78.33341333333334 7.5000316666666675
vertex 97.00056000000001 -83.99990333333334 0
vertex 97.00056000000001 -64.000195 0
endloop
endfacet
facet normal 1 0 0
outer loop
vertex 97.00056000000001 -78.33341333333334 7.5000316666666675
vertex 97.00056000000001 -64.000195 0
vertex 97.00056000000001 -64.000195 15.000063333333335
endloop
endfacet
facet normal 1 0 0
outer loop
vertex 97.00056000000001 -78.33341333333334 7.5000316666666675
vertex 97.00056000000001 -64.000195 15.000063333333335
vertex 97.00056000000001 -83.99990333333334 15.000063333333335
endloop
endfacet
facet normal -1 0 0
outer loop
vertex 94.00032166666668 -64.000195 15.000063333333335
vertex 94.00032166666668 -64.000195 0
vertex 94.00032166666668 -83.99990333333334 0
endloop
endfacet
facet normal -1 0 0
outer loop
vertex 94.00032166666668 -64.000195 15.000063333333335
vertex 94.00032166666668 -83.99990333333334 0
vertex 94.00032166666668 -83.99990333333334 15.000063333333335
endloop
endfacet
facet normal -1 0 0
outer loop
vertex 94.00032166666668 83.99990333333334 15.000063333333335
vertex 94.00032166666668 83.99990333333334 0
vertex 94.00032166666668 64.000195 0
endloop
endfacet
facet normal -1 0 0
outer loop
vertex 94.00032166666668 83.99990333333334 15.000063333333335
vertex 94.00032166666668 64.000195 0
vertex 94.00032166666668 64.000195 15.000063333333335
endloop
endfacet
facet normal -0.9951661794057768 0.0982052715841134 0
outer loop
vertex 46.25038333333334 36.500455 15.000063333333335
vertex 46.25038333333334 36.500455 10.000418333333334
vertex 45.870135000000005 32.647196666666666 10.000418333333334
endloop
endfacet
facet normal -0.9951661794057768 0.0982052715841134 0
outer loop
vertex 46.25038333333334 36.500455 15.000063333333335
vertex 45.870135000000005 32.647196666666666 10.000418333333334
vertex 45.870135000000005 32.647196666666666 15.000063333333335
endloop
endfacet
facet normal -0.9951521223550392 0.09834761498003522 0
outer loop
vertex 46.25038333333334 36.500455 10.000418333333334
vertex 46.25038333333334 36.500455 4.999645
vertex 46.003278333333334 34.00006833333334 4.999645
endloop
endfacet
facet normal -0.9951521223550392 0.09834761498003522 0
outer loop
vertex 46.25038333333334 36.500455 10.000418333333334
vertex 46.003278333333334 34.00006833333334 4.999645
vertex 46.003278333333334 34.00006833333334 10.000418333333334
endloop
endfacet
facet normal -0.9569557554020361 0.2902338405543333 0
outer loop
vertex 45.870135000000005 32.647196666666666 15.000063333333335
vertex 45.870135000000005 32.647196666666666 10.000418333333334
vertex 44.746315 28.941750000000003 10.000418333333334
endloop
endfacet
facet normal -0.9569557554020361 0.2902338405543333 0
outer loop
vertex 45.870135000000005 32.647196666666666 15.000063333333335
vertex 44.746315 28.941750000000003 10.000418333333334
vertex 44.746315 28.941750000000003 15.000063333333335
endloop
endfacet
facet normal -0.8819734474910991 0.47129909603209036 0
outer loop
vertex 44.746315 28.941750000000003 15.000063333333335
vertex 44.746315 28.941750000000003 10.000418333333334
vertex 42.921800000000005 25.527413333333335 10.000418333333334
endloop
endfacet
facet normal -0.8819734474910991 0.47129909603209036 0
outer loop
vertex 44.746315 28.941750000000003 15.000063333333335
vertex 42.921800000000005 25.527413333333335 10.000418333333334
vertex 42.921800000000005 25.527413333333335 15.000063333333335
endloop
endfacet
facet normal -0.4715257733754125 0.881852280737947 0
outer loop
vertex 37.47195 20.078691666666668 15.000063333333335
vertex 37.47195 20.078691666666668 10.000418333333334
vertex 34.057613333333336 18.253048333333336 10.000418333333334
endloop
endfacet
facet normal -0.4715257733754125 0.881852280737947 0
outer loop
vertex 37.47195 20.078691666666668 15.000063333333335
vertex 34.057613333333336 18.253048333333336 10.000418333333334
vertex 34.057613333333336 18.253048333333336 15.000063333333335
endloop
endfacet
facet normal -0.29031479564572543 0.9569311989005169 0
outer loop
vertex 34.057613333333336 18.253048333333336 15.000063333333335
vertex 34.057613333333336 18.253048333333336 10.000418333333334
vertex 30.353295000000003 17.129228333333334 10.000418333333334
endloop
endfacet
facet normal -0.29031479564572543 0.9569311989005169 0
outer loop
vertex 34.057613333333336 18.253048333333336 15.000063333333335
vertex 30.353295000000003 17.129228333333334 10.000418333333334
vertex 30.353295000000003 17.129228333333334 15.000063333333335
endloop
endfacet
facet normal -0.09791665934679471 0.9951946180634036 0
outer loop
vertex 30.353295000000003 17.129228333333334 15.000063333333335
vertex 30.353295000000003 17.129228333333334 10.000418333333334
vertex 26.50003666666667 16.750108333333333 10.000418333333334
endloop
endfacet
facet normal -0.09791665934679471 0.9951946180634036 0
outer loop
vertex 30.353295000000003 17.129228333333334 15.000063333333335
vertex 26.50003666666667 16.750108333333333 10.000418333333334
vertex 26.50003666666667 16.750108333333333 15.000063333333335
endloop
endfacet
facet normal -0.09790285326803841 0.9951959763393222 0
outer loop
vertex 29.000423333333334 16.996085 10.000418333333334
vertex 29.000423333333334 16.996085 4.999645
vertex 26.50003666666667 16.750108333333333 4.999645
endloop
endfacet
facet normal -0.09790285326803841 0.9951959763393222 0
outer loop
vertex 29.000423333333334 16.996085 10.000418333333334
vertex 26.50003666666667 16.750108333333333 4.999645
vertex 26.50003666666667 16.750108333333333 10.000418333333334
endloop
endfacet
facet normal 0.09791665934679462 0.9951946180634037 0
outer loop
vertex 26.50003666666667 16.750108333333333 15.000063333333335
vertex 26.50003666666667 16.750108333333333 10.000418333333334
vertex 22.646778333333334 17.129228333333334 10.000418333333334
endloop
endfacet
facet normal 0.09791665934679462 0.9951946180634037 0
outer loop
vertex 26.50003666666667 16.750108333333333 15.000063333333335
vertex 22.646778333333334 17.129228333333334 10.000418333333334
vertex 22.646778333333334 17.129228333333334 15.000063333333335
endloop
endfacet
facet normal 0.09790285326803827 0.9951959763393222 0
outer loop
vertex 26.50003666666667 16.750108333333333 10.000418333333334
vertex 26.50003666666667 16.750108333333333 4.999645
vertex 23.999650000000003 16.996085 4.999645
endloop
endfacet
facet normal 0.09790285326803827 0.9951959763393222 0
outer loop
vertex 26.50003666666667 16.750108333333333 10.000418333333334
vertex 23.999650000000003 16.996085 4.999645
vertex 23.999650000000003 16.996085 10.000418333333334
endloop
endfacet
facet normal 0.29031479564572543 0.9569311989005169 0
outer loop
vertex 22.646778333333334 17.129228333333334 15.000063333333335
vertex 22.646778333333334 17.129228333333334 10.000418333333334
vertex 18.94246 18.253048333333336 10.000418333333334
endloop
endfacet
facet normal 0.29031479564572543 0.9569311989005169 0
outer loop
vertex 22.646778333333334 17.129228333333334 15.000063333333335
vertex 18.94246 18.253048333333336 10.000418333333334
vertex 18.94246 18.253048333333336 15.000063333333335
endloop
endfacet
facet normal 0.47140462082887974 0.8819170502157107 0
outer loop
vertex 18.94246 18.253048333333336 15.000063333333335
vertex 18.94246 18.253048333333336 10.000418333333334
vertex 15.526995000000001 20.078691666666668 10.000418333333334
endloop
endfacet
facet normal 0.47140462082887974 0.8819170502157107 0
outer loop
vertex 18.94246 18.253048333333336 15.000063333333335
vertex 15.526995000000001 20.078691666666668 10.000418333333334
vertex 15.526995000000001 20.078691666666668 15.000063333333335
endloop
endfacet
facet normal 0.881973447491099 0.47129909603209075 0
outer loop
vertex 10.078273333333334 25.527413333333335 15.000063333333335
vertex 10.078273333333334 25.527413333333335 10.000418333333334
vertex 8.253758333333334 28.941750000000003 10.000418333333334
endloop
endfacet
facet normal 0.881973447491099 0.47129909603209075 0
outer loop
vertex 10.078273333333334 25.527413333333335 15.000063333333335
vertex 8.253758333333334 28.941750000000003 10.000418333333334
vertex 8.253758333333334 28.941750000000003 15.000063333333335
endloop
endfacet
facet normal 0.9569557554020363 0.2902338405543329 0
outer loop
vertex 8.253758333333334 28.941750000000003 15.000063333333335
vertex 8.253758333333334 28.941750000000003 10.000418333333334
vertex 7.1299383333333335 32.647196666666666 10.000418333333334
endloop
endfacet
facet normal 0.9569557554020363 0.2902338405543329 0
outer loop
vertex 8.253758333333334 28.941750000000003 15.000063333333335
vertex 7.1299383333333335 32.647196666666666 10.000418333333334
vertex 7.1299383333333335 32.647196666666666 15.000063333333335
endloop
endfacet
facet normal 0.9951661794057768 0.09820527158411316 0
outer loop
vertex 7.1299383333333335 32.647196666666666 15.000063333333335
vertex 7.1299383333333335 32.647196666666666 10.000418333333334
vertex 6.74969 36.500455 10.000418333333334
endloop
endfacet
facet normal 0.9951661794057768 0.09820527158411316 0
outer loop
vertex 7.1299383333333335 32.647196666666666 15.000063333333335
vertex 6.74969 36.500455 10.000418333333334
vertex 6.74969 36.500455 15.000063333333335
endloop
endfacet
facet normal 0.9951959763393222 0.09790285326803806 0
outer loop
vertex 6.995666666666667 34.00006833333334 10.000418333333334
vertex 6.995666666666667 34.00006833333334 4.999645
vertex 6.74969 36.500455 4.999645
endloop
endfacet
facet normal 0.9951959763393222 0.09790285326803806 0
outer loop
vertex 6.995666666666667 34.00006833333334 10.000418333333334
vertex 6.74969 36.500455 4.999645
vertex 6.74969 36.500455 10.000418333333334
endloop
endfacet
facet normal 0.9951633677415642 -0.09823375949880109 0
outer loop
vertex 6.74969 36.500455 15.000063333333335
vertex 6.74969 36.500455 10.000418333333334
vertex 7.1299383333333335 40.352585000000005 10.000418333333334
endloop
endfacet
facet normal 0.9951633677415642 -0.09823375949880109 0
outer loop
vertex 6.74969 36.500455 15.000063333333335
vertex 7.1299383333333335 40.352585000000005 10.000418333333334
vertex 7.1299383333333335 40.352585000000005 15.000063333333335
endloop
endfacet
facet normal 0.9951916688839845 -0.09794662926262246 0
outer loop
vertex 6.74969 36.500455 10.000418333333334
vertex 6.74969 36.500455 4.999645
vertex 6.995666666666667 38.99971333333333 4.999645
endloop
endfacet
facet normal 0.9951916688839845 -0.09794662926262246 0
outer loop
vertex 6.74969 36.500455 10.000418333333334
vertex 6.995666666666667 38.99971333333333 4.999645
vertex 6.995666666666667 38.99971333333333 10.000418333333334
endloop
endfacet
facet normal 0.9569557554020366 -0.2902338405543327 0
outer loop
vertex 7.1299383333333335 40.352585000000005 15.000063333333335
vertex 7.1299383333333335 40.352585000000005 10.000418333333334
vertex 8.253758333333334 44.05803166666667 10.000418333333334
endloop
endfacet
facet normal 0.9569557554020366 -0.2902338405543327 0
outer loop
vertex 7.1299383333333335 40.352585000000005 15.000063333333335
vertex 8.253758333333334 44.05803166666667 10.000418333333334
vertex 8.253758333333334 44.05803166666667 15.000063333333335
endloop
endfacet
facet normal 0.8819734474910986 -0.471299096032091 0
outer loop
vertex 8.253758333333334 44.05803166666667 15.000063333333335
vertex 8.253758333333334 44.05803166666667 10.000418333333334
vertex 10.078273333333334 47.472368333333335 10.000418333333334
endloop
endfacet
facet normal 0.8819734474910986 -0.471299096032091 0
outer loop
vertex 8.253758333333334 44.05803166666667 15.000063333333335
vertex 10.078273333333334 47.472368333333335 10.000418333333334
vertex 10.078273333333334 47.472368333333335 15.000063333333335
endloop
endfacet
facet normal 0.47140462082887974 -0.8819170502157107 0
outer loop
vertex 15.526995000000001 52.92109000000001 15.000063333333335
vertex 15.526995000000001 52.92109000000001 10.000418333333334
vertex 18.94246 54.74673333333334 10.000418333333334
endloop
endfacet
facet normal 0.47140462082887974 -0.8819170502157107 0
outer loop
vertex 15.526995000000001 52.92109000000001 15.000063333333335
vertex 18.94246 54.74673333333334 10.000418333333334
vertex 18.94246 54.74673333333334 15.000063333333335
endloop
endfacet
facet normal 0.2903147956457237 -0.9569311989005174 0
outer loop
vertex 18.94246 54.74673333333334 15.000063333333335
vertex 18.94246 54.74673333333334 10.000418333333334
vertex 22.646778333333334 55.87055333333333 10.000418333333334
endloop
endfacet
facet normal 0.2903147956457237 -0.9569311989005174 0
outer loop
vertex 18.94246 54.74673333333334 15.000063333333335
vertex 22.646778333333334 55.87055333333333 10.000418333333334
vertex 22.646778333333334 55.87055333333333 15.000063333333335
endloop
endfacet
facet normal 0.09791665934679462 -0.9951946180634037 0
outer loop
vertex 22.646778333333334 55.87055333333333 15.000063333333335
vertex 22.646778333333334 55.87055333333333 10.000418333333334
vertex 26.50003666666667 56.249673333333334 10.000418333333334
endloop
endfacet
facet normal 0.09791665934679462 -0.9951946180634037 0
outer loop
vertex 22.646778333333334 55.87055333333333 15.000063333333335
vertex 26.50003666666667 56.249673333333334 10.000418333333334
vertex 26.50003666666667 56.249673333333334 15.000063333333335
endloop
endfacet
facet normal 0.09790285326803688 -0.9951959763393224 0
outer loop
vertex 23.999650000000003 56.00369666666667 10.000418333333334
vertex 23.999650000000003 56.00369666666667 4.999645
vertex 26.50003666666667 56.249673333333334 4.999645
endloop
endfacet
facet normal 0.09790285326803688 -0.9951959763393224 0
outer loop
vertex 23.999650000000003 56.00369666666667 10.000418333333334
vertex 26.50003666666667 56.249673333333334 4.999645
vertex 26.50003666666667 56.249673333333334 10.000418333333334
endloop
endfacet
facet normal -0.09791665934679471 -0.9951946180634036 0
outer loop
vertex 26.50003666666667 56.249673333333334 15.000063333333335
vertex 26.50003666666667 56.249673333333334 10.000418333333334
vertex 30.353295000000003 55.87055333333333 10.000418333333334
endloop
endfacet
facet normal -0.09791665934679471 -0.9951946180634036 0
outer loop
vertex 26.50003666666667 56.249673333333334 15.000063333333335
vertex 30.353295000000003 55.87055333333333 10.000418333333334
vertex 30.353295000000003 55.87055333333333 15.000063333333335
endloop
endfacet
facet normal -0.09790285326803701 -0.9951959763393224 0
outer loop
vertex 26.50003666666667 56.249673333333334 10.000418333333334
vertex 26.50003666666667 56.249673333333334 4.999645
vertex 29.000423333333334 56.00369666666667 4.999645
endloop
endfacet
facet normal -0.09790285326803701 -0.9951959763393224 0
outer loop
vertex 26.50003666666667 56.249673333333334 10.000418333333334
vertex 29.000423333333334 56.00369666666667 4.999645
vertex 29.000423333333334 56.00369666666667 10.000418333333334
endloop
endfacet
facet normal -0.2903147956457237 -0.9569311989005174 0
outer loop
vertex 30.353295000000003 55.87055333333333 15.000063333333335
vertex 30.353295000000003 55.87055333333333 10.000418333333334
vertex 34.057613333333336 54.74673333333334 10.000418333333334
endloop
endfacet
facet normal -0.2903147956457237 -0.9569311989005174 0
outer loop
vertex 30.353295000000003 55.87055333333333 15.000063333333335
vertex 34.057613333333336 54.74673333333334 10.000418333333334
vertex 34.057613333333336 54.74673333333334 15.000063333333335
endloop
endfacet
facet normal -0.4715257733754125 -0.881852280737947 0
outer loop
vertex 34.057613333333336 54.74673333333334 15.000063333333335
vertex 34.057613333333336 54.74673333333334 10.000418333333334
vertex 37.47195 52.92109000000001 10.000418333333334
endloop
endfacet
facet normal -0.4715257733754125 -0.881852280737947 0
outer loop
vertex 34.057613333333336 54.74673333333334 15.000063333333335
vertex 37.47195 52.92109000000001 10.000418333333334
vertex 37.47195 52.92109000000001 15.000063333333335
endloop
endfacet
facet normal -0.8819734474910988 -0.4712990960320907 0
outer loop
vertex 42.921800000000005 47.472368333333335 15.000063333333335
vertex 42.921800000000005 47.472368333333335 10.000418333333334
vertex 44.746315 44.05803166666667 10.000418333333334
endloop
endfacet
facet normal -0.8819734474910988 -0.4712990960320907 0
outer loop
vertex 42.921800000000005 47.472368333333335 15.000063333333335
vertex 44.746315 44.05803166666667 10.000418333333334
vertex 44.746315 44.05803166666667 15.000063333333335
endloop
endfacet
facet normal -0.9569557554020364 -0.2902338405543331 0
outer loop
vertex 44.746315 44.05803166666667 15.000063333333335
vertex 44.746315 44.05803166666667 10.000418333333334
vertex 45.870135000000005 40.352585000000005 10.000418333333334
endloop
endfacet
facet normal -0.9569557554020364 -0.2902338405543331 0
outer loop
vertex 44.746315 44.05803166666667 15.000063333333335
vertex 45.870135000000005 40.352585000000005 10.000418333333334
vertex 45.870135000000005 40.352585000000005 15.000063333333335
endloop
endfacet
facet normal -0.9951633677415641 -0.0982337594988013 0
outer loop
vertex 45.870135000000005 40.352585000000005 15.000063333333335
vertex 45.870135000000005 40.352585000000005 10.000418333333334
vertex 46.25038333333334 36.500455 10.000418333333334
endloop
endfacet
facet normal -0.9951633677415641 -0.0982337594988013 0
outer loop
vertex 45.870135000000005 40.352585000000005 15.000063333333335
vertex 46.25038333333334 36.500455 10.000418333333334
vertex 46.25038333333334 36.500455 15.000063333333335
endloop
endfacet
facet normal -0.9951477758660254 -0.0983915859659883 0
outer loop
vertex 46.003278333333334 38.99971333333333 10.000418333333334
vertex 46.003278333333334 38.99971333333333 4.999645
vertex 46.25038333333334 36.500455 4.999645
endloop
endfacet
facet normal -0.9951477758660254 -0.0983915859659883 0
outer loop
vertex 46.003278333333334 38.99971333333333 10.000418333333334
vertex 46.25038333333334 36.500455 4.999645
vertex 46.25038333333334 36.500455 10.000418333333334
endloop
endfacet
facet normal 0 0 -1
outer loop
vertex 20.981358333333336 57.058688333333336 10.000418333333334
vertex 23.999650000000003 56.00369666666667 10.000418333333334
vertex 22.646778333333334 55.87055333333333 10.000418333333334
endloop
endfacet
facet normal 0 0 -1
outer loop
vertex 20.981358333333336 57.058688333333336 10.000418333333334
vertex 22.646778333333334 55.87055333333333 10.000418333333334
vertex 15.239270000000001 55.87055333333333 10.000418333333334
endloop
endfacet
facet normal 0 0 -1
outer loop
vertex 20.981358333333336 57.058688333333336 10.000418333333334
vertex 15.239270000000001 55.87055333333333 10.000418333333334
vertex 17.889725000000002 57.28774000000001 10.000418333333334
endloop
endfacet
facet normal 0 0 -1
outer loop
vertex 20.981358333333336 57.058688333333336 10.000418333333334
vertex 17.889725000000002 57.28774000000001 10.000418333333334
vertex 22.11082 58.56727 10.000418333333334
endloop
endfacet
facet normal 0 0 -1
outer loop
vertex 20.981358333333336 57.058688333333336 10.000418333333334
vertex 22.11082 58.56727 10.000418333333334
vertex 23.999650000000003 58.753445000000006 10.000418333333334
endloop
endfacet
facet normal 0 0 -1
outer loop
vertex 20.981358333333336 57.058688333333336 10.000418333333334
vertex 23.999650000000003 58.753445000000006 10.000418333333334
vertex 23.999650000000003 56.00369666666667 10.000418333333334
endloop
endfacet
facet normal 0 0 -1
outer loop
vertex 32.018715 57.058688333333336 10.000418333333334
vertex 30.889253333333336 58.56727 10.000418333333334
vertex 35.110348333333334 57.28774000000001 10.000418333333334
endloop
endfacet
facet normal 0 0 -1
outer loop
vertex 32.018715 57.058688333333336 10.000418333333334
vertex 35.110348333333334 57.28774000000001 10.000418333333334
vertex 37.760803333333335 55.87055333333333 10.000418333333334
endloop
endfacet
facet normal 0 0 -1
outer loop
vertex 32.018715 57.058688333333336 10.000418333333334
vertex 37.760803333333335 55.87055333333333 10.000418333333334
vertex 30.353295000000003 55.87055333333333 10.000418333333334
endloop
endfacet
facet normal 0 0 -1
outer loop
vertex 32.018715 57.058688333333336 10.000418333333334
vertex 30.353295000000003 55.87055333333333 10.000418333333334
vertex 29.000423333333334 56.00369666666667 10.000418333333334
endloop
endfacet
facet normal 0 0 -1
outer loop
vertex 32.018715 57.058688333333336 10.000418333333334
vertex 29.000423333333334 56.00369666666667 10.000418333333334
vertex 29.000423333333334 58.753445000000006 10.000418333333334
endloop
endfacet
facet normal 0 0 -1
outer loop
vertex 32.018715 57.058688333333336 10.000418333333334
vertex 29.000423333333334 58.753445000000006 10.000418333333334
vertex 30.889253333333336 58.56727 10.000418333333334
endloop
endfacet
facet normal 0 0 -1
outer loop
vertex 16.852786666666667 55.288333333333334 10.000418333333334
vertex 22.646778333333334 55.87055333333333 10.000418333333334
vertex 18.94246 54.74673333333334 10.000418333333334
endloop
endfacet
facet normal 0 0 -0.9999999999999999
outer loop
vertex 16.852786666666667 55.288333333333334 10.000418333333334
vertex 18.94246 54.74673333333334 10.000418333333334
vertex 13.437321666666667 54.74673333333334 10.000418333333334
endloop
endfacet
facet normal 0 0 -1
outer loop
vertex 16.852786666666667 55.288333333333334 10.000418333333334
vertex 13.437321666666667 54.74673333333334 10.000418333333334
vertex 13.999231666666667 55.20822166666667 10.000418333333334
endloop
endfacet
facet normal 0 0 -0.9999999999999999
outer loop
vertex 16.852786666666667 55.288333333333334 10.000418333333334
vertex 13.999231666666667 55.20822166666667 10.000418333333334
vertex 15.239270000000001 55.87055333333333 10.000418333333334
endloop
endfacet
facet normal 0 0 -1
outer loop
vertex 16.852786666666667 55.288333333333334 10.000418333333334
vertex 15.239270000000001 55.87055333333333 10.000418333333334
vertex 22.646778333333334 55.87055333333333 10.000418333333334
endloop
endfacet
facet normal 0 0 -1
outer loop
vertex 36.147286666666666 55.288333333333334 10.000418333333334
vertex 37.760803333333335 55.87055333333333 10.000418333333334
vertex 39.000841666666666 55.20822166666667 10.000418333333334
endloop
endfacet
facet normal 0 0 -1
outer loop
vertex 36.147286666666666 55.288333333333334 10.000418333333334
vertex 39.000841666666666 55.20822166666667 10.000418333333334
vertex 39.56275166666667 54.74673333333334 10.000418333333334
endloop
endfacet
facet normal 0 0 -1
outer loop
vertex 36.147286666666666 55.288333333333334 10.000418333333334
vertex 39.56275166666667 54.74673333333334 10.000418333333334
vertex 34.057613333333336 54.74673333333334 10.000418333333334
endloop
endfacet
facet normal 0 0 -1
outer loop
vertex 36.147286666666666 55.288333333333334 10.000418333333334
vertex 34.057613333333336 54.74673333333334 10.000418333333334
vertex 30.353295000000003 55.87055333333333 10.000418333333334
endloop
endfacet
facet normal 0 0 -1
outer loop
vertex 36.147286666666666 55.288333333333334 10.000418333333334
vertex 30.353295000000003 55.87055333333333 10.000418333333334
vertex 37.760803333333335 55.87055333333333 10.000418333333334
endloop
endfacet
facet normal 0 0 -1
outer loop
vertex 14.810503333333335 53.86776166666667 10.000418333333334
vertex 18.94246 54.74673333333334 10.000418333333334
vertex 15.526995000000001 52.92109000000001 10.000418333333334
endloop
endfacet
facet normal 0 0 -1
outer loop
vertex 14.810503333333335 53.86776166666667 10.000418333333334
vertex 15.526995000000001 52.92109000000001 10.000418333333334
vertex 13.61447 52.92109000000001 10.000418333333334
endloop
endfacet
facet normal 0 0 -1
outer loop
vertex 14.810503333333335 53.86776166666667 10.000418333333334
vertex 13.61447 52.92109000000001 10.000418333333334
vertex 12.532398333333335 54.00316166666667 10.000418333333334
endloop
endfacet
facet normal 0 0 -1
outer loop
vertex 14.810503333333335 53.86776166666667 10.000418333333334
vertex 12.532398333333335 54.00316166666667 10.000418333333334
vertex 13.437321666666667 54.74673333333334 10.000418333333334
endloop
endfacet
facet normal 0 0 -1
outer loop
vertex 14.810503333333335 53.86776166666667 10.000418333333334
vertex 13.437321666666667 54.74673333333334 10.000418333333334
vertex 18.94246 54.74673333333334 10.000418333333334
endloop
endfacet
facet normal 0 0 -1
outer loop
vertex 38.18957 53.86776166666667 10.000418333333334
vertex 39.56275166666667 54.74673333333334 10.000418333333334
vertex 40.467675 54.00316166666667 10.000418333333334
endloop
endfacet
facet normal 0 0 -1
outer loop
vertex 38.18957 53.86776166666667 10.000418333333334
vertex 40.467675 54.00316166666667 10.000418333333334
vertex 39.385603333333336 52.92109000000001 10.000418333333334
endloop
endfacet
facet normal 0 0 -1
outer loop
vertex 38.18957 53.86776166666667 10.000418333333334
vertex 39.385603333333336 52.92109000000001 10.000418333333334
vertex 37.47195 52.92109000000001 10.000418333333334
endloop
endfacet
facet normal 0 0 -1
outer loop
vertex 38.18957 53.86776166666667 10.000418333333334
vertex 37.47195 52.92109000000001 10.000418333333334
vertex 34.057613333333336 54.74673333333334 10.000418333333334
endloop
endfacet
facet normal 0 0 -1
outer loop
vertex 38.18957 53.86776166666667 10.000418333333334
vertex 34.057613333333336 54.74673333333334 10.000418333333334
vertex 39.56275166666667 54.74673333333334 10.000418333333334
endloop
endfacet
facet normal 0 0 -1
outer loop
vertex 15.526995000000001 52.92109000000001 10.000418333333334
vertex 14.476516666666667 52.059043333333335 10.000418333333334
vertex 13.61447 52.92109000000001 10.000418333333334
endloop
endfacet
facet normal 0 0 -1
outer loop
vertex 39.385603333333336 52.92109000000001 10.000418333333334
vertex 38.52355666666667 52.059043333333335 10.000418333333334
vertex 37.47195 52.92109000000001 10.000418333333334
endloop
endfacet
facet normal 0 0 -1
outer loop
vertex 8.956710000000001 48.58716166666667 10.000418333333334
vertex 10.941448333333334 48.523975 10.000418333333334
vertex 10.078273333333334 47.472368333333335 10.000418333333334
endloop
endfacet
facet normal 0 0 -0.9999999999999999
outer loop
vertex 8.956710000000001 48.58716166666667 10.000418333333334
vertex 10.078273333333334 47.472368333333335 10.000418333333334
vertex 6.975356666666667 47.472368333333335 10.000418333333334
endloop
endfacet
facet normal 0 0 -1
outer loop
vertex 8.956710000000001 48.58716166666667 10.000418333333334
vertex 6.975356666666667 47.472368333333335 10.000418333333334
vertex 7.79227 49.00013166666667 10.000418333333334
endloop
endfacet
facet normal 0 0 -1
outer loop
vertex 8.956710000000001 48.58716166666667 10.000418333333334
vertex 7.79227 49.00013166666667 10.000418333333334
vertex 8.996201666666668 50.468093333333336 10.000418333333334
endloop
endfacet
facet normal 0 0 -0.9999999999999999
outer loop
vertex 8.956710000000001 48.58716166666667 10.000418333333334
vertex 8.996201666666668 50.468093333333336 10.000418333333334
vertex 10.941448333333334 48.523975 10.000418333333334
endloop
endfacet
facet normal 0 0 -1
outer loop
vertex 44.04336333333334 48.58716166666667 10.000418333333334
vertex 45.20780333333334 49.00013166666667 10.000418333333334
vertex 46.02471666666667 47.472368333333335 10.000418333333334
endloop
endfacet
facet normal 0 0 -1
outer loop
vertex 44.04336333333334 48.58716166666667 10.000418333333334
vertex 46.02471666666667 47.472368333333335 10.000418333333334
vertex 42.921800000000005 47.472368333333335 10.000418333333334
endloop
endfacet
facet normal 0 0 -1
outer loop
vertex 44.04336333333334 48.58716166666667 10.000418333333334
vertex 42.921800000000005 47.472368333333335 10.000418333333334
vertex 42.058625 48.523975 10.000418333333334
endloop
endfacet
facet normal 0 0 -1
outer loop
vertex 44.04336333333334 48.58716166666667 10.000418333333334
vertex 42.058625 48.523975 10.000418333333334
vertex 44.00387166666667 50.468093333333336 10.000418333333334
endloop
endfacet
facet normal 0 0 -1
outer loop
vertex 44.04336333333334 48.58716166666667 10.000418333333334
vertex 44.00387166666667 50.468093333333336 10.000418333333334
vertex 45.20780333333334 49.00013166666667 10.000418333333334
endloop
endfacet
facet normal 0 0 -1
outer loop
vertex 7.282263333333334 45.63431333333334 10.000418333333334
vertex 10.078273333333334 47.472368333333335 10.000418333333334
vertex 8.253758333333334 44.05803166666667 10.000418333333334
endloop
endfacet
facet normal 0 0 -1
outer loop
vertex 7.282263333333334 45.63431333333334 10.000418333333334
vertex 8.253758333333334 44.05803166666667 10.000418333333334
vertex 5.393433333333333 44.05803166666667 10.000418333333334
endloop
endfacet
facet normal 0 0 -1
outer loop
vertex 7.282263333333334 45.63431333333334 10.000418333333334
vertex 5.393433333333333 44.05803166666667 10.000418333333334
vertex 5.712751666666667 45.11076666666667 10.000418333333334
endloop
endfacet
facet normal 0 0 -1
outer loop
vertex 7.282263333333334 45.63431333333334 10.000418333333334
vertex 5.712751666666667 45.11076666666667 10.000418333333334
vertex 6.975356666666667 47.472368333333335 10.000418333333334
endloop
endfacet
facet normal 0 0 -1
outer loop
vertex 7.282263333333334 45.63431333333334 10.000418333333334
vertex 6.975356666666667 47.472368333333335 10.000418333333334
vertex 10.078273333333334 47.472368333333335 10.000418333333334
endloop
endfacet
facet normal 0 0 -0.9999999999999999
outer loop
vertex 45.71781 45.63431333333334 10.000418333333334
vertex 46.02471666666667 47.472368333333335 10.000418333333334
vertex 47.28732166666667 45.11076666666667 10.000418333333334
endloop
endfacet
facet normal 0 0 -1
outer loop
vertex 45.71781 45.63431333333334 10.000418333333334
vertex 47.28732166666667 45.11076666666667 10.000418333333334
vertex 47.606640000000006 44.05803166666667 10.000418333333334
endloop
endfacet
facet normal 0 0 -1
outer loop
vertex 45.71781 45.63431333333334 10.000418333333334
vertex 47.606640000000006 44.05803166666667 10.000418333333334
vertex 44.746315 44.05803166666667 10.000418333333334
endloop
endfacet
facet normal 0 0 -1
outer loop
vertex 45.71781 45.63431333333334 10.000418333333334
vertex 44.746315 44.05803166666667 10.000418333333334
vertex 42.921800000000005 47.472368333333335 10.000418333333334
endloop
endfacet
facet normal 0 0 -1
outer loop
vertex 45.71781 45.63431333333334 10.000418333333334
vertex 42.921800000000005 47.472368333333335 10.000418333333334
vertex 46.02471666666667 47.472368333333335 10.000418333333334
endloop
endfacet
facet normal 0 0 -1
outer loop
vertex 5.9181083333333335 41.94240666666667 10.000418333333334
vertex 8.253758333333334 44.05803166666667 10.000418333333334
vertex 7.1299383333333335 40.352585000000005 10.000418333333334
endloop
endfacet
facet normal 0 0 -1
outer loop
vertex 5.9181083333333335 41.94240666666667 10.000418333333334
vertex 7.1299383333333335 40.352585000000005 10.000418333333334
vertex 4.379061666666667 40.352585000000005 10.000418333333334
endloop
endfacet
facet normal 0 0 -1
outer loop
vertex 5.9181083333333335 41.94240666666667 10.000418333333334
vertex 4.379061666666667 40.352585000000005 10.000418333333334
vertex 4.432093333333333 40.88967166666667 10.000418333333334
endloop
endfacet
facet normal 0 0 -1
outer loop
vertex 5.9181083333333335 41.94240666666667 10.000418333333334
vertex 4.432093333333333 40.88967166666667 10.000418333333334
vertex 5.393433333333333 44.05803166666667 10.000418333333334
endloop
endfacet
facet normal 0 0 -1
outer loop
vertex 5.9181083333333335 41.94240666666667 10.000418333333334
vertex 5.393433333333333 44.05803166666667 10.000418333333334
vertex 8.253758333333334 44.05803166666667 10.000418333333334
endloop
endfacet
facet normal 0 0 -1
outer loop
vertex 47.081965000000004 41.94240666666667 10.000418333333334
vertex 47.606640000000006 44.05803166666667 10.000418333333334
vertex 48.567980000000006 40.88967166666667 10.000418333333334
endloop
endfacet
facet normal 0 0 -1
outer loop
vertex 47.081965000000004 41.94240666666667 10.000418333333334
vertex 48.567980000000006 40.88967166666667 10.000418333333334
vertex 48.62101166666667 40.352585000000005 10.000418333333334
endloop
endfacet
facet normal 0 0 -1
outer loop
vertex 47.081965000000004 41.94240666666667 10.000418333333334
vertex 48.62101166666667 40.352585000000005 10.000418333333334
vertex 45.870135000000005 40.352585000000005 10.000418333333334
endloop
endfacet
facet normal 0 0 -0.9999999999999999
outer loop
vertex 47.081965000000004 41.94240666666667 10.000418333333334
vertex 45.870135000000005 40.352585000000005 10.000418333333334
vertex 44.746315 44.05803166666667 10.000418333333334
endloop
endfacet
facet normal 0 0 -1
outer loop
vertex 47.081965000000004 41.94240666666667 10.000418333333334
vertex 44.746315 44.05803166666667 10.000418333333334
vertex 47.606640000000006 44.05803166666667 10.000418333333334
endloop
endfacet
facet normal 0 0 -1
outer loop
vertex 7.1299383333333335 40.352585000000005 10.000418333333334
vertex 6.995666666666667 38.99971333333333 10.000418333333334
vertex 4.245918333333334 38.99971333333333 10.000418333333334
endloop
endfacet
facet normal 0 0 -1
outer loop
vertex 7.1299383333333335 40.352585000000005 10.000418333333334
vertex 4.245918333333334 38.99971333333333 10.000418333333334
vertex 4.379061666666667 40.352585000000005 10.000418333333334
endloop
endfacet
facet normal 0 0 -1
outer loop
vertex 48.62101166666667 40.352585000000005 10.000418333333334
vertex 48.754155000000004 38.99971333333333 10.000418333333334
vertex 46.003278333333334 38.99971333333333 10.000418333333334
endloop
endfacet
facet normal 0 0 -1
outer loop
vertex 48.62101166666667 40.352585000000005 10.000418333333334
vertex 46.003278333333334 38.99971333333333 10.000418333333334
vertex 45.870135000000005 40.352585000000005 10.000418333333334
endloop
endfacet
facet normal 0 0 -1
outer loop
vertex 6.995666666666667 34.00006833333334 10.000418333333334
vertex 7.1299383333333335 32.647196666666666 10.000418333333334
vertex 4.379061666666667 32.647196666666666 10.000418333333334
endloop
endfacet
facet normal 0 0 -1
outer loop
vertex 6.995666666666667 34.00006833333334 10.000418333333334
vertex 4.379061666666667 32.647196666666666 10.000418333333334
vertex 4.245918333333334 34.00006833333334 10.000418333333334
endloop
endfacet
facet normal 0 0 -0.9999999999999999
outer loop
vertex 48.754155000000004 34.00006833333334 10.000418333333334
vertex 48.62101166666667 32.647196666666666 10.000418333333334
vertex 45.870135000000005 32.647196666666666 10.000418333333334
endloop
endfacet
facet normal 0 0 -1
outer loop
vertex 48.754155000000004 34.00006833333334 10.000418333333334
vertex 45.870135000000005 32.647196666666666 10.000418333333334
vertex 46.003278333333334 34.00006833333334 10.000418333333334
endloop
endfacet
facet normal 0 0 -1
outer loop
vertex 5.9181083333333335 31.057375 10.000418333333334
vertex 7.1299383333333335 32.647196666666666 10.000418333333334
vertex 8.253758333333334 28.941750000000003 10.000418333333334
endloop
endfacet
facet normal 0 0 -1
outer loop
vertex 5.9181083333333335 31.057375 10.000418333333334
vertex 8.253758333333334 28.941750000000003 10.000418333333334
vertex 5.393433333333333 28.941750000000003 10.000418333333334
endloop
endfacet
facet normal 0 0 -1
outer loop
vertex 5.9181083333333335 31.057375 10.000418333333334
vertex 5.393433333333333 28.941750000000003 10.000418333333334
vertex 4.432093333333333 32.11011 10.000418333333334
endloop
endfacet
facet normal 0 0 -1
outer loop
vertex 5.9181083333333335 31.057375 10.000418333333334
vertex 4.432093333333333 32.11011 10.000418333333334
vertex 4.379061666666667 32.647196666666666 10.000418333333334
endloop
endfacet
facet normal 0 0 -1
outer loop
vertex 5.9181083333333335 31.057375 10.000418333333334
vertex 4.379061666666667 32.647196666666666 10.000418333333334
vertex 7.1299383333333335 32.647196666666666 10.000418333333334
endloop
endfacet
facet normal 0 0 -1
outer loop
vertex 47.081965000000004 31.057375 10.000418333333334
vertex 48.62101166666667 32.647196666666666 10.000418333333334
vertex 48.567980000000006 32.11011 10.000418333333334
endloop
endfacet
facet normal 0 0 -1
outer loop
vertex 47.081965000000004 31.057375 10.000418333333334
vertex 48.567980000000006 32.11011 10.000418333333334
vertex 47.606640000000006 28.941750000000003 10.000418333333334
endloop
endfacet
facet normal 0 0 -0.9999999999999999
outer loop
vertex 47.081965000000004 31.057375 10.000418333333334
vertex 47.606640000000006 28.941750000000003 10.000418333333334
vertex 44.746315 28.941750000000003 10.000418333333334
endloop
endfacet
facet normal 0 0 -1
outer loop
vertex 47.081965000000004 31.057375 10.000418333333334
vertex 44.746315 28.941750000000003 10.000418333333334
vertex 45.870135000000005 32.647196666666666 10.000418333333334
endloop
endfacet
facet normal 0 0 -1
outer loop
vertex 47.081965000000004 31.057375 10.000418333333334
vertex 45.870135000000005 32.647196666666666 10.000418333333334
vertex 48.62101166666667 32.647196666666666 10.000418333333334
endloop
endfacet
facet normal 0 0 -1
outer loop
vertex 7.282263333333334 27.365468333333336 10.000418333333334
vertex 8.253758333333334 28.941750000000003 10.000418333333334
vertex 10.078273333333334 25.527413333333335 10.000418333333334
endloop
endfacet
facet normal 0 0 -1
outer loop
vertex 7.282263333333334 27.365468333333336 10.000418333333334
vertex 10.078273333333334 25.527413333333335 10.000418333333334
vertex 6.975356666666667 25.527413333333335 10.000418333333334
endloop
endfacet
facet normal 0 0 -1
outer loop
vertex 7.282263333333334 27.365468333333336 10.000418333333334
vertex 6.975356666666667 25.527413333333335 10.000418333333334
vertex 5.712751666666667 27.890143333333334 10.000418333333334
endloop
endfacet
facet normal 0 0 -0.9999999999999999
outer loop
vertex 7.282263333333334 27.365468333333336 10.000418333333334
vertex 5.712751666666667 27.890143333333334 10.000418333333334
vertex 5.393433333333333 28.941750000000003 10.000418333333334
endloop
endfacet
facet normal 0 0 -1
outer loop
vertex 7.282263333333334 27.365468333333336 10.000418333333334
vertex 5.393433333333333 28.941750000000003 10.000418333333334
vertex 8.253758333333334 28.941750000000003 10.000418333333334
endloop
endfacet
facet normal 0 0 -1
outer loop
vertex 45.71781 27.365468333333336 10.000418333333334
vertex 47.606640000000006 28.941750000000003 10.000418333333334
vertex 47.28732166666667 27.890143333333334 10.000418333333334
endloop
endfacet
facet normal 0 0 -1
outer loop
vertex 45.71781 27.365468333333336 10.000418333333334
vertex 47.28732166666667 27.890143333333334 10.000418333333334
vertex 46.02471666666667 25.527413333333335 10.000418333333334
endloop
endfacet
facet normal 0 0 -1
outer loop
vertex 45.71781 27.365468333333336 10.000418333333334
vertex 46.02471666666667 25.527413333333335 10.000418333333334
vertex 42.921800000000005 25.527413333333335 10.000418333333334
endloop
endfacet
facet normal 0 0 -1
outer loop
vertex 45.71781 27.365468333333336 10.000418333333334
vertex 42.921800000000005 25.527413333333335 10.000418333333334
vertex 44.746315 28.941750000000003 10.000418333333334
endloop
endfacet
facet normal 0 0 -1
outer loop
vertex 45.71781 27.365468333333336 10.000418333333334
vertex 44.746315 28.941750000000003 10.000418333333334
vertex 47.606640000000006 28.941750000000003 10.000418333333334
endloop
endfacet
facet normal 0 0 -1
outer loop
vertex 8.956710000000001 24.41262 10.000418333333334
vertex 10.078273333333334 25.527413333333335 10.000418333333334
vertex 10.941448333333334 24.476935 10.000418333333334
endloop
endfacet
facet normal 0 0 -1
outer loop
vertex 8.956710000000001 24.41262 10.000418333333334
vertex 10.941448333333334 24.476935 10.000418333333334
vertex 8.996201666666668 22.531688333333335 10.000418333333334
endloop
endfacet
facet normal 0 0 -1
outer loop
vertex 8.956710000000001 24.41262 10.000418333333334
vertex 8.996201666666668 22.531688333333335 10.000418333333334
vertex 7.79227 23.999650000000003 10.000418333333334
endloop
endfacet
facet normal 0 0 -1
outer loop
vertex 8.956710000000001 24.41262 10.000418333333334
vertex 7.79227 23.999650000000003 10.000418333333334
vertex 6.975356666666667 25.527413333333335 10.000418333333334
endloop
endfacet
facet normal 0 0 -1
outer loop
vertex 8.956710000000001 24.41262 10.000418333333334
vertex 6.975356666666667 25.527413333333335 10.000418333333334
vertex 10.078273333333334 25.527413333333335 10.000418333333334
endloop
endfacet
facet normal 0 0 -1
outer loop
vertex 44.04336333333334 24.41262 10.000418333333334
vertex 46.02471666666667 25.527413333333335 10.000418333333334
vertex 45.20780333333334 23.999650000000003 10.000418333333334
endloop
endfacet
facet normal 0 0 -1
outer loop
vertex 44.04336333333334 24.41262 10.000418333333334
vertex 45.20780333333334 23.999650000000003 10.000418333333334
vertex 44.00387166666667 22.531688333333335 10.000418333333334
endloop
endfacet
facet normal 0 0 -0.9999999999999999
outer loop
vertex 44.04336333333334 24.41262 10.000418333333334
vertex 44.00387166666667 22.531688333333335 10.000418333333334
vertex 42.058625 24.476935 10.000418333333334
endloop
endfacet
facet normal 0 0 -1
outer loop
vertex 44.04336333333334 24.41262 10.000418333333334
vertex 42.058625 24.476935 10.000418333333334
vertex 42.921800000000005 25.527413333333335 10.000418333333334
endloop
endfacet
facet normal 0 0 -1
outer loop
vertex 44.04336333333334 24.41262 10.000418333333334
vertex 42.921800000000005 25.527413333333335 10.000418333333334
vertex 46.02471666666667 25.527413333333335 10.000418333333334
endloop
endfacet
facet normal 0 0 -1
outer loop
vertex 15.526995000000001 20.078691666666668 10.000418333333334
vertex 13.61447 20.078691666666668 10.000418333333334
vertex 14.476516666666667 20.940738333333336 10.000418333333334
endloop
endfacet
facet normal 0 0 -1
outer loop
vertex 39.385603333333336 20.078691666666668 10.000418333333334
vertex 37.47195 20.078691666666668 10.000418333333334
vertex 38.52355666666667 20.940738333333336 10.000418333333334
endloop
endfacet
facet normal 0 0 -1
outer loop
vertex 14.810503333333335 19.13202 10.000418333333334
vertex 15.526995000000001 20.078691666666668 10.000418333333334
vertex 18.94246 18.253048333333336 10.000418333333334
endloop
endfacet
facet normal 0 0 -1
outer loop
vertex 14.810503333333335 19.13202 10.000418333333334
vertex 18.94246 18.253048333333336 10.000418333333334
vertex 13.437321666666667 18.253048333333336 10.000418333333334
endloop
endfacet
facet normal 0 0 -0.9999999999999999
outer loop
vertex 14.810503333333335 19.13202 10.000418333333334
vertex 13.437321666666667 18.253048333333336 10.000418333333334
vertex 12.532398333333335 18.99662 10.000418333333334
endloop
endfacet
facet normal 0 0 -1
outer loop
vertex 14.810503333333335 19.13202 10.000418333333334
vertex 12.532398333333335 18.99662 10.000418333333334
vertex 13.61447 20.078691666666668 10.000418333333334
endloop
endfacet
facet normal 0 0 -1
outer loop
vertex 14.810503333333335 19.13202 10.000418333333334
vertex 13.61447 20.078691666666668 10.000418333333334
vertex 15.526995000000001 20.078691666666668 10.000418333333334
endloop
endfacet
facet normal 0 0 -1
outer loop
vertex 38.18957 19.13202 10.000418333333334
vertex 39.385603333333336 20.078691666666668 10.000418333333334
vertex 40.467675 18.99662 10.000418333333334
endloop
endfacet
facet normal 0 0 -1
outer loop
vertex 38.18957 19.13202 10.000418333333334
vertex 40.467675 18.99662 10.000418333333334
vertex 39.56275166666667 18.253048333333336 10.000418333333334
endloop
endfacet
facet normal 0 0 -0.9999999999999999
outer loop
vertex 38.18957 19.13202 10.000418333333334
vertex 39.56275166666667 18.253048333333336 10.000418333333334
vertex 34.057613333333336 18.253048333333336 10.000418333333334
endloop
endfacet
facet normal 0 0 -1
outer loop
vertex 38.18957 19.13202 10.000418333333334
vertex 34.057613333333336 18.253048333333336 10.000418333333334
vertex 37.47195 20.078691666666668 10.000418333333334
endloop
endfacet
facet normal 0 0 -1
outer loop
vertex 38.18957 19.13202 10.000418333333334
vertex 37.47195 20.078691666666668 10.000418333333334
vertex 39.385603333333336 20.078691666666668 10.000418333333334
endloop
endfacet
facet normal 0 0 -1
outer loop
vertex 16.852786666666667 17.711448333333333 10.000418333333334
vertex 18.94246 18.253048333333336 10.000418333333334
vertex 22.646778333333334 17.129228333333334 10.000418333333334
endloop
endfacet
facet normal 0 0 -1
outer loop
vertex 16.852786666666667 17.711448333333333 10.000418333333334
vertex 22.646778333333334 17.129228333333334 10.000418333333334
vertex 15.239270000000001 17.129228333333334 10.000418333333334
endloop
endfacet
facet normal 0 0 -0.9999999999999999
outer loop
vertex 16.852786666666667 17.711448333333333 10.000418333333334
vertex 15.239270000000001 17.129228333333334 10.000418333333334
vertex 13.999231666666667 17.79156 10.000418333333334
endloop
endfacet
facet normal 0 0 -1
outer loop
vertex 16.852786666666667 17.711448333333333 10.000418333333334
vertex 13.999231666666667 17.79156 10.000418333333334
vertex 13.437321666666667 18.253048333333336 10.000418333333334
endloop
endfacet
facet normal 0 0 -1
outer loop
vertex 16.852786666666667 17.711448333333333 10.000418333333334
vertex 13.437321666666667 18.253048333333336 10.000418333333334
vertex 18.94246 18.253048333333336 10.000418333333334
endloop
endfacet
facet normal 0 0 -1
outer loop
vertex 36.147286666666666 17.711448333333333 10.000418333333334
vertex 39.56275166666667 18.253048333333336 10.000418333333334
vertex 39.000841666666666 17.79156 10.000418333333334
endloop
endfacet
facet normal 0 0 -1
outer loop
vertex 36.147286666666666 17.711448333333333 10.000418333333334
vertex 39.000841666666666 17.79156 10.000418333333334
vertex 37.760803333333335 17.129228333333334 10.000418333333334
endloop
endfacet
facet normal 0 0 -1
outer loop
vertex 36.147286666666666 17.711448333333333 10.000418333333334
vertex 37.760803333333335 17.129228333333334 10.000418333333334
vertex 30.353295000000003 17.129228333333334 10.000418333333334
endloop
endfacet
facet normal 0 0 -1
outer loop
vertex 36.147286666666666 17.711448333333333 10.000418333333334
vertex 30.353295000000003 17.129228333333334 10.000418333333334
vertex 34.057613333333336 18.253048333333336 10.000418333333334
endloop
endfacet
facet normal 0 0 -0.9999999999999999
outer loop
vertex 36.147286666666666 17.711448333333333 10.000418333333334
vertex 34.057613333333336 18.253048333333336 10.000418333333334
vertex 39.56275166666667 18.253048333333336 10.000418333333334
endloop
endfacet
facet normal 0 0 -1
outer loop
vertex 20.981358333333336 15.941093333333335 10.000418333333334
vertex 22.646778333333334 17.129228333333334 10.000418333333334
vertex 23.999650000000003 16.996085 10.000418333333334
endloop
endfacet
facet normal 0 0 -1
outer loop
vertex 20.981358333333336 15.941093333333335 10.000418333333334
vertex 23.999650000000003 16.996085 10.000418333333334
vertex 23.999650000000003 14.246336666666668 10.000418333333334
endloop
endfacet
facet normal 0 0 -1
outer loop
vertex 20.981358333333336 15.941093333333335 10.000418333333334
vertex 23.999650000000003 14.246336666666668 10.000418333333334
vertex 22.11082 14.432511666666668 10.000418333333334
endloop
endfacet
facet normal 0 0 -1
outer loop
vertex 20.981358333333336 15.941093333333335 10.000418333333334
vertex 22.11082 14.432511666666668 10.000418333333334
vertex 17.889725000000002 15.713170000000002 10.000418333333334
endloop
endfacet
facet normal 0 0 -0.9999999999999999
outer loop
vertex 20.981358333333336 15.941093333333335 10.000418333333334
vertex 17.889725000000002 15.713170000000002 10.000418333333334
vertex 15.239270000000001 17.129228333333334 10.000418333333334
endloop
endfacet
facet normal 0 0 -1
outer loop
vertex 20.981358333333336 15.941093333333335 10.000418333333334
vertex 15.239270000000001 17.129228333333334 10.000418333333334
vertex 22.646778333333334 17.129228333333334 10.000418333333334
endloop
endfacet
facet normal 0 0 -0.9999999999999999
outer loop
vertex 32.018715 15.941093333333335 10.000418333333334
vertex 37.760803333333335 17.129228333333334 10.000418333333334
vertex 35.110348333333334 15.713170000000002 10.000418333333334
endloop
endfacet
facet normal 0 0 -1
outer loop
vertex 32.018715 15.941093333333335 10.000418333333334
vertex 35.110348333333334 15.713170000000002 10.000418333333334
vertex 30.889253333333336 14.432511666666668 10.000418333333334
endloop
endfacet
facet normal 0 0 -1
outer loop
vertex 32.018715 15.941093333333335 10.000418333333334
vertex 30.889253333333336 14.432511666666668 10.000418333333334
vertex 29.000423333333334 14.246336666666668 10.000418333333334
endloop
endfacet
facet normal 0 0 -1
outer loop
vertex 32.018715 15.941093333333335 10.000418333333334
vertex 29.000423333333334 14.246336666666668 10.000418333333334
vertex 29.000423333333334 16.996085 10.000418333333334
endloop
endfacet
facet normal 0 0 -1
outer loop
vertex 32.018715 15.941093333333335 10.000418333333334
vertex 29.000423333333334 16.996085 10.000418333333334
vertex 30.353295000000003 17.129228333333334 10.000418333333334
endloop
endfacet
facet normal 0 0 -1
outer loop
vertex 32.018715 15.941093333333335 10.000418333333334
vertex 30.353295000000003 17.129228333333334 10.000418333333334
vertex 37.760803333333335 17.129228333333334 10.000418333333334
endloop
endfacet
facet normal 0 0 -1
outer loop
vertex 20.981358333333336 -15.941093333333335 10.000418333333334
vertex 23.999650000000003 -16.996085 10.000418333333334
vertex 22.646778333333334 -17.129228333333334 10.000418333333334
endloop
endfacet
facet normal 0 0 -1
outer loop
vertex 20.981358333333336 -15.941093333333335 10.000418333333334
vertex 22.646778333333334 -17.129228333333334 10.000418333333334
vertex 15.239270000000001 -17.129228333333334 10.000418333333334
endloop
endfacet
facet normal 0 0 -0.9999999999999999
outer loop
vertex 20.981358333333336 -15.941093333333335 10.000418333333334
vertex 15.239270000000001 -17.129228333333334 10.000418333333334
vertex 17.889725000000002 -15.713170000000002 10.000418333333334
endloop
endfacet
facet normal 0 0 -1
outer loop
vertex 20.981358333333336 -15.941093333333335 10.000418333333334
vertex 17.889725000000002 -15.713170000000002 10.000418333333334
vertex 22.11082 -14.432511666666668 10.000418333333334
endloop
endfacet
facet normal 0 0 -1
outer loop
vertex 20.981358333333336 -15.941093333333335 10.000418333333334
vertex 22.11082 -14.432511666666668 10.000418333333334
vertex 23.999650000000003 -14.246336666666668 10.000418333333334
endloop
endfacet
facet normal 0 0 -1
outer loop
vertex 20.981358333333336 -15.941093333333335 10.000418333333334
vertex 23.999650000000003 -14.246336666666668 10.000418333333334
vertex 23.999650000000003 -16.996085 10.000418333333334
endloop
endfacet
facet normal 0 0 -1
outer loop
vertex 32.018715 -15.941093333333335 10.000418333333334
vertex 30.889253333333336 -14.432511666666668 10.000418333333334
vertex 35.110348333333334 -15.713170000000002 10.000418333333334
endloop
endfacet
facet normal 0 0 -0.9999999999999999
outer loop
vertex 32.018715 -15.941093333333335 10.000418333333334
vertex 35.110348333333334 -15.713170000000002 10.000418333333334
vertex 37.760803333333335 -17.129228333333334 10.000418333333334
endloop
endfacet
facet normal 0 0 -1
outer loop
vertex 32.018715 -15.941093333333335 10.000418333333334
vertex 37.760803333333335 -17.129228333333334 10.000418333333334
vertex 30.353295000000003 -17.129228333333334 10.000418333333334
endloop
endfacet
facet normal 0 0 -1
outer loop
vertex 32.018715 -15.941093333333335 10.000418333333334
vertex 30.353295000000003 -17.129228333333334 10.000418333333334
vertex 29.000423333333334 -16.996085 10.000418333333334
endloop
endfacet
facet normal 0 0 -1
outer loop
vertex 32.018715 -15.941093333333335 10.000418333333334
vertex 29.000423333333334 -16.996085 10.000418333333334
vertex 29.000423333333334 -14.246336666666668 10.000418333333334
endloop
endfacet
facet normal 0 0 -1
outer loop
vertex 32.018715 -15.941093333333335 10.000418333333334
vertex 29.000423333333334 -14.246336666666668 10.000418333333334
vertex 30.889253333333336 -14.432511666666668 10.000418333333334
endloop
endfacet
facet normal 0 0 -1
outer loop
vertex 16.852786666666667 -17.711448333333333 10.000418333333334
vertex 22.646778333333334 -17.129228333333334 10.000418333333334
vertex 18.94246 -18.253048333333336 10.000418333333334
endloop
endfacet
facet normal 0 0 -1
outer loop
vertex 16.852786666666667 -17.711448333333333 10.000418333333334
vertex 18.94246 -18.253048333333336 10.000418333333334
vertex 13.437321666666667 -18.253048333333336 10.000418333333334
endloop
endfacet
facet normal 0 0 -1
outer loop
vertex 16.852786666666667 -17.711448333333333 10.000418333333334
vertex 13.437321666666667 -18.253048333333336 10.000418333333334
vertex 13.999231666666667 -17.79156 10.000418333333334
endloop
endfacet
facet normal 0 0 -0.9999999999999999
outer loop
vertex 16.852786666666667 -17.711448333333333 10.000418333333334
vertex 13.999231666666667 -17.79156 10.000418333333334
vertex 15.239270000000001 -17.129228333333334 10.000418333333334
endloop
endfacet
facet normal 0 0 -1
outer loop
vertex 16.852786666666667 -17.711448333333333 10.000418333333334
vertex 15.239270000000001 -17.129228333333334 10.000418333333334
vertex 22.646778333333334 -17.129228333333334 10.000418333333334
endloop
endfacet
facet normal 0 0 -1
outer loop
vertex 36.147286666666666 -17.711448333333333 10.000418333333334
vertex 37.760803333333335 -17.129228333333334 10.000418333333334
vertex 39.000841666666666 -17.79156 10.000418333333334
endloop
endfacet
facet normal 0 0 -1
outer loop
vertex 36.147286666666666 -17.711448333333333 10.000418333333334
vertex 39.000841666666666 -17.79156 10.000418333333334
vertex 39.56275166666667 -18.253048333333336 10.000418333333334
endloop
endfacet
facet normal 0 0 -0.9999999999999999
outer loop
vertex 36.147286666666666 -17.711448333333333 10.000418333333334
vertex 39.56275166666667 -18.253048333333336 10.000418333333334
vertex 34.057613333333336 -18.253048333333336 10.000418333333334
endloop
endfacet
facet normal 0 0 -1
outer loop
vertex 36.147286666666666 -17.711448333333333 10.000418333333334
vertex 34.057613333333336 -18.253048333333336 10.000418333333334
vertex 30.353295000000003 -17.129228333333334 10.000418333333334
endloop
endfacet
facet normal 0 0 -1
outer loop
vertex 36.147286666666666 -17.711448333333333 10.000418333333334
vertex 30.353295000000003 -17.129228333333334 10.000418333333334
vertex 37.760803333333335 -17.129228333333334 10.000418333333334
endloop
endfacet
facet normal 0 0 -1
outer loop
vertex 14.810503333333335 -19.13202 10.000418333333334
vertex 18.94246 -18.253048333333336 10.000418333333334
vertex 15.526995000000001 -20.078691666666668 10.000418333333334
endloop
endfacet
facet normal 0 0 -1
outer loop
vertex 14.810503333333335 -19.13202 10.000418333333334
vertex 15.526995000000001 -20.078691666666668 10.000418333333334
vertex 13.61447 -20.078691666666668 10.000418333333334
endloop
endfacet
facet normal 0 0 -1
outer loop
vertex 14.810503333333335 -19.13202 10.000418333333334
vertex 13.61447 -20.078691666666668 10.000418333333334
vertex 12.532398333333335 -18.99662 10.000418333333334
endloop
endfacet
facet normal 0 0 -0.9999999999999999
outer loop
vertex 14.810503333333335 -19.13202 10.000418333333334
vertex 12.532398333333335 -18.99662 10.000418333333334
vertex 13.437321666666667 -18.253048333333336 10.000418333333334
endloop
endfacet
facet normal 0 0 -1
outer loop
vertex 14.810503333333335 -19.13202 10.000418333333334
vertex 13.437321666666667 -18.253048333333336 10.000418333333334
vertex 18.94246 -18.253048333333336 10.000418333333334
endloop
endfacet
facet normal 0 0 -1
outer loop
vertex 38.18957 -19.13202 10.000418333333334
vertex 39.56275166666667 -18.253048333333336 10.000418333333334
vertex 40.467675 -18.99662 10.000418333333334
endloop
endfacet
facet normal 0 0 -1
outer loop
vertex 38.18957 -19.13202 10.000418333333334
vertex 40.467675 -18.99662 10.000418333333334
vertex 39.385603333333336 -20.078691666666668 10.000418333333334
endloop
endfacet
facet normal 0 0 -1
outer loop
vertex 38.18957 -19.13202 10.000418333333334
vertex 39.385603333333336 -20.078691666666668 10.000418333333334
vertex 37.47195 -20.078691666666668 10.000418333333334
endloop
endfacet
facet normal 0 0 -1
outer loop
vertex 38.18957 -19.13202 10.000418333333334
vertex 37.47195 -20.078691666666668 10.000418333333334
vertex 34.057613333333336 -18.253048333333336 10.000418333333334
endloop
endfacet
facet normal 0 0 -0.9999999999999999
outer loop
vertex 38.18957 -19.13202 10.000418333333334
vertex 34.057613333333336 -18.253048333333336 10.000418333333334
vertex 39.56275166666667 -18.253048333333336 10.000418333333334
endloop
endfacet
facet normal 0 0 -1
outer loop
vertex 15.526995000000001 -20.078691666666668 10.000418333333334
vertex 14.476516666666667 -20.940738333333336 10.000418333333334
vertex 13.61447 -20.078691666666668 10.000418333333334
endloop
endfacet
facet normal 0 0 -1
outer loop
vertex 39.385603333333336 -20.078691666666668 10.000418333333334
vertex 38.52355666666667 -20.940738333333336 10.000418333333334
vertex 37.47195 -20.078691666666668 10.000418333333334
endloop
endfacet
facet normal 0 0 -1
outer loop
vertex 8.956710000000001 -24.41262 10.000418333333334
vertex 10.941448333333334 -24.476935 10.000418333333334
vertex 10.078273333333334 -25.527413333333335 10.000418333333334
endloop
endfacet
facet normal 0 0 -1
outer loop
vertex 8.956710000000001 -24.41262 10.000418333333334
vertex 10.078273333333334 -25.527413333333335 10.000418333333334
vertex 6.975356666666667 -25.527413333333335 10.000418333333334
endloop
endfacet
facet normal 0 0 -1
outer loop
vertex 8.956710000000001 -24.41262 10.000418333333334
vertex 6.975356666666667 -25.527413333333335 10.000418333333334
vertex 7.79227 -23.999650000000003 10.000418333333334
endloop
endfacet
facet normal 0 0 -1
outer loop
vertex 8.956710000000001 -24.41262 10.000418333333334
vertex 7.79227 -23.999650000000003 10.000418333333334
vertex 8.996201666666668 -22.531688333333335 10.000418333333334
endloop
endfacet
facet normal 0 0 -1
outer loop
vertex 8.956710000000001 -24.41262 10.000418333333334
vertex 8.996201666666668 -22.531688333333335 10.000418333333334
vertex 10.941448333333334 -24.476935 10.000418333333334
endloop
endfacet
facet normal 0 0 -1
outer loop
vertex 44.04336333333334 -24.41262 10.000418333333334
vertex 45.20780333333334 -23.999650000000003 10.000418333333334
vertex 46.02471666666667 -25.527413333333335 10.000418333333334
endloop
endfacet
facet normal 0 0 -1
outer loop
vertex 44.04336333333334 -24.41262 10.000418333333334
vertex 46.02471666666667 -25.527413333333335 10.000418333333334
vertex 42.921800000000005 -25.527413333333335 10.000418333333334
endloop
endfacet
facet normal 0 0 -1
outer loop
vertex 44.04336333333334 -24.41262 10.000418333333334
vertex 42.921800000000005 -25.527413333333335 10.000418333333334
vertex 42.058625 -24.476935 10.000418333333334
endloop
endfacet
facet normal 0 0 -0.9999999999999999
outer loop
vertex 44.04336333333334 -24.41262 10.000418333333334
vertex 42.058625 -24.476935 10.000418333333334
vertex 44.00387166666667 -22.531688333333335 10.000418333333334
endloop
endfacet
facet normal 0 0 -1
outer loop
vertex 44.04336333333334 -24.41262 10.000418333333334
vertex 44.00387166666667 -22.531688333333335 10.000418333333334
vertex 45.20780333333334 -23.999650000000003 10.000418333333334
endloop
endfacet
facet normal 0 0 -1
outer loop
vertex 7.282263333333334 -27.365468333333336 10.000418333333334
vertex 10.078273333333334 -25.527413333333335 10.000418333333334
vertex 8.253758333333334 -28.941750000000003 10.000418333333334
endloop
endfacet
facet normal 0 0 -1
outer loop
vertex 7.282263333333334 -27.365468333333336 10.000418333333334
vertex 8.253758333333334 -28.941750000000003 10.000418333333334
vertex 5.393433333333333 -28.941750000000003 10.000418333333334
endloop
endfacet
facet normal 0 0 -0.9999999999999999
outer loop
vertex 7.282263333333334 -27.365468333333336 10.000418333333334
vertex 5.393433333333333 -28.941750000000003 10.000418333333334
vertex 5.712751666666667 -27.890143333333334 10.000418333333334
endloop
endfacet
facet normal 0 0 -1
outer loop
vertex 7.282263333333334 -27.365468333333336 10.000418333333334
vertex 5.712751666666667 -27.890143333333334 10.000418333333334
vertex 6.975356666666667 -25.527413333333335 10.000418333333334
endloop
endfacet
facet normal 0 0 -1
outer loop
vertex 7.282263333333334 -27.365468333333336 10.000418333333334
vertex 6.975356666666667 -25.527413333333335 10.000418333333334
vertex 10.078273333333334 -25.527413333333335 10.000418333333334
endloop
endfacet
facet normal 0 0 -1
outer loop
vertex 45.71781 -27.365468333333336 10.000418333333334
vertex 46.02471666666667 -25.527413333333335 10.000418333333334
vertex 47.28732166666667 -27.890143333333334 10.000418333333334
endloop
endfacet
facet normal 0 0 -1
outer loop
vertex 45.71781 -27.365468333333336 10.000418333333334
vertex 47.28732166666667 -27.890143333333334 10.000418333333334
vertex 47.606640000000006 -28.941750000000003 10.000418333333334
endloop
endfacet
facet normal 0 0 -1
outer loop
vertex 45.71781 -27.365468333333336 10.000418333333334
vertex 47.606640000000006 -28.941750000000003 10.000418333333334
vertex 44.746315 -28.941750000000003 10.000418333333334
endloop
endfacet
facet normal 0 0 -1
outer loop
vertex 45.71781 -27.365468333333336 10.000418333333334
vertex 44.746315 -28.941750000000003 10.000418333333334
vertex 42.921800000000005 -25.527413333333335 10.000418333333334
endloop
endfacet
facet normal 0 0 -1
outer loop
vertex 45.71781 -27.365468333333336 10.000418333333334
vertex 42.921800000000005 -25.527413333333335 10.000418333333334
vertex 46.02471666666667 -25.527413333333335 10.000418333333334
endloop
endfacet
facet normal 0 0 -1
outer loop
vertex 5.9181083333333335 -31.057375 10.000418333333334
vertex 8.253758333333334 -28.941750000000003 10.000418333333334
vertex 7.1299383333333335 -32.647196666666666 10.000418333333334
endloop
endfacet
facet normal 0 0 -1
outer loop
vertex 5.9181083333333335 -31.057375 10.000418333333334
vertex 7.1299383333333335 -32.647196666666666 10.000418333333334
vertex 4.379061666666667 -32.647196666666666 10.000418333333334
endloop
endfacet
facet normal 0 0 -1
outer loop
vertex 5.9181083333333335 -31.057375 10.000418333333334
vertex 4.379061666666667 -32.647196666666666 10.000418333333334
vertex 4.432093333333333 -32.11011 10.000418333333334
endloop
endfacet
facet normal 0 0 -1
outer loop
vertex 5.9181083333333335 -31.057375 10.000418333333334
vertex 4.432093333333333 -32.11011 10.000418333333334
vertex 5.393433333333333 -28.941750000000003 10.000418333333334
endloop
endfacet
facet normal 0 0 -1
outer loop
vertex 5.9181083333333335 -31.057375 10.000418333333334
vertex 5.393433333333333 -28.941750000000003 10.000418333333334
vertex 8.253758333333334 -28.941750000000003 10.000418333333334
endloop
endfacet
facet normal 0 0 -1
outer loop
vertex 47.081965000000004 -31.057375 10.000418333333334
vertex 47.606640000000006 -28.941750000000003 10.000418333333334
vertex 48.567980000000006 -32.11011 10.000418333333334
endloop
endfacet
facet normal 0 0 -1
outer loop
vertex 47.081965000000004 -31.057375 10.000418333333334
vertex 48.567980000000006 -32.11011 10.000418333333334
vertex 48.62101166666667 -32.647196666666666 10.000418333333334
endloop
endfacet
facet normal 0 0 -1
outer loop
vertex 47.081965000000004 -31.057375 10.000418333333334
vertex 48.62101166666667 -32.647196666666666 10.000418333333334
vertex 45.870135000000005 -32.647196666666666 10.000418333333334
endloop
endfacet
facet normal 0 0 -1
outer loop
vertex 47.081965000000004 -31.057375 10.000418333333334
vertex 45.870135000000005 -32.647196666666666 10.000418333333334
vertex 44.746315 -28.941750000000003 10.000418333333334
endloop
endfacet
facet normal 0 0 -0.9999999999999999
outer loop
vertex 47.081965000000004 -31.057375 10.000418333333334
vertex 44.746315 -28.941750000000003 10.000418333333334
vertex 47.606640000000006 -28.941750000000003 10.000418333333334
endloop
endfacet
facet normal 0 0 -1
outer loop
vertex 7.1299383333333335 -32.647196666666666 10.000418333333334
vertex 6.995666666666667 -34.00006833333334 10.000418333333334
vertex 4.245918333333334 -34.00006833333334 10.000418333333334
endloop
endfacet
facet normal 0 0 -1
outer loop
vertex 7.1299383333333335 -32.647196666666666 10.000418333333334
vertex 4.245918333333334 -34.00006833333334 10.000418333333334
vertex 4.379061666666667 -32.647196666666666 10.000418333333334
endloop
endfacet
facet normal 0 0 -1
outer loop
vertex 48.62101166666667 -32.647196666666666 10.000418333333334
vertex 48.754155000000004 -34.00006833333334 10.000418333333334
vertex 46.003278333333334 -34.00006833333334 10.000418333333334
endloop
endfacet
facet normal 0 0 -1
outer loop
vertex 48.62101166666667 -32.647196666666666 10.000418333333334
vertex 46.003278333333334 -34.00006833333334 10.000418333333334
vertex 45.870135000000005 -32.647196666666666 10.000418333333334
endloop
endfacet
facet normal 0 0 -1
outer loop
vertex 6.995666666666667 -38.99971333333333 10.000418333333334
vertex 7.1299383333333335 -40.352585000000005 10.000418333333334
vertex 4.379061666666667 -40.352585000000005 10.000418333333334
endloop
endfacet
facet normal 0 0 -1
outer loop
vertex 6.995666666666667 -38.99971333333333 10.000418333333334
vertex 4.379061666666667 -40.352585000000005 10.000418333333334
vertex 4.245918333333334 -38.99971333333333 10.000418333333334
endloop
endfacet
facet normal 0 0 -0.9999999999999999
outer loop
vertex 48.754155000000004 -38.99971333333333 10.000418333333334
vertex 48.62101166666667 -40.352585000000005 10.000418333333334
vertex 45.870135000000005 -40.352585000000005 10.000418333333334
endloop
endfacet
facet normal 0 0 -1
outer loop
vertex 48.754155000000004 -38.99971333333333 10.000418333333334
vertex 45.870135000000005 -40.352585000000005 10.000418333333334
vertex 46.003278333333334 -38.99971333333333 10.000418333333334
endloop
endfacet
facet normal 0 0 -1
outer loop
vertex 5.9181083333333335 -41.94240666666667 10.000418333333334
vertex 7.1299383333333335 -40.352585000000005 10.000418333333334
vertex 8.253758333333334 -44.05803166666667 10.000418333333334
endloop
endfacet
facet normal 0 0 -1
outer loop
vertex 5.9181083333333335 -41.94240666666667 10.000418333333334
vertex 8.253758333333334 -44.05803166666667 10.000418333333334
vertex 5.393433333333333 -44.05803166666667 10.000418333333334
endloop
endfacet
facet normal 0 0 -1
outer loop
vertex 5.9181083333333335 -41.94240666666667 10.000418333333334
vertex 5.393433333333333 -44.05803166666667 10.000418333333334
vertex 4.432093333333333 -40.88967166666667 10.000418333333334
endloop
endfacet
facet normal 0 0 -1
outer loop
vertex 5.9181083333333335 -41.94240666666667 10.000418333333334
vertex 4.432093333333333 -40.88967166666667 10.000418333333334
vertex 4.379061666666667 -40.352585000000005 10.000418333333334
endloop
endfacet
facet normal 0 0 -1
outer loop
vertex 5.9181083333333335 -41.94240666666667 10.000418333333334
vertex 4.379061666666667 -40.352585000000005 10.000418333333334
vertex 7.1299383333333335 -40.352585000000005 10.000418333333334
endloop
endfacet
facet normal 0 0 -1
outer loop
vertex 47.081965000000004 -41.94240666666667 10.000418333333334
vertex 48.62101166666667 -40.352585000000005 10.000418333333334
vertex 48.567980000000006 -40.88967166666667 10.000418333333334
endloop
endfacet
facet normal 0 0 -1
outer loop
vertex 47.081965000000004 -41.94240666666667 10.000418333333334
vertex 48.567980000000006 -40.88967166666667 10.000418333333334
vertex 47.606640000000006 -44.05803166666667 10.000418333333334
endloop
endfacet
facet normal 0 0 -1
outer loop
vertex 47.081965000000004 -41.94240666666667 10.000418333333334
vertex 47.606640000000006 -44.05803166666667 10.000418333333334
vertex 44.746315 -44.05803166666667 10.000418333333334
endloop
endfacet
facet normal 0 0 -0.9999999999999999
outer loop
vertex 47.081965000000004 -41.94240666666667 10.000418333333334
vertex 44.746315 -44.05803166666667 10.000418333333334
vertex 45.870135000000005 -40.352585000000005 10.000418333333334
endloop
endfacet
facet normal 0 0 -1
outer loop
vertex 47.081965000000004 -41.94240666666667 10.000418333333334
vertex 45.870135000000005 -40.352585000000005 10.000418333333334
vertex 48.62101166666667 -40.352585000000005 10.000418333333334
endloop
endfacet
facet normal 0 0 -1
outer loop
vertex 7.282263333333334 -45.63431333333334 10.000418333333334
vertex 8.253758333333334 -44.05803166666667 10.000418333333334
vertex 10.078273333333334 -47.472368333333335 10.000418333333334
endloop
endfacet
facet normal 0 0 -1
outer loop
vertex 7.282263333333334 -45.63431333333334 10.000418333333334
vertex 10.078273333333334 -47.472368333333335 10.000418333333334
vertex 6.975356666666667 -47.472368333333335 10.000418333333334
endloop
endfacet
facet normal 0 0 -1
outer loop
vertex 7.282263333333334 -45.63431333333334 10.000418333333334
vertex 6.975356666666667 -47.472368333333335 10.000418333333334
vertex 5.712751666666667 -45.11076666666667 10.000418333333334
endloop
endfacet
facet normal 0 0 -1
outer loop
vertex 7.282263333333334 -45.63431333333334 10.000418333333334
vertex 5.712751666666667 -45.11076666666667 10.000418333333334
vertex 5.393433333333333 -44.05803166666667 10.000418333333334
endloop
endfacet
facet normal 0 0 -1
outer loop
vertex 7.282263333333334 -45.63431333333334 10.000418333333334
vertex 5.393433333333333 -44.05803166666667 10.000418333333334
vertex 8.253758333333334 -44.05803166666667 10.000418333333334
endloop
endfacet
facet normal 0 0 -1
outer loop
vertex 45.71781 -45.63431333333334 10.000418333333334
vertex 47.606640000000006 -44.05803166666667 10.000418333333334
vertex 47.28732166666667 -45.11076666666667 10.000418333333334
endloop
endfacet
facet normal 0 0 -0.9999999999999999
outer loop
vertex 45.71781 -45.63431333333334 10.000418333333334
vertex 47.28732166666667 -45.11076666666667 10.000418333333334
vertex 46.02471666666667 -47.472368333333335 10.000418333333334
endloop
endfacet
facet normal 0 0 -1
outer loop
vertex 45.71781 -45.63431333333334 10.000418333333334
vertex 46.02471666666667 -47.472368333333335 10.000418333333334
vertex 42.921800000000005 -47.472368333333335 10.000418333333334
endloop
endfacet
facet normal 0 0 -1
outer loop
vertex 45.71781 -45.63431333333334 10.000418333333334
vertex 42.921800000000005 -47.472368333333335 10.000418333333334
vertex 44.746315 -44.05803166666667 10.000418333333334
endloop
endfacet
facet normal 0 0 -1
outer loop
vertex 45.71781 -45.63431333333334 10.000418333333334
vertex 44.746315 -44.05803166666667 10.000418333333334
vertex 47.606640000000006 -44.05803166666667 10.000418333333334
endloop
endfacet
facet normal 0 0 -1
outer loop
vertex 8.956710000000001 -48.58716166666667 10.000418333333334
vertex 10.078273333333334 -47.472368333333335 10.000418333333334
vertex 10.941448333333334 -48.523975 10.000418333333334
endloop
endfacet
facet normal 0 0 -0.9999999999999999
outer loop
vertex 8.956710000000001 -48.58716166666667 10.000418333333334
vertex 10.941448333333334 -48.523975 10.000418333333334
vertex 8.996201666666668 -50.468093333333336 10.000418333333334
endloop
endfacet
facet normal 0 0 -1
outer loop
vertex 8.956710000000001 -48.58716166666667 10.000418333333334
vertex 8.996201666666668 -50.468093333333336 10.000418333333334
vertex 7.79227 -49.00013166666667 10.000418333333334
endloop
endfacet
facet normal 0 0 -1
outer loop
vertex 8.956710000000001 -48.58716166666667 10.000418333333334
vertex 7.79227 -49.00013166666667 10.000418333333334
vertex 6.975356666666667 -47.472368333333335 10.000418333333334
endloop
endfacet
facet normal 0 0 -0.9999999999999999
outer loop
vertex 8.956710000000001 -48.58716166666667 10.000418333333334
vertex 6.975356666666667 -47.472368333333335 10.000418333333334
vertex 10.078273333333334 -47.472368333333335 10.000418333333334
endloop
endfacet
facet normal 0 0 -1
outer loop
vertex 44.04336333333334 -48.58716166666667 10.000418333333334
vertex 46.02471666666667 -47.472368333333335 10.000418333333334
vertex 45.20780333333334 -49.00013166666667 10.000418333333334
endloop
endfacet
facet normal 0 0 -1
outer loop
vertex 44.04336333333334 -48.58716166666667 10.000418333333334
vertex 45.20780333333334 -49.00013166666667 10.000418333333334
vertex 44.00387166666667 -50.468093333333336 10.000418333333334
endloop
endfacet
facet normal 0 0 -1
outer loop
vertex 44.04336333333334 -48.58716166666667 10.000418333333334
vertex 44.00387166666667 -50.468093333333336 10.000418333333334
vertex 42.058625 -48.523975 10.000418333333334
endloop
endfacet
facet normal 0 0 -1
outer loop
vertex 44.04336333333334 -48.58716166666667 10.000418333333334
vertex 42.058625 -48.523975 10.000418333333334
vertex 42.921800000000005 -47.472368333333335 10.000418333333334
endloop
endfacet
facet normal 0 0 -1
outer loop
vertex 44.04336333333334 -48.58716166666667 10.000418333333334
vertex 42.921800000000005 -47.472368333333335 10.000418333333334
vertex 46.02471666666667 -47.472368333333335 10.000418333333334
endloop
endfacet
facet normal 0 0 -1
outer loop
vertex 15.526995000000001 -52.92109000000001 10.000418333333334
vertex 13.61447 -52.92109000000001 10.000418333333334
vertex 14.476516666666667 -52.059043333333335 10.000418333333334
endloop
endfacet
facet normal 0 0 -1
outer loop
vertex 39.385603333333336 -52.92109000000001 10.000418333333334
vertex 37.47195 -52.92109000000001 10.000418333333334
vertex 38.52355666666667 -52.059043333333335 10.000418333333334
endloop
endfacet
facet normal 0 0 -1
outer loop
vertex 14.810503333333335 -53.86776166666667 10.000418333333334
vertex 15.526995000000001 -52.92109000000001 10.000418333333334
vertex 18.94246 -54.74673333333334 10.000418333333334
endloop
endfacet
facet normal 0 0 -1
outer loop
vertex 14.810503333333335 -53.86776166666667 10.000418333333334
vertex 18.94246 -54.74673333333334 10.000418333333334
vertex 13.437321666666667 -54.74673333333334 10.000418333333334
endloop
endfacet
facet normal 0 0 -1
outer loop
vertex 14.810503333333335 -53.86776166666667 10.000418333333334
vertex 13.437321666666667 -54.74673333333334 10.000418333333334
vertex 12.532398333333335 -54.00316166666667 10.000418333333334
endloop
endfacet
facet normal 0 0 -1
outer loop
vertex 14.810503333333335 -53.86776166666667 10.000418333333334
vertex 12.532398333333335 -54.00316166666667 10.000418333333334
vertex 13.61447 -52.92109000000001 10.000418333333334
endloop
endfacet
facet normal 0 0 -1
outer loop
vertex 14.810503333333335 -53.86776166666667 10.000418333333334
vertex 13.61447 -52.92109000000001 10.000418333333334
vertex 15.526995000000001 -52.92109000000001 10.000418333333334
endloop
endfacet
facet normal 0 0 -1
outer loop
vertex 38.18957 -53.86776166666667 10.000418333333334
vertex 39.385603333333336 -52.92109000000001 10.000418333333334
vertex 40.467675 -54.00316166666667 10.000418333333334
endloop
endfacet
facet normal 0 0 -1
outer loop
vertex 38.18957 -53.86776166666667 10.000418333333334
vertex 40.467675 -54.00316166666667 10.000418333333334
vertex 39.56275166666667 -54.74673333333334 10.000418333333334
endloop
endfacet
facet normal 0 0 -1
outer loop
vertex 38.18957 -53.86776166666667 10.000418333333334
vertex 39.56275166666667 -54.74673333333334 10.000418333333334
vertex 34.057613333333336 -54.74673333333334 10.000418333333334
endloop
endfacet
facet normal 0 0 -1
outer loop
vertex 38.18957 -53.86776166666667 10.000418333333334
vertex 34.057613333333336 -54.74673333333334 10.000418333333334
vertex 37.47195 -52.92109000000001 10.000418333333334
endloop
endfacet
facet normal 0 0 -1
outer loop
vertex 38.18957 -53.86776166666667 10.000418333333334
vertex 37.47195 -52.92109000000001 10.000418333333334
vertex 39.385603333333336 -52.92109000000001 10.000418333333334
endloop
endfacet
facet normal 0 0 -1
outer loop
vertex 16.852786666666667 -55.288333333333334 10.000418333333334
vertex 18.94246 -54.74673333333334 10.000418333333334
vertex 22.646778333333334 -55.87055333333333 10.000418333333334
endloop
endfacet
facet normal 0 0 -1
outer loop
vertex 16.852786666666667 -55.288333333333334 10.000418333333334
vertex 22.646778333333334 -55.87055333333333 10.000418333333334
vertex 15.239270000000001 -55.87055333333333 10.000418333333334
endloop
endfacet
facet normal 0 0 -0.9999999999999999
outer loop
vertex 16.852786666666667 -55.288333333333334 10.000418333333334
vertex 15.239270000000001 -55.87055333333333 10.000418333333334
vertex 13.999231666666667 -55.20822166666667 10.000418333333334
endloop
endfacet
facet normal 0 0 -1
outer loop
vertex 16.852786666666667 -55.288333333333334 10.000418333333334
vertex 13.999231666666667 -55.20822166666667 10.000418333333334
vertex 13.437321666666667 -54.74673333333334 10.000418333333334
endloop
endfacet
facet normal 0 0 -0.9999999999999999
outer loop
vertex 16.852786666666667 -55.288333333333334 10.000418333333334
vertex 13.437321666666667 -54.74673333333334 10.000418333333334
vertex 18.94246 -54.74673333333334 10.000418333333334
endloop
endfacet
facet normal 0 0 -1
outer loop
vertex 36.147286666666666 -55.288333333333334 10.000418333333334
vertex 39.56275166666667 -54.74673333333334 10.000418333333334
vertex 39.000841666666666 -55.20822166666667 10.000418333333334
endloop
endfacet
facet normal 0 0 -1
outer loop
vertex 36.147286666666666 -55.288333333333334 10.000418333333334
vertex 39.000841666666666 -55.20822166666667 10.000418333333334
vertex 37.760803333333335 -55.87055333333333 10.000418333333334
endloop
endfacet
facet normal 0 0 -1
outer loop
vertex 36.147286666666666 -55.288333333333334 10.000418333333334
vertex 37.760803333333335 -55.87055333333333 10.000418333333334
vertex 30.353295000000003 -55.87055333333333 10.000418333333334
endloop
endfacet
facet normal 0 0 -1
outer loop
vertex 36.147286666666666 -55.288333333333334 10.000418333333334
vertex 30.353295000000003 -55.87055333333333 10.000418333333334
vertex 34.057613333333336 -54.74673333333334 10.000418333333334
endloop
endfacet
facet normal 0 0 -1
outer loop
vertex 36.147286666666666 -55.288333333333334 10.000418333333334
vertex 34.057613333333336 -54.74673333333334 10.000418333333334
vertex 39.56275166666667 -54.74673333333334 10.000418333333334
endloop
endfacet
facet normal 0 0 -1
outer loop
vertex 20.981358333333336 -57.058688333333336 10.000418333333334
vertex 22.646778333333334 -55.87055333333333 10.000418333333334
vertex 23.999650000000003 -56.00369666666667 10.000418333333334
endloop
endfacet
facet normal 0 0 -1
outer loop
vertex 20.981358333333336 -57.058688333333336 10.000418333333334
vertex 23.999650000000003 -56.00369666666667 10.000418333333334
vertex 23.999650000000003 -58.753445000000006 10.000418333333334
endloop
endfacet
facet normal 0 0 -1
outer loop
vertex 20.981358333333336 -57.058688333333336 10.000418333333334
vertex 23.999650000000003 -58.753445000000006 10.000418333333334
vertex 22.11082 -58.56727 10.000418333333334
endloop
endfacet
facet normal 0 0 -1
outer loop
vertex 20.981358333333336 -57.058688333333336 10.000418333333334
vertex 22.11082 -58.56727 10.000418333333334
vertex 17.889725000000002 -57.28774000000001 10.000418333333334
endloop
endfacet
facet normal 0 0 -1
outer loop
vertex 20.981358333333336 -57.058688333333336 10.000418333333334
vertex 17.889725000000002 -57.28774000000001 10.000418333333334
vertex 15.239270000000001 -55.87055333333333 10.000418333333334
endloop
endfacet
facet normal 0 0 -1
outer loop
vertex 20.981358333333336 -57.058688333333336 10.000418333333334
vertex 15.239270000000001 -55.87055333333333 10.000418333333334
vertex 22.646778333333334 -55.87055333333333 10.000418333333334
endloop
endfacet
facet normal 0 0 -1
outer loop
vertex 32.018715 -57.058688333333336 10.000418333333334
vertex 37.760803333333335 -55.87055333333333 10.000418333333334
vertex 35.110348333333334 -57.28774000000001 10.000418333333334
endloop
endfacet
facet normal 0 0 -1
outer loop
vertex 32.018715 -57.058688333333336 10.000418333333334
vertex 35.110348333333334 -57.28774000000001 10.000418333333334
vertex 30.889253333333336 -58.56727 10.000418333333334
endloop
endfacet
facet normal 0 0 -1
outer loop
vertex 32.018715 -57.058688333333336 10.000418333333334
vertex 30.889253333333336 -58.56727 10.000418333333334
vertex 29.000423333333334 -58.753445000000006 10.000418333333334
endloop
endfacet
facet normal 0 0 -1
outer loop
vertex 32.018715 -57.058688333333336 10.000418333333334
vertex 29.000423333333334 -58.753445000000006 10.000418333333334
vertex 29.000423333333334 -56.00369666666667 10.000418333333334
endloop
endfacet
facet normal 0 0 -1
outer loop
vertex 32.018715 -57.058688333333336 10.000418333333334
vertex 29.000423333333334 -56.00369666666667 10.000418333333334
vertex 30.353295000000003 -55.87055333333333 10.000418333333334
endloop
endfacet
facet normal 0 0 -1
outer loop
vertex 32.018715 -57.058688333333336 10.000418333333334
vertex 30.353295000000003 -55.87055333333333 10.000418333333334
vertex 37.760803333333335 -55.87055333333333 10.000418333333334
endloop
endfacet
facet normal -0.9569059719490369 0.29039793533747565 0
outer loop
vertex 48.567980000000006 32.11011 10.000418333333334
vertex 48.567980000000006 32.11011 4.999645
vertex 47.28732166666667 27.890143333333334 4.999645
endloop
endfacet
facet normal -0.9569059719490369 0.29039793533747565 0
outer loop
vertex 48.567980000000006 32.11011 10.000418333333334
vertex 47.28732166666667 27.890143333333334 4.999645
vertex 47.28732166666667 27.890143333333334 10.000418333333334
endloop
endfacet
facet normal 0 0 0.9999999999999999
outer loop
vertex 32.30192666666667 57.322718333333334 4.999645
vertex 29.000423333333334 56.00369666666667 4.999645
vertex 37.51144166666667 56.00369666666667 4.999645
endloop
endfacet
facet normal 0 0 1
outer loop
vertex 32.30192666666667 57.322718333333334 4.999645
vertex 37.51144166666667 56.00369666666667 4.999645
vertex 35.110348333333334 57.28774000000001 4.999645
endloop
endfacet
facet normal 0 0 1
outer loop
vertex 32.30192666666667 57.322718333333334 4.999645
vertex 35.110348333333334 57.28774000000001 4.999645
vertex 30.889253333333336 58.56727 4.999645
endloop
endfacet
facet normal 0 0 0.9999999999999999
outer loop
vertex 32.30192666666667 57.322718333333334 4.999645
vertex 30.889253333333336 58.56727 4.999645
vertex 29.000423333333334 58.753445000000006 4.999645
endloop
endfacet
facet normal 0 0 1
outer loop
vertex 32.30192666666667 57.322718333333334 4.999645
vertex 29.000423333333334 58.753445000000006 4.999645
vertex 29.000423333333334 56.00369666666667 4.999645
endloop
endfacet
facet normal 0 0 1
outer loop
vertex 23.999650000000003 56.00369666666667 4.999645
vertex 29.000423333333334 56.00369666666667 4.999645
vertex 26.50003666666667 56.249673333333334 4.999645
endloop
endfacet
facet normal 0 0 0.9999999999999999
outer loop
vertex 20.698146666666666 57.322718333333334 4.999645
vertex 22.11082 58.56727 4.999645
vertex 17.889725000000002 57.28774000000001 4.999645
endloop
endfacet
facet normal 0 0 1
outer loop
vertex 20.698146666666666 57.322718333333334 4.999645
vertex 17.889725000000002 57.28774000000001 4.999645
vertex 15.488631666666668 56.00369666666667 4.999645
endloop
endfacet
facet normal 0 0 0.9999999999999999
outer loop
vertex 20.698146666666666 57.322718333333334 4.999645
vertex 15.488631666666668 56.00369666666667 4.999645
vertex 23.999650000000003 56.00369666666667 4.999645
endloop
endfacet
facet normal 0 0 1
outer loop
vertex 20.698146666666666 57.322718333333334 4.999645
vertex 23.999650000000003 56.00369666666667 4.999645
vertex 23.999650000000003 58.753445000000006 4.999645
endloop
endfacet
facet normal 0 0 1
outer loop
vertex 20.698146666666666 57.322718333333334 4.999645
vertex 23.999650000000003 58.753445000000006 4.999645
vertex 22.11082 58.56727 4.999645
endloop
endfacet
facet normal 0 0 0.9999999999999999
outer loop
vertex 26.50003666666667 48.06925666666667 4.999645
vertex 29.000423333333334 56.00369666666667 4.999645
vertex 23.999650000000003 56.00369666666667 4.999645
endloop
endfacet
facet normal 0 0 1
outer loop
vertex 26.50003666666667 48.06925666666667 4.999645
vertex 23.999650000000003 56.00369666666667 4.999645
vertex 15.488631666666668 56.00369666666667 4.999645
endloop
endfacet
facet normal 0 0 1
outer loop
vertex 26.50003666666667 48.06925666666667 4.999645
vertex 15.488631666666668 56.00369666666667 4.999645
vertex 13.999231666666667 55.20822166666667 4.999645
endloop
endfacet
facet normal 0 0 0.9999999999999999
outer loop
vertex 26.50003666666667 48.06925666666667 4.999645
vertex 13.999231666666667 55.20822166666667 4.999645
vertex 10.590536666666667 52.409955000000004 4.999645
endloop
endfacet
facet normal 0 0 1
outer loop
vertex 26.50003666666667 48.06925666666667 4.999645
vertex 10.590536666666667 52.409955000000004 4.999645
vertex 7.79227 49.00013166666667 4.999645
endloop
endfacet
facet normal 0 0 1
outer loop
vertex 26.50003666666667 48.06925666666667 4.999645
vertex 7.79227 49.00013166666667 4.999645
vertex 5.712751666666667 45.11076666666667 4.999645
endloop
endfacet
facet normal 0 0 1
outer loop
vertex 26.50003666666667 48.06925666666667 4.999645
vertex 5.712751666666667 45.11076666666667 4.999645
vertex 4.432093333333333 40.88967166666667 4.999645
endloop
endfacet
facet normal 0 0 1
outer loop
vertex 26.50003666666667 48.06925666666667 4.999645
vertex 4.432093333333333 40.88967166666667 4.999645
vertex 4.245918333333334 38.99971333333333 4.999645
endloop
endfacet
facet normal 0 0 1
outer loop
vertex 26.50003666666667 48.06925666666667 4.999645
vertex 4.245918333333334 38.99971333333333 4.999645
vertex 6.995666666666667 38.99971333333333 4.999645
endloop
endfacet
facet normal 0 0 1
outer loop
vertex 26.50003666666667 48.06925666666667 4.999645
vertex 6.995666666666667 38.99971333333333 4.999645
vertex 46.003278333333334 38.99971333333333 4.999645
endloop
endfacet
facet normal 0 0 1
outer loop
vertex 26.50003666666667 48.06925666666667 4.999645
vertex 46.003278333333334 38.99971333333333 4.999645
vertex 48.754155000000004 38.99971333333333 4.999645
endloop
endfacet
facet normal 0 0 1
outer loop
vertex 26.50003666666667 48.06925666666667 4.999645
vertex 48.754155000000004 38.99971333333333 4.999645
vertex 48.567980000000006 40.88967166666667 4.999645
endloop
endfacet
facet normal 0 0 1
outer loop
vertex 26.50003666666667 48.06925666666667 4.999645
vertex 48.567980000000006 40.88967166666667 4.999645
vertex 47.28732166666667 45.11076666666667 4.999645
endloop
endfacet
facet normal 0 0 1
outer loop
vertex 26.50003666666667 48.06925666666667 4.999645
vertex 47.28732166666667 45.11076666666667 4.999645
vertex 45.20780333333334 49.00013166666667 4.999645
endloop
endfacet
facet normal 0 0 1
outer loop
vertex 26.50003666666667 48.06925666666667 4.999645
vertex 45.20780333333334 49.00013166666667 4.999645
vertex 42.40953666666667 52.409955000000004 4.999645
endloop
endfacet
facet normal 0 0 0.9999999999999999
outer loop
vertex 26.50003666666667 48.06925666666667 4.999645
vertex 42.40953666666667 52.409955000000004 4.999645
vertex 39.000841666666666 55.20822166666667 4.999645
endloop
endfacet
facet normal 0 0 0.9999999999999999
outer loop
vertex 26.50003666666667 48.06925666666667 4.999645
vertex 39.000841666666666 55.20822166666667 4.999645
vertex 37.51144166666667 56.00369666666667 4.999645
endloop
endfacet
facet normal 0 0 1
outer loop
vertex 26.50003666666667 48.06925666666667 4.999645
vertex 37.51144166666667 56.00369666666667 4.999645
vertex 29.000423333333334 56.00369666666667 4.999645
endloop
endfacet
facet normal 0 0 1
outer loop
vertex 26.50003666666667 36.500455 4.999645
vertex 6.995666666666667 38.99971333333333 4.999645
vertex 6.74969 36.500455 4.999645
endloop
endfacet
facet normal 0 0 1
outer loop
vertex 26.50003666666667 36.500455 4.999645
vertex 6.74969 36.500455 4.999645
vertex 6.995666666666667 34.00006833333334 4.999645
endloop
endfacet
facet normal 0 0 1
outer loop
vertex 26.50003666666667 36.500455 4.999645
vertex 6.995666666666667 34.00006833333334 4.999645
vertex 46.003278333333334 34.00006833333334 4.999645
endloop
endfacet
facet normal 0 0 1
outer loop
vertex 26.50003666666667 36.500455 4.999645
vertex 46.003278333333334 34.00006833333334 4.999645
vertex 46.25038333333334 36.500455 4.999645
endloop
endfacet
facet normal 0 0 1
outer loop
vertex 26.50003666666667 36.500455 4.999645
vertex 46.25038333333334 36.500455 4.999645
vertex 46.003278333333334 38.99971333333333 4.999645
endloop
endfacet
facet normal 0 0 0.9999999999999999
outer loop
vertex 26.50003666666667 36.500455 4.999645
vertex 46.003278333333334 38.99971333333333 4.999645
vertex 6.995666666666667 38.99971333333333 4.999645
endloop
endfacet
facet normal 0 0 1
outer loop
vertex 26.50003666666667 24.930525000000003 4.999645
vertex 46.003278333333334 34.00006833333334 4.999645
vertex 6.995666666666667 34.00006833333334 4.999645
endloop
endfacet
facet normal 0 0 1
outer loop
vertex 26.50003666666667 24.930525000000003 4.999645
vertex 6.995666666666667 34.00006833333334 4.999645
vertex 4.245918333333334 34.00006833333334 4.999645
endloop
endfacet
facet normal 0 0 1
outer loop
vertex 26.50003666666667 24.930525000000003 4.999645
vertex 4.245918333333334 34.00006833333334 4.999645
vertex 4.432093333333333 32.11011 4.999645
endloop
endfacet
facet normal 0 0 0.9999999999999999
outer loop
vertex 26.50003666666667 24.930525000000003 4.999645
vertex 4.432093333333333 32.11011 4.999645
vertex 5.712751666666667 27.890143333333334 4.999645
endloop
endfacet
facet normal 0 0 0.9999999999999999
outer loop
vertex 26.50003666666667 24.930525000000003 4.999645
vertex 5.712751666666667 27.890143333333334 4.999645
vertex 7.79227 23.999650000000003 4.999645
endloop
endfacet
facet normal 0 0 1
outer loop
vertex 26.50003666666667 24.930525000000003 4.999645
vertex 7.79227 23.999650000000003 4.999645
vertex 10.590536666666667 20.589826666666667 4.999645
endloop
endfacet
facet normal 0 0 1
outer loop
vertex 26.50003666666667 24.930525000000003 4.999645
vertex 10.590536666666667 20.589826666666667 4.999645
vertex 13.999231666666667 17.79156 4.999645
endloop
endfacet
facet normal 0 0 0.9999999999999999
outer loop
vertex 26.50003666666667 24.930525000000003 4.999645
vertex 13.999231666666667 17.79156 4.999645
vertex 15.488631666666668 16.996085 4.999645
endloop
endfacet
facet normal 0 0 1
outer loop
vertex 26.50003666666667 24.930525000000003 4.999645
vertex 15.488631666666668 16.996085 4.999645
vertex 23.999650000000003 16.996085 4.999645
endloop
endfacet
facet normal 0 0 0.9999999999999999
outer loop
vertex 26.50003666666667 24.930525000000003 4.999645
vertex 23.999650000000003 16.996085 4.999645
vertex 29.000423333333334 16.996085 4.999645
endloop
endfacet
facet normal 0 0 1
outer loop
vertex 26.50003666666667 24.930525000000003 4.999645
vertex 29.000423333333334 16.996085 4.999645
vertex 37.51144166666667 16.996085 4.999645
endloop
endfacet
facet normal 0 0 1
outer loop
vertex 26.50003666666667 24.930525000000003 4.999645
vertex 37.51144166666667 16.996085 4.999645
vertex 39.000841666666666 17.79156 4.999645
endloop
endfacet
facet normal 0 0 1
outer loop
vertex 26.50003666666667 24.930525000000003 4.999645
vertex 39.000841666666666 17.79156 4.999645
vertex 42.40953666666667 20.589826666666667 4.999645
endloop
endfacet
facet normal 0 0 1
outer loop
vertex 26.50003666666667 24.930525000000003 4.999645
vertex 42.40953666666667 20.589826666666667 4.999645
vertex 45.20780333333334 23.999650000000003 4.999645
endloop
endfacet
facet normal 0 0 1
outer loop
vertex 26.50003666666667 24.930525000000003 4.999645
vertex 45.20780333333334 23.999650000000003 4.999645
vertex 47.28732166666667 27.890143333333334 4.999645
endloop
endfacet
facet normal 0 0 1
outer loop
vertex 26.50003666666667 24.930525000000003 4.999645
vertex 47.28732166666667 27.890143333333334 4.999645
vertex 48.567980000000006 32.11011 4.999645
endloop
endfacet
facet normal 0 0 1
outer loop
vertex 26.50003666666667 24.930525000000003 4.999645
vertex 48.567980000000006 32.11011 4.999645
vertex 48.754155000000004 34.00006833333334 4.999645
endloop
endfacet
facet normal 0 0 1
outer loop
vertex 26.50003666666667 24.930525000000003 4.999645
vertex 48.754155000000004 34.00006833333334 4.999645
vertex 46.003278333333334 34.00006833333334 4.999645
endloop
endfacet
facet normal 0 0 0.9999999999999999
outer loop
vertex 23.999650000000003 16.996085 4.999645
vertex 26.50003666666667 16.750108333333333 4.999645
vertex 29.000423333333334 16.996085 4.999645
endloop
endfacet
facet normal 0 0 1
outer loop
vertex 32.30192666666667 15.677063333333335 4.999645
vertex 29.000423333333334 16.996085 4.999645
vertex 29.000423333333334 14.246336666666668 4.999645
endloop
endfacet
facet normal 0 0 1
outer loop
vertex 32.30192666666667 15.677063333333335 4.999645
vertex 29.000423333333334 14.246336666666668 4.999645
vertex 30.889253333333336 14.432511666666668 4.999645
endloop
endfacet
facet normal 0 0 1
outer loop
vertex 32.30192666666667 15.677063333333335 4.999645
vertex 30.889253333333336 14.432511666666668 4.999645
vertex 35.110348333333334 15.713170000000002 4.999645
endloop
endfacet
facet normal 0 0 1
outer loop
vertex 32.30192666666667 15.677063333333335 4.999645
vertex 35.110348333333334 15.713170000000002 4.999645
vertex 37.51144166666667 16.996085 4.999645
endloop
endfacet
facet normal 0 0 1
outer loop
vertex 32.30192666666667 15.677063333333335 4.999645
vertex 37.51144166666667 16.996085 4.999645
vertex 29.000423333333334 16.996085 4.999645
endloop
endfacet
facet normal 0 0 1
outer loop
vertex 20.698146666666666 15.677063333333335 4.999645
vertex 15.488631666666668 16.996085 4.999645
vertex 17.889725000000002 15.713170000000002 4.999645
endloop
endfacet
facet normal 0 0 1
outer loop
vertex 20.698146666666666 15.677063333333335 4.999645
vertex 17.889725000000002 15.713170000000002 4.999645
vertex 22.11082 14.432511666666668 4.999645
endloop
endfacet
facet normal 0 0 1
outer loop
vertex 20.698146666666666 15.677063333333335 4.999645
vertex 22.11082 14.432511666666668 4.999645
vertex 23.999650000000003 14.246336666666668 4.999645
endloop
endfacet
facet normal 0 0 1
outer loop
vertex 20.698146666666666 15.677063333333335 4.999645
vertex 23.999650000000003 14.246336666666668 4.999645
vertex 23.999650000000003 16.996085 4.999645
endloop
endfacet
facet normal 0 0 1
outer loop
vertex 20.698146666666666 15.677063333333335 4.999645
vertex 23.999650000000003 16.996085 4.999645
vertex 15.488631666666668 16.996085 4.999645
endloop
endfacet
facet normal 0 0 1
outer loop
vertex 32.30192666666667 -15.677063333333335 4.999645
vertex 29.000423333333334 -16.996085 4.999645
vertex 37.51144166666667 -16.996085 4.999645
endloop
endfacet
facet normal 0 0 1
outer loop
vertex 32.30192666666667 -15.677063333333335 4.999645
vertex 37.51144166666667 -16.996085 4.999645
vertex 35.110348333333334 -15.713170000000002 4.999645
endloop
endfacet
facet normal 0 0 1
outer loop
vertex 32.30192666666667 -15.677063333333335 4.999645
vertex 35.110348333333334 -15.713170000000002 4.999645
vertex 30.889253333333336 -14.432511666666668 4.999645
endloop
endfacet
facet normal 0 0 1
outer loop
vertex 32.30192666666667 -15.677063333333335 4.999645
vertex 30.889253333333336 -14.432511666666668 4.999645
vertex 29.000423333333334 -14.246336666666668 4.999645
endloop
endfacet
facet normal 0 0 1
outer loop
vertex 32.30192666666667 -15.677063333333335 4.999645
vertex 29.000423333333334 -14.246336666666668 4.999645
vertex 29.000423333333334 -16.996085 4.999645
endloop
endfacet
facet normal 0 0 0.9999999999999999
outer loop
vertex 23.999650000000003 -16.996085 4.999645
vertex 29.000423333333334 -16.996085 4.999645
vertex 26.50003666666667 -16.750108333333333 4.999645
endloop
endfacet
facet normal 0 0 1
outer loop
vertex 20.698146666666666 -15.677063333333335 4.999645
vertex 22.11082 -14.432511666666668 4.999645
vertex 17.889725000000002 -15.713170000000002 4.999645
endloop
endfacet
facet normal 0 0 1
outer loop
vertex 20.698146666666666 -15.677063333333335 4.999645
vertex 17.889725000000002 -15.713170000000002 4.999645
vertex 15.488631666666668 -16.996085 4.999645
endloop
endfacet
facet normal 0 0 1
outer loop
vertex 20.698146666666666 -15.677063333333335 4.999645
vertex 15.488631666666668 -16.996085 4.999645
vertex 23.999650000000003 -16.996085 4.999645
endloop
endfacet
facet normal 0 0 1
outer loop
vertex 20.698146666666666 -15.677063333333335 4.999645
vertex 23.999650000000003 -16.996085 4.999645
vertex 23.999650000000003 -14.246336666666668 4.999645
endloop
endfacet
facet normal 0 0 1
outer loop
vertex 20.698146666666666 -15.677063333333335 4.999645
vertex 23.999650000000003 -14.246336666666668 4.999645
vertex 22.11082 -14.432511666666668 4.999645
endloop
endfacet
facet normal 0 0 0.9999999999999999
outer loop
vertex 26.50003666666667 -24.930525000000003 4.999645
vertex 29.000423333333334 -16.996085 4.999645
vertex 23.999650000000003 -16.996085 4.999645
endloop
endfacet
facet normal 0 0 1
outer loop
vertex 26.50003666666667 -24.930525000000003 4.999645
vertex 23.999650000000003 -16.996085 4.999645
vertex 15.488631666666668 -16.996085 4.999645
endloop
endfacet
facet normal 0 0 0.9999999999999999
outer loop
vertex 26.50003666666667 -24.930525000000003 4.999645
vertex 15.488631666666668 -16.996085 4.999645
vertex 13.999231666666667 -17.79156 4.999645
endloop
endfacet
facet normal 0 0 1
outer loop
vertex 26.50003666666667 -24.930525000000003 4.999645
vertex 13.999231666666667 -17.79156 4.999645
vertex 10.590536666666667 -20.589826666666667 4.999645
endloop
endfacet
facet normal 0 0 1
outer loop
vertex 26.50003666666667 -24.930525000000003 4.999645
vertex 10.590536666666667 -20.589826666666667 4.999645
vertex 7.79227 -23.999650000000003 4.999645
endloop
endfacet
facet normal 0 0 0.9999999999999999
outer loop
vertex 26.50003666666667 -24.930525000000003 4.999645
vertex 7.79227 -23.999650000000003 4.999645
vertex 5.712751666666667 -27.890143333333334 4.999645
endloop
endfacet
facet normal 0 0 0.9999999999999999
outer loop
vertex 26.50003666666667 -24.930525000000003 4.999645
vertex 5.712751666666667 -27.890143333333334 4.999645
vertex 4.432093333333333 -32.11011 4.999645
endloop
endfacet
facet normal 0 0 1
outer loop
vertex 26.50003666666667 -24.930525000000003 4.999645
vertex 4.432093333333333 -32.11011 4.999645
vertex 4.245918333333334 -34.00006833333334 4.999645
endloop
endfacet
facet normal 0 0 1
outer loop
vertex 26.50003666666667 -24.930525000000003 4.999645
vertex 4.245918333333334 -34.00006833333334 4.999645
vertex 6.995666666666667 -34.00006833333334 4.999645
endloop
endfacet
facet normal 0 0 1
outer loop
vertex 26.50003666666667 -24.930525000000003 4.999645
vertex 6.995666666666667 -34.00006833333334 4.999645
vertex 46.003278333333334 -34.00006833333334 4.999645
endloop
endfacet
facet normal 0 0 1
outer loop
vertex 26.50003666666667 -24.930525000000003 4.999645
vertex 46.003278333333334 -34.00006833333334 4.999645
vertex 48.754155000000004 -34.00006833333334 4.999645
endloop
endfacet
facet normal 0 0 1
outer loop
vertex 26.50003666666667 -24.930525000000003 4.999645
vertex 48.754155000000004 -34.00006833333334 4.999645
vertex 48.567980000000006 -32.11011 4.999645
endloop
endfacet
facet normal 0 0 1
outer loop
vertex 26.50003666666667 -24.930525000000003 4.999645
vertex 48.567980000000006 -32.11011 4.999645
vertex 47.28732166666667 -27.890143333333334 4.999645
endloop
endfacet
facet normal 0 0 1
outer loop
vertex 26.50003666666667 -24.930525000000003 4.999645
vertex 47.28732166666667 -27.890143333333334 4.999645
vertex 45.20780333333334 -23.999650000000003 4.999645
endloop
endfacet
facet normal 0 0 1
outer loop
vertex 26.50003666666667 -24.930525000000003 4.999645
vertex 45.20780333333334 -23.999650000000003 4.999645
vertex 42.40953666666667 -20.589826666666667 4.999645
endloop
endfacet
facet normal 0 0 1
outer loop
vertex 26.50003666666667 -24.930525000000003 4.999645
vertex 42.40953666666667 -20.589826666666667 4.999645
vertex 39.000841666666666 -17.79156 4.999645
endloop
endfacet
facet normal 0 0 1
outer loop
vertex 26.50003666666667 -24.930525000000003 4.999645
vertex 39.000841666666666 -17.79156 4.999645
vertex 37.51144166666667 -16.996085 4.999645
endloop
endfacet
facet normal 0 0 1
outer loop
vertex 26.50003666666667 -24.930525000000003 4.999645
vertex 37.51144166666667 -16.996085 4.999645
vertex 29.000423333333334 -16.996085 4.999645
endloop
endfacet
facet normal 0 0 1
outer loop
vertex 26.50003666666667 -36.500455 4.999645
vertex 6.995666666666667 -34.00006833333334 4.999645
vertex 6.74969 -36.500455 4.999645
endloop
endfacet
facet normal 0 0 1
outer loop
vertex 26.50003666666667 -36.500455 4.999645
vertex 6.74969 -36.500455 4.999645
vertex 6.995666666666667 -38.99971333333333 4.999645
endloop
endfacet
facet normal 0 0 0.9999999999999999
outer loop
vertex 26.50003666666667 -36.500455 4.999645
vertex 6.995666666666667 -38.99971333333333 4.999645
vertex 46.003278333333334 -38.99971333333333 4.999645
endloop
endfacet
facet normal 0 0 1
outer loop
vertex 26.50003666666667 -36.500455 4.999645
vertex 46.003278333333334 -38.99971333333333 4.999645
vertex 46.25038333333334 -36.500455 4.999645
endloop
endfacet
facet normal 0 0 1
outer loop
vertex 26.50003666666667 -36.500455 4.999645
vertex 46.25038333333334 -36.500455 4.999645
vertex 46.003278333333334 -34.00006833333334 4.999645
endloop
endfacet
facet normal 0 0 1
outer loop
vertex 26.50003666666667 -36.500455 4.999645
vertex 46.003278333333334 -34.00006833333334 4.999645
vertex 6.995666666666667 -34.00006833333334 4.999645
endloop
endfacet
facet normal 0 0 1
outer loop
vertex 26.50003666666667 -48.06925666666667 4.999645
vertex 46.003278333333334 -38.99971333333333 4.999645
vertex 6.995666666666667 -38.99971333333333 4.999645
endloop
endfacet
facet normal 0 0 1
outer loop
vertex 26.50003666666667 -48.06925666666667 4.999645
vertex 6.995666666666667 -38.99971333333333 4.999645
vertex 4.245918333333334 -38.99971333333333 4.999645
endloop
endfacet
facet normal 0 0 1
outer loop
vertex 26.50003666666667 -48.06925666666667 4.999645
vertex 4.245918333333334 -38.99971333333333 4.999645
vertex 4.432093333333333 -40.88967166666667 4.999645
endloop
endfacet
facet normal 0 0 1
outer loop
vertex 26.50003666666667 -48.06925666666667 4.999645
vertex 4.432093333333333 -40.88967166666667 4.999645
vertex 5.712751666666667 -45.11076666666667 4.999645
endloop
endfacet
facet normal 0 0 1
outer loop
vertex 26.50003666666667 -48.06925666666667 4.999645
vertex 5.712751666666667 -45.11076666666667 4.999645
vertex 7.79227 -49.00013166666667 4.999645
endloop
endfacet
facet normal 0 0 1
outer loop
vertex 26.50003666666667 -48.06925666666667 4.999645
vertex 7.79227 -49.00013166666667 4.999645
vertex 10.590536666666667 -52.409955000000004 4.999645
endloop
endfacet
facet normal 0 0 0.9999999999999999
outer loop
vertex 26.50003666666667 -48.06925666666667 4.999645
vertex 10.590536666666667 -52.409955000000004 4.999645
vertex 13.999231666666667 -55.20822166666667 4.999645
endloop
endfacet
facet normal 0 0 1
outer loop
vertex 26.50003666666667 -48.06925666666667 4.999645
vertex 13.999231666666667 -55.20822166666667 4.999645
vertex 15.488631666666668 -56.00369666666667 4.999645
endloop
endfacet
facet normal 0 0 1
outer loop
vertex 26.50003666666667 -48.06925666666667 4.999645
vertex 15.488631666666668 -56.00369666666667 4.999645
vertex 23.999650000000003 -56.00369666666667 4.999645
endloop
endfacet
facet normal 0 0 0.9999999999999999
outer loop
vertex 26.50003666666667 -48.06925666666667 4.999645
vertex 23.999650000000003 -56.00369666666667 4.999645
vertex 29.000423333333334 -56.00369666666667 4.999645
endloop
endfacet
facet normal 0 0 1
outer loop
vertex 26.50003666666667 -48.06925666666667 4.999645
vertex 29.000423333333334 -56.00369666666667 4.999645
vertex 37.51144166666667 -56.00369666666667 4.999645
endloop
endfacet
facet normal 0 0 0.9999999999999999
outer loop
vertex 26.50003666666667 -48.06925666666667 4.999645
vertex 37.51144166666667 -56.00369666666667 4.999645
vertex 39.000841666666666 -55.20822166666667 4.999645
endloop
endfacet
facet normal 0 0 0.9999999999999999
outer loop
vertex 26.50003666666667 -48.06925666666667 4.999645
vertex 39.000841666666666 -55.20822166666667 4.999645
vertex 42.40953666666667 -52.409955000000004 4.999645
endloop
endfacet
facet normal 0 0 1
outer loop
vertex 26.50003666666667 -48.06925666666667 4.999645
vertex 42.40953666666667 -52.409955000000004 4.999645
vertex 45.20780333333334 -49.00013166666667 4.999645
endloop
endfacet
facet normal 0 0 1
outer loop
vertex 26.50003666666667 -48.06925666666667 4.999645
vertex 45.20780333333334 -49.00013166666667 4.999645
vertex 47.28732166666667 -45.11076666666667 4.999645
endloop
endfacet
facet normal 0 0 1
outer loop
vertex 26.50003666666667 -48.06925666666667 4.999645
vertex 47.28732166666667 -45.11076666666667 4.999645
vertex 48.567980000000006 -40.88967166666667 4.999645
endloop
endfacet
facet normal 0 0 1
outer loop
vertex 26.50003666666667 -48.06925666666667 4.999645
vertex 48.567980000000006 -40.88967166666667 4.999645
vertex 48.754155000000004 -38.99971333333333 4.999645
endloop
endfacet
facet normal 0 0 1
outer loop
vertex 26.50003666666667 -48.06925666666667 4.999645
vertex 48.754155000000004 -38.99971333333333 4.999645
vertex 46.003278333333334 -38.99971333333333 4.999645
endloop
endfacet
facet normal 0 0 1
outer loop
vertex 23.999650000000003 -56.00369666666667 4.999645
vertex 26.50003666666667 -56.249673333333334 4.999645
vertex 29.000423333333334 -56.00369666666667 4.999645
endloop
endfacet
facet normal 0 0 1
outer loop
vertex 32.30192666666667 -57.322718333333334 4.999645
vertex 29.000423333333334 -56.00369666666667 4.999645
vertex 29.000423333333334 -58.753445000000006 4.999645
endloop
endfacet
facet normal 0 0 0.9999999999999999
outer loop
vertex 32.30192666666667 -57.322718333333334 4.999645
vertex 29.000423333333334 -58.753445000000006 4.999645
vertex 30.889253333333336 -58.56727 4.999645
endloop
endfacet
facet normal 0 0 1
outer loop
vertex 32.30192666666667 -57.322718333333334 4.999645
vertex 30.889253333333336 -58.56727 4.999645
vertex 35.110348333333334 -57.28774000000001 4.999645
endloop
endfacet
facet normal 0 0 1
outer loop
vertex 32.30192666666667 -57.322718333333334 4.999645
vertex 35.110348333333334 -57.28774000000001 4.999645
vertex 37.51144166666667 -56.00369666666667 4.999645
endloop
endfacet
facet normal 0 0 0.9999999999999999
outer loop
vertex 32.30192666666667 -57.322718333333334 4.999645
vertex 37.51144166666667 -56.00369666666667 4.999645
vertex 29.000423333333334 -56.00369666666667 4.999645
endloop
endfacet
facet normal 0 0 1
outer loop
vertex 20.698146666666666 -57.322718333333334 4.999645
vertex 15.488631666666668 -56.00369666666667 4.999645
vertex 17.889725000000002 -57.28774000000001 4.999645
endloop
endfacet
facet normal 0 0 0.9999999999999999
outer loop
vertex 20.698146666666666 -57.322718333333334 4.999645
vertex 17.889725000000002 -57.28774000000001 4.999645
vertex 22.11082 -58.56727 4.999645
endloop
endfacet
facet normal 0 0 1
outer loop
vertex 20.698146666666666 -57.322718333333334 4.999645
vertex 22.11082 -58.56727 4.999645
vertex 23.999650000000003 -58.753445000000006 4.999645
endloop
endfacet
facet normal 0 0 1
outer loop
vertex 20.698146666666666 -57.322718333333334 4.999645
vertex 23.999650000000003 -58.753445000000006 4.999645
vertex 23.999650000000003 -56.00369666666667 4.999645
endloop
endfacet
facet normal 0 0 0.9999999999999999
outer loop
vertex 20.698146666666666 -57.322718333333334 4.999645
vertex 23.999650000000003 -56.00369666666667 4.999645
vertex 15.488631666666668 -56.00369666666667 4.999645
endloop
endfacet
facet normal -0.8819206685236354 0.4713978515339502 0
outer loop
vertex 47.28732166666667 27.890143333333334 10.000418333333334
vertex 47.28732166666667 27.890143333333334 4.999645
vertex 45.20780333333334 23.999650000000003 4.999645
endloop
endfacet
facet normal -0.8819206685236354 0.4713978515339502 0
outer loop
vertex 47.28732166666667 27.890143333333334 10.000418333333334
vertex 45.20780333333334 23.999650000000003 4.999645
vertex 45.20780333333334 23.999650000000003 10.000418333333334
endloop
endfacet
facet normal -0.7728757001619596 0.6345574458622015 0
outer loop
vertex 44.00387166666667 22.531688333333335 15.000063333333335
vertex 44.00387166666667 22.531688333333335 10.000418333333334
vertex 42.40953666666667 20.589826666666667 10.000418333333334
endloop
endfacet
facet normal -0.7728757001619596 0.6345574458622015 0
outer loop
vertex 44.00387166666667 22.531688333333335 15.000063333333335
vertex 42.40953666666667 20.589826666666667 10.000418333333334
vertex 42.40953666666667 20.589826666666667 15.000063333333335
endloop
endfacet
facet normal -0.7730219067850589 0.63437932787126 0
outer loop
vertex 45.20780333333334 23.999650000000003 10.000418333333334
vertex 45.20780333333334 23.999650000000003 4.999645
vertex 42.40953666666667 20.589826666666667 4.999645
endloop
endfacet
facet normal -0.7730219067850589 0.63437932787126 0
outer loop
vertex 45.20780333333334 23.999650000000003 10.000418333333334
vertex 42.40953666666667 20.589826666666667 4.999645
vertex 42.40953666666667 20.589826666666667 10.000418333333334
endloop
endfacet
facet normal -0.6342890760051908 0.7730959630346556 0
outer loop
vertex 42.40953666666667 20.589826666666667 15.000063333333335
vertex 42.40953666666667 20.589826666666667 10.000418333333334
vertex 40.467675 18.99662 10.000418333333334
endloop
endfacet
facet normal -0.6342890760051908 0.7730959630346556 0
outer loop
vertex 42.40953666666667 20.589826666666667 15.000063333333335
vertex 40.467675 18.99662 10.000418333333334
vertex 40.467675 18.99662 15.000063333333335
endloop
endfacet
facet normal -0.6345047849355597 0.7729189335848093 0
outer loop
vertex 42.40953666666667 20.589826666666667 10.000418333333334
vertex 42.40953666666667 20.589826666666667 4.999645
vertex 39.000841666666666 17.79156 4.999645
endloop
endfacet
facet normal -0.6345047849355597 0.7729189335848093 0
outer loop
vertex 42.40953666666667 20.589826666666667 10.000418333333334
vertex 39.000841666666666 17.79156 4.999645
vertex 39.000841666666666 17.79156 10.000418333333334
endloop
endfacet
facet normal -0.4711988759234619 0.8820269946710623 0
outer loop
vertex 39.000841666666666 17.79156 10.000418333333334
vertex 39.000841666666666 17.79156 4.999645
vertex 35.110348333333334 15.713170000000002 4.999645
endloop
endfacet
facet normal -0.4711988759234619 0.8820269946710623 0
outer loop
vertex 39.000841666666666 17.79156 10.000418333333334
vertex 35.110348333333334 15.713170000000002 4.999645
vertex 35.110348333333334 15.713170000000002 10.000418333333334
endloop
endfacet
facet normal -0.2903268534371112 0.9569275407120992 0
outer loop
vertex 35.110348333333334 15.713170000000002 10.000418333333334
vertex 35.110348333333334 15.713170000000002 4.999645
vertex 30.889253333333336 14.432511666666668 4.999645
endloop
endfacet
facet normal -0.2903268534371112 0.9569275407120992 0
outer loop
vertex 35.110348333333334 15.713170000000002 10.000418333333334
vertex 30.889253333333336 14.432511666666668 4.999645
vertex 30.889253333333336 14.432511666666668 10.000418333333334
endloop
endfacet
facet normal 0.2903268534371112 0.9569275407120992 0
outer loop
vertex 22.11082 14.432511666666668 10.000418333333334
vertex 22.11082 14.432511666666668 4.999645
vertex 17.889725000000002 15.713170000000002 4.999645
endloop
endfacet
facet normal 0.2903268534371112 0.9569275407120992 0
outer loop
vertex 22.11082 14.432511666666668 10.000418333333334
vertex 17.889725000000002 15.713170000000002 4.999645
vertex 17.889725000000002 15.713170000000002 10.000418333333334
endloop
endfacet
facet normal 0.4711988759234615 0.8820269946710625 0
outer loop
vertex 17.889725000000002 15.713170000000002 10.000418333333334
vertex 17.889725000000002 15.713170000000002 4.999645
vertex 13.999231666666667 17.79156 4.999645
endloop
endfacet
facet normal 0.4711988759234615 0.8820269946710625 0
outer loop
vertex 17.889725000000002 15.713170000000002 10.000418333333334
vertex 13.999231666666667 17.79156 4.999645
vertex 13.999231666666667 17.79156 10.000418333333334
endloop
endfacet
facet normal 0.6342890760051908 0.7730959630346556 0
outer loop
vertex 12.532398333333335 18.99662 15.000063333333335
vertex 12.532398333333335 18.99662 10.000418333333334
vertex 10.590536666666667 20.589826666666667 10.000418333333334
endloop
endfacet
facet normal 0.6342890760051908 0.7730959630346556 0
outer loop
vertex 12.532398333333335 18.99662 15.000063333333335
vertex 10.590536666666667 20.589826666666667 10.000418333333334
vertex 10.590536666666667 20.589826666666667 15.000063333333335
endloop
endfacet
facet normal 0.6345047849355601 0.7729189335848092 0
outer loop
vertex 13.999231666666667 17.79156 10.000418333333334
vertex 13.999231666666667 17.79156 4.999645
vertex 10.590536666666667 20.589826666666667 4.999645
endloop
endfacet
facet normal 0.6345047849355601 0.7729189335848092 0
outer loop
vertex 13.999231666666667 17.79156 10.000418333333334
vertex 10.590536666666667 20.589826666666667 4.999645
vertex 10.590536666666667 20.589826666666667 10.000418333333334
endloop
endfacet
facet normal 0.7728757001619599 0.6345574458622011 0
outer loop
vertex 10.590536666666667 20.589826666666667 15.000063333333335
vertex 10.590536666666667 20.589826666666667 10.000418333333334
vertex 8.996201666666668 22.531688333333335 10.000418333333334
endloop
endfacet
facet normal 0.7728757001619599 0.6345574458622011 0
outer loop
vertex 10.590536666666667 20.589826666666667 15.000063333333335
vertex 8.996201666666668 22.531688333333335 10.000418333333334
vertex 8.996201666666668 22.531688333333335 15.000063333333335
endloop
endfacet
facet normal 0.7730219067850594 0.6343793278712595 0
outer loop
vertex 10.590536666666667 20.589826666666667 10.000418333333334
vertex 10.590536666666667 20.589826666666667 4.999645
vertex 7.79227 23.999650000000003 4.999645
endloop
endfacet
facet normal 0.7730219067850594 0.6343793278712595 0
outer loop
vertex 10.590536666666667 20.589826666666667 10.000418333333334
vertex 7.79227 23.999650000000003 4.999645
vertex 7.79227 23.999650000000003 10.000418333333334
endloop
endfacet
facet normal 0.8819206685236354 0.47139785153395036 0
outer loop
vertex 7.79227 23.999650000000003 10.000418333333334
vertex 7.79227 23.999650000000003 4.999645
vertex 5.712751666666667 27.890143333333334 4.999645
endloop
endfacet
facet normal 0.8819206685236354 0.47139785153395036 0
outer loop
vertex 7.79227 23.999650000000003 10.000418333333334
vertex 5.712751666666667 27.890143333333334 4.999645
vertex 5.712751666666667 27.890143333333334 10.000418333333334
endloop
endfacet
facet normal 0.956905971949037 0.2903979353374753 0
outer loop
vertex 5.712751666666667 27.890143333333334 10.000418333333334
vertex 5.712751666666667 27.890143333333334 4.999645
vertex 4.432093333333333 32.11011 4.999645
endloop
endfacet
facet normal 0.956905971949037 0.2903979353374753 0
outer loop
vertex 5.712751666666667 27.890143333333334 10.000418333333334
vertex 4.432093333333333 32.11011 4.999645
vertex 4.432093333333333 32.11011 10.000418333333334
endloop
endfacet
facet normal 0.9569275407120992 -0.2903268534371112 0
outer loop
vertex 4.432093333333333 40.88967166666667 10.000418333333334
vertex 4.432093333333333 40.88967166666667 4.999645
vertex 5.712751666666667 45.11076666666667 4.999645
endloop
endfacet
facet normal 0.9569275407120992 -0.2903268534371112 0
outer loop
vertex 4.432093333333333 40.88967166666667 10.000418333333334
vertex 5.712751666666667 45.11076666666667 4.999645
vertex 5.712751666666667 45.11076666666667 10.000418333333334
endloop
endfacet
facet normal 0.881863811460031 -0.47150420786795416 0
outer loop
vertex 5.712751666666667 45.11076666666667 10.000418333333334
vertex 5.712751666666667 45.11076666666667 4.999645
vertex 7.79227 49.00013166666667 4.999645
endloop
endfacet
facet normal 0.881863811460031 -0.47150420786795416 0
outer loop
vertex 5.712751666666667 45.11076666666667 10.000418333333334
vertex 7.79227 49.00013166666667 4.999645
vertex 7.79227 49.00013166666667 10.000418333333334
endloop
endfacet
facet normal 0.7728757001619599 -0.6345574458622011 0
outer loop
vertex 8.996201666666668 50.468093333333336 15.000063333333335
vertex 8.996201666666668 50.468093333333336 10.000418333333334
vertex 10.590536666666667 52.409955000000004 10.000418333333334
endloop
endfacet
facet normal 0.7728757001619599 -0.6345574458622011 0
outer loop
vertex 8.996201666666668 50.468093333333336 15.000063333333335
vertex 10.590536666666667 52.409955000000004 10.000418333333334
vertex 10.590536666666667 52.409955000000004 15.000063333333335
endloop
endfacet
facet normal 0.7730219067850594 -0.6343793278712595 0
outer loop
vertex 7.79227 49.00013166666667 10.000418333333334
vertex 7.79227 49.00013166666667 4.999645
vertex 10.590536666666667 52.409955000000004 4.999645
endloop
endfacet
facet normal 0.7730219067850594 -0.6343793278712595 0
outer loop
vertex 7.79227 49.00013166666667 10.000418333333334
vertex 10.590536666666667 52.409955000000004 4.999645
vertex 10.590536666666667 52.409955000000004 10.000418333333334
endloop
endfacet
facet normal 0.6342890760051908 -0.7730959630346556 0
outer loop
vertex 10.590536666666667 52.409955000000004 15.000063333333335
vertex 10.590536666666667 52.409955000000004 10.000418333333334
vertex 12.532398333333335 54.00316166666667 10.000418333333334
endloop
endfacet
facet normal 0.6342890760051908 -0.7730959630346556 0
outer loop
vertex 10.590536666666667 52.409955000000004 15.000063333333335
vertex 12.532398333333335 54.00316166666667 10.000418333333334
vertex 12.532398333333335 54.00316166666667 15.000063333333335
endloop
endfacet
facet normal 0.6345047849355595 -0.7729189335848096 0
outer loop
vertex 10.590536666666667 52.409955000000004 10.000418333333334
vertex 10.590536666666667 52.409955000000004 4.999645
vertex 13.999231666666667 55.20822166666667 4.999645
endloop
endfacet
facet normal 0.6345047849355595 -0.7729189335848096 0
outer loop
vertex 10.590536666666667 52.409955000000004 10.000418333333334
vertex 13.999231666666667 55.20822166666667 4.999645
vertex 13.999231666666667 55.20822166666667 10.000418333333334
endloop
endfacet
facet normal 0.4713978515339511 -0.8819206685236348 0
outer loop
vertex 13.999231666666667 55.20822166666667 10.000418333333334
vertex 13.999231666666667 55.20822166666667 4.999645
vertex 17.889725000000002 57.28774000000001 4.999645
endloop
endfacet
facet normal 0.4713978515339511 -0.8819206685236348 0
outer loop
vertex 13.999231666666667 55.20822166666667 10.000418333333334
vertex 17.889725000000002 57.28774000000001 4.999645
vertex 17.889725000000002 57.28774000000001 10.000418333333334
endloop
endfacet
facet normal 0.290092593608447 -0.9569985826183466 0
outer loop
vertex 17.889725000000002 57.28774000000001 10.000418333333334
vertex 17.889725000000002 57.28774000000001 4.999645
vertex 22.11082 58.56727 4.999645
endloop
endfacet
facet normal 0.290092593608447 -0.9569985826183466 0
outer loop
vertex 17.889725000000002 57.28774000000001 10.000418333333334
vertex 22.11082 58.56727 4.999645
vertex 22.11082 58.56727 10.000418333333334
endloop
endfacet
facet normal -0.290092593608447 -0.9569985826183466 0
outer loop
vertex 30.889253333333336 58.56727 10.000418333333334
vertex 30.889253333333336 58.56727 4.999645
vertex 35.110348333333334 57.28774000000001 4.999645
endloop
endfacet
facet normal -0.290092593608447 -0.9569985826183466 0
outer loop
vertex 30.889253333333336 58.56727 10.000418333333334
vertex 35.110348333333334 57.28774000000001 4.999645
vertex 35.110348333333334 57.28774000000001 10.000418333333334
endloop
endfacet
facet normal -0.47139785153395136 -0.8819206685236346 0
outer loop
vertex 35.110348333333334 57.28774000000001 10.000418333333334
vertex 35.110348333333334 57.28774000000001 4.999645
vertex 39.000841666666666 55.20822166666667 4.999645
endloop
endfacet
facet normal -0.47139785153395136 -0.8819206685236346 0
outer loop
vertex 35.110348333333334 57.28774000000001 10.000418333333334
vertex 39.000841666666666 55.20822166666667 4.999645
vertex 39.000841666666666 55.20822166666667 10.000418333333334
endloop
endfacet
facet normal -0.6342890760051908 -0.7730959630346556 0
outer loop
vertex 40.467675 54.00316166666667 15.000063333333335
vertex 40.467675 54.00316166666667 10.000418333333334
vertex 42.40953666666667 52.409955000000004 10.000418333333334
endloop
endfacet
facet normal -0.6342890760051908 -0.7730959630346556 0
outer loop
vertex 40.467675 54.00316166666667 15.000063333333335
vertex 42.40953666666667 52.409955000000004 10.000418333333334
vertex 42.40953666666667 52.409955000000004 15.000063333333335
endloop
endfacet
facet normal -0.6345047849355594 -0.7729189335848098 0
outer loop
vertex 39.000841666666666 55.20822166666667 10.000418333333334
vertex 39.000841666666666 55.20822166666667 4.999645
vertex 42.40953666666667 52.409955000000004 4.999645
endloop
endfacet
facet normal -0.6345047849355594 -0.7729189335848098 0
outer loop
vertex 39.000841666666666 55.20822166666667 10.000418333333334
vertex 42.40953666666667 52.409955000000004 4.999645
vertex 42.40953666666667 52.409955000000004 10.000418333333334
endloop
endfacet
facet normal -0.7728757001619596 -0.6345574458622015 0
outer loop
vertex 42.40953666666667 52.409955000000004 15.000063333333335
vertex 42.40953666666667 52.409955000000004 10.000418333333334
vertex 44.00387166666667 50.468093333333336 10.000418333333334
endloop
endfacet
facet normal -0.7728757001619596 -0.6345574458622015 0
outer loop
vertex 42.40953666666667 52.409955000000004 15.000063333333335
vertex 44.00387166666667 50.468093333333336 10.000418333333334
vertex 44.00387166666667 50.468093333333336 15.000063333333335
endloop
endfacet
facet normal -0.7730219067850589 -0.63437932787126 0
outer loop
vertex 42.40953666666667 52.409955000000004 10.000418333333334
vertex 42.40953666666667 52.409955000000004 4.999645
vertex 45.20780333333334 49.00013166666667 4.999645
endloop
endfacet
facet normal -0.7730219067850589 -0.63437932787126 0
outer loop
vertex 42.40953666666667 52.409955000000004 10.000418333333334
vertex 45.20780333333334 49.00013166666667 4.999645
vertex 45.20780333333334 49.00013166666667 10.000418333333334
endloop
endfacet
facet normal -0.881863811460031 -0.471504207867954 0
outer loop
vertex 45.20780333333334 49.00013166666667 10.000418333333334
vertex 45.20780333333334 49.00013166666667 4.999645
vertex 47.28732166666667 45.11076666666667 4.999645
endloop
endfacet
facet normal -0.881863811460031 -0.471504207867954 0
outer loop
vertex 45.20780333333334 49.00013166666667 10.000418333333334
vertex 47.28732166666667 45.11076666666667 4.999645
vertex 47.28732166666667 45.11076666666667 10.000418333333334
endloop
endfacet
facet normal -0.9569275407120991 -0.29032685343711157 0
outer loop
vertex 47.28732166666667 45.11076666666667 10.000418333333334
vertex 47.28732166666667 45.11076666666667 4.999645
vertex 48.567980000000006 40.88967166666667 4.999645
endloop
endfacet
facet normal -0.9569275407120991 -0.29032685343711157 0
outer loop
vertex 47.28732166666667 45.11076666666667 10.000418333333334
vertex 48.567980000000006 40.88967166666667 4.999645
vertex 48.567980000000006 40.88967166666667 10.000418333333334
endloop
endfacet
facet normal 0 1 0
outer loop
vertex 6.995666666666667 38.99971333333333 10.000418333333334
vertex 6.995666666666667 38.99971333333333 4.999645
vertex 4.245918333333334 38.99971333333333 4.999645
endloop
endfacet
facet normal 0 1 0
outer loop
vertex 6.995666666666667 38.99971333333333 10.000418333333334
vertex 4.245918333333334 38.99971333333333 4.999645
vertex 4.245918333333334 38.99971333333333 10.000418333333334
endloop
endfacet
facet normal 0 0.9999999999999999 0
outer loop
vertex 48.754155000000004 38.99971333333333 10.000418333333334
vertex 48.754155000000004 38.99971333333333 4.999645
vertex 46.003278333333334 38.99971333333333 4.999645
endloop
endfacet
facet normal 0 0.9999999999999999 0
outer loop
vertex 48.754155000000004 38.99971333333333 10.000418333333334
vertex 46.003278333333334 38.99971333333333 4.999645
vertex 46.003278333333334 38.99971333333333 10.000418333333334
endloop
endfacet
facet normal 0 -0.9999999999999999 0
outer loop
vertex 46.003278333333334 34.00006833333334 10.000418333333334
vertex 46.003278333333334 34.00006833333334 4.999645
vertex 48.754155000000004 34.00006833333334 4.999645
endloop
endfacet
facet normal 0 -0.9999999999999999 0
outer loop
vertex 46.003278333333334 34.00006833333334 10.000418333333334
vertex 48.754155000000004 34.00006833333334 4.999645
vertex 48.754155000000004 34.00006833333334 10.000418333333334
endloop
endfacet
facet normal 0 -1 0
outer loop
vertex 4.245918333333334 34.00006833333334 10.000418333333334
vertex 4.245918333333334 34.00006833333334 4.999645
vertex 6.995666666666667 34.00006833333334 4.999645
endloop
endfacet
facet normal 0 -1 0
outer loop
vertex 4.245918333333334 34.00006833333334 10.000418333333334
vertex 6.995666666666667 34.00006833333334 4.999645
vertex 6.995666666666667 34.00006833333334 10.000418333333334
endloop
endfacet
facet normal -0.9999999999999999 0 0
outer loop
vertex 23.999650000000003 -56.00369666666667 10.000418333333334
vertex 23.999650000000003 -56.00369666666667 4.999645
vertex 23.999650000000003 -58.753445000000006 4.999645
endloop
endfacet
facet normal -0.9999999999999999 0 0
outer loop
vertex 23.999650000000003 -56.00369666666667 10.000418333333334
vertex 23.999650000000003 -58.753445000000006 4.999645
vertex 23.999650000000003 -58.753445000000006 10.000418333333334
endloop
endfacet
facet normal -1 0 0
outer loop
vertex 23.999650000000003 -14.246336666666668 10.000418333333334
vertex 23.999650000000003 -14.246336666666668 4.999645
vertex 23.999650000000003 -16.996085 4.999645
endloop
endfacet
facet normal -1 0 0
outer loop
vertex 23.999650000000003 -14.246336666666668 10.000418333333334
vertex 23.999650000000003 -16.996085 4.999645
vertex 23.999650000000003 -16.996085 10.000418333333334
endloop
endfacet
facet normal -1 0 0
outer loop
vertex 23.999650000000003 16.996085 10.000418333333334
vertex 23.999650000000003 16.996085 4.999645
vertex 23.999650000000003 14.246336666666668 4.999645
endloop
endfacet
facet normal -1 0 0
outer loop
vertex 23.999650000000003 16.996085 10.000418333333334
vertex 23.999650000000003 14.246336666666668 4.999645
vertex 23.999650000000003 14.246336666666668 10.000418333333334
endloop
endfacet
facet normal -0.9999999999999999 0 0
outer loop
vertex 23.999650000000003 58.753445000000006 10.000418333333334
vertex 23.999650000000003 58.753445000000006 4.999645
vertex 23.999650000000003 56.00369666666667 4.999645
endloop
endfacet
facet normal -0.9999999999999999 0 0
outer loop
vertex 23.999650000000003 58.753445000000006 10.000418333333334
vertex 23.999650000000003 56.00369666666667 4.999645
vertex 23.999650000000003 56.00369666666667 10.000418333333334
endloop
endfacet
facet normal 0.9999999999999999 0 0
outer loop
vertex 29.000423333333334 56.00369666666667 10.000418333333334
vertex 29.000423333333334 56.00369666666667 4.999645
vertex 29.000423333333334 58.753445000000006 4.999645
endloop
endfacet
facet normal 0.9999999999999999 0 0
outer loop
vertex 29.000423333333334 56.00369666666667 10.000418333333334
vertex 29.000423333333334 58.753445000000006 4.999645
vertex 29.000423333333334 58.753445000000006 10.000418333333334
endloop
endfacet
facet normal 1 0 0
outer loop
vertex 29.000423333333334 14.246336666666668 10.000418333333334
vertex 29.000423333333334 14.246336666666668 4.999645
vertex 29.000423333333334 16.996085 4.999645
endloop
endfacet
facet normal 1 0 0
outer loop
vertex 29.000423333333334 14.246336666666668 10.000418333333334
vertex 29.000423333333334 16.996085 4.999645
vertex 29.000423333333334 16.996085 10.000418333333334
endloop
endfacet
facet normal 1 0 0
outer loop
vertex 29.000423333333334 -16.996085 10.000418333333334
vertex 29.000423333333334 -16.996085 4.999645
vertex 29.000423333333334 -14.246336666666668 4.999645
endloop
endfacet
facet normal 1 0 0
outer loop
vertex 29.000423333333334 -16.996085 10.000418333333334
vertex 29.000423333333334 -14.246336666666668 4.999645
vertex 29.000423333333334 -14.246336666666668 10.000418333333334
endloop
endfacet
facet normal 0.9999999999999999 0 0
outer loop
vertex 29.000423333333334 -58.753445000000006 10.000418333333334
vertex 29.000423333333334 -58.753445000000006 4.999645
vertex 29.000423333333334 -56.00369666666667 4.999645
endloop
endfacet
facet normal 0.9999999999999999 0 0
outer loop
vertex 29.000423333333334 -58.753445000000006 10.000418333333334
vertex 29.000423333333334 -56.00369666666667 4.999645
vertex 29.000423333333334 -56.00369666666667 10.000418333333334
endloop
endfacet
facet normal -0.9951831675820645 0.0980329687468889 0
outer loop
vertex 48.754155000000004 34.00006833333334 4.999645
vertex 48.567980000000006 32.11011 4.999645
vertex 48.567980000000006 32.11011 10.000418333333334
endloop
endfacet
facet normal -0.9951831675820645 0.0980329687468889 0
outer loop
vertex 48.754155000000004 34.00006833333334 4.999645
vertex 48.567980000000006 32.11011 10.000418333333334
vertex 48.754155000000004 34.00006833333334 10.000418333333334
endloop
endfacet
facet normal -0.09809096754633632 0.995177452561011 0
outer loop
vertex 30.889253333333336 14.432511666666668 10.000418333333334
vertex 30.889253333333336 14.432511666666668 4.999645
vertex 29.000423333333334 14.246336666666668 4.999645
endloop
endfacet
facet normal -0.09809096754633632 0.995177452561011 0
outer loop
vertex 30.889253333333336 14.432511666666668 10.000418333333334
vertex 29.000423333333334 14.246336666666668 4.999645
vertex 29.000423333333334 14.246336666666668 10.000418333333334
endloop
endfacet
facet normal 0.09809096754633632 0.995177452561011 0
outer loop
vertex 23.999650000000003 14.246336666666668 4.999645
vertex 22.11082 14.432511666666668 4.999645
vertex 22.11082 14.432511666666668 10.000418333333334
endloop
endfacet
facet normal 0.09809096754633632 0.995177452561011 0
outer loop
vertex 23.999650000000003 14.246336666666668 4.999645
vertex 22.11082 14.432511666666668 10.000418333333334
vertex 23.999650000000003 14.246336666666668 10.000418333333334
endloop
endfacet
facet normal 0.9951831675820645 0.09803296874688935 0
outer loop
vertex 4.432093333333333 32.11011 10.000418333333334
vertex 4.432093333333333 32.11011 4.999645
vertex 4.245918333333334 34.00006833333334 4.999645
endloop
endfacet
facet normal 0.9951831675820645 0.09803296874688935 0
outer loop
vertex 4.432093333333333 32.11011 10.000418333333334
vertex 4.245918333333334 34.00006833333334 4.999645
vertex 4.245918333333334 34.00006833333334 10.000418333333334
endloop
endfacet
facet normal 0.9951831675820645 -0.09803296874688935 0
outer loop
vertex 4.245918333333334 38.99971333333333 4.999645
vertex 4.432093333333333 40.88967166666667 4.999645
vertex 4.432093333333333 40.88967166666667 10.000418333333334
endloop
endfacet
facet normal 0.9951831675820645 -0.09803296874688935 0
outer loop
vertex 4.245918333333334 38.99971333333333 4.999645
vertex 4.432093333333333 40.88967166666667 10.000418333333334
vertex 4.245918333333334 38.99971333333333 10.000418333333334
endloop
endfacet
facet normal 0.09809096754633911 -0.9951774525610109 0
outer loop
vertex 22.11082 58.56727 10.000418333333334
vertex 22.11082 58.56727 4.999645
vertex 23.999650000000003 58.753445000000006 4.999645
endloop
endfacet
facet normal 0.09809096754633911 -0.9951774525610109 0
outer loop
vertex 22.11082 58.56727 10.000418333333334
vertex 23.999650000000003 58.753445000000006 4.999645
vertex 23.999650000000003 58.753445000000006 10.000418333333334
endloop
endfacet
facet normal -0.09809096754633911 -0.9951774525610109 0
outer loop
vertex 29.000423333333334 58.753445000000006 4.999645
vertex 30.889253333333336 58.56727 4.999645
vertex 30.889253333333336 58.56727 10.000418333333334
endloop
endfacet
facet normal -0.09809096754633911 -0.9951774525610109 0
outer loop
vertex 29.000423333333334 58.753445000000006 4.999645
vertex 30.889253333333336 58.56727 10.000418333333334
vertex 29.000423333333334 58.753445000000006 10.000418333333334
endloop
endfacet
facet normal -0.9951831675820645 -0.0980329687468889 0
outer loop
vertex 48.567980000000006 40.88967166666667 10.000418333333334
vertex 48.567980000000006 40.88967166666667 4.999645
vertex 48.754155000000004 38.99971333333333 4.999645
endloop
endfacet
facet normal -0.9951831675820645 -0.0980329687468889 0
outer loop
vertex 48.567980000000006 40.88967166666667 10.000418333333334
vertex 48.754155000000004 38.99971333333333 4.999645
vertex 48.754155000000004 38.99971333333333 10.000418333333334
endloop
endfacet
facet normal -0.7071067811865469 -0.7071067811865482 0
outer loop
vertex 42.058625 24.476935 15.000063333333335
vertex 42.058625 24.476935 10.000418333333334
vertex 44.00387166666667 22.531688333333335 10.000418333333334
endloop
endfacet
facet normal -0.7071067811865469 -0.7071067811865482 0
outer loop
vertex 42.058625 24.476935 15.000063333333335
vertex 44.00387166666667 22.531688333333335 10.000418333333334
vertex 44.00387166666667 22.531688333333335 15.000063333333335
endloop
endfacet
facet normal -0.7071067811865469 -0.7071067811865481 4.680882946134908e-16
outer loop
vertex 13.541128333333335 52.99443166666667 12.500805000000001
vertex 13.61447 52.92109000000001 15.000063333333335
vertex 12.532398333333335 54.00316166666667 15.000063333333335
endloop
endfacet
facet normal -0.7071067811865476 -0.7071067811865476 0
outer loop
vertex 13.541128333333335 52.99443166666667 12.500805000000001
vertex 12.532398333333335 54.00316166666667 15.000063333333335
vertex 12.532398333333335 54.00316166666667 10.000418333333334
endloop
endfacet
facet normal -0.7071067811865469 -0.7071067811865481 -4.67877063433611e-16
outer loop
vertex 13.541128333333335 52.99443166666667 12.500805000000001
vertex 12.532398333333335 54.00316166666667 10.000418333333334
vertex 13.61447 52.92109000000001 10.000418333333334
endloop
endfacet
facet normal -0.7071067811865497 -0.7071067811865454 -6.328227650550297e-16
outer loop
vertex 13.541128333333335 52.99443166666667 12.500805000000001
vertex 13.61447 52.92109000000001 10.000418333333334
vertex 14.476516666666667 52.059043333333335 10.000418333333334
endloop
endfacet
facet normal -0.7071067811865488 -0.7071067811865461 0
outer loop
vertex 13.541128333333335 52.99443166666667 12.500805000000001
vertex 14.476516666666667 52.059043333333335 10.000418333333334
vertex 14.476516666666667 52.059043333333335 15.000063333333335
endloop
endfacet
facet normal -0.7071067811865497 -0.7071067811865452 6.331084638202919e-16
outer loop
vertex 13.541128333333335 52.99443166666667 12.500805000000001
vertex 14.476516666666667 52.059043333333335 15.000063333333335
vertex 13.61447 52.92109000000001 15.000063333333335
endloop
endfacet
facet normal 0.706901614572142 0.7073118882892461 0
outer loop
vertex 10.941448333333334 48.523975 15.000063333333335
vertex 10.941448333333334 48.523975 10.000418333333334
vertex 8.996201666666668 50.468093333333336 10.000418333333334
endloop
endfacet
facet normal 0.706901614572142 0.7073118882892461 0
outer loop
vertex 10.941448333333334 48.523975 15.000063333333335
vertex 8.996201666666668 50.468093333333336 10.000418333333334
vertex 8.996201666666668 50.468093333333336 15.000063333333335
endloop
endfacet
facet normal 0.7071067811865487 0.7071067811865464 -9.361765892269808e-16
outer loop
vertex 39.458945 20.00535 12.500805000000001
vertex 39.385603333333336 20.078691666666668 15.000063333333335
vertex 40.467675 18.99662 15.000063333333335
endloop
endfacet
facet normal 0.7071067811865476 0.7071067811865476 0
outer loop
vertex 39.458945 20.00535 12.500805000000001
vertex 40.467675 18.99662 15.000063333333335
vertex 40.467675 18.99662 10.000418333333334
endloop
endfacet
facet normal 0.7071067811865487 0.7071067811865464 9.357541268672213e-16
outer loop
vertex 39.458945 20.00535 12.500805000000001
vertex 40.467675 18.99662 10.000418333333334
vertex 39.385603333333336 20.078691666666668 10.000418333333334
endloop
endfacet
facet normal 0.7071067811865489 0.707106781186546 9.196417161231397e-16
outer loop
vertex 39.458945 20.00535 12.500805000000001
vertex 39.385603333333336 20.078691666666668 10.000418333333334
vertex 38.52355666666667 20.940738333333336 10.000418333333334
endloop
endfacet
facet normal 0.7071067811865502 0.7071067811865449 0
outer loop
vertex 39.458945 20.00535 12.500805000000001
vertex 38.52355666666667 20.940738333333336 10.000418333333334
vertex 38.52355666666667 20.940738333333336 15.000063333333335
endloop
endfacet
facet normal 0.7071067811865489 0.7071067811865459 -9.200569042568299e-16
outer loop
vertex 39.458945 20.00535 12.500805000000001
vertex 38.52355666666667 20.940738333333336 15.000063333333335
vertex 39.385603333333336 20.078691666666668 15.000063333333335
endloop
endfacet
facet normal 0.7071067811865505 -0.7071067811865447 1.7308001169187855e-16
outer loop
vertex 39.458945 52.99443166666667 12.500805000000001
vertex 39.385603333333336 52.92109000000001 15.000063333333335
vertex 38.52355666666667 52.059043333333335 15.000063333333335
endloop
endfacet
facet normal 0.7071067811865502 -0.7071067811865449 0
outer loop
vertex 39.458945 52.99443166666667 12.500805000000001
vertex 38.52355666666667 52.059043333333335 15.000063333333335
vertex 38.52355666666667 52.059043333333335 10.000418333333334
endloop
endfacet
facet normal 0.7071067811865506 -0.7071067811865447 -1.730019069934616e-16
outer loop
vertex 39.458945 52.99443166666667 12.500805000000001
vertex 38.52355666666667 52.059043333333335 10.000418333333334
vertex 39.385603333333336 52.92109000000001 10.000418333333334
endloop
endfacet
facet normal 0.7071067811865476 -0.7071067811865476 0
outer loop
vertex 39.458945 52.99443166666667 12.500805000000001
vertex 39.385603333333336 52.92109000000001 10.000418333333334
vertex 40.467675 54.00316166666667 10.000418333333334
endloop
endfacet
facet normal 0.7071067811865476 -0.7071067811865476 0
outer loop
vertex 39.458945 52.99443166666667 12.500805000000001
vertex 40.467675 54.00316166666667 10.000418333333334
vertex 40.467675 54.00316166666667 15.000063333333335
endloop
endfacet
facet normal 0.7071067811865476 -0.7071067811865476 0
outer loop
vertex 39.458945 52.99443166666667 12.500805000000001
vertex 40.467675 54.00316166666667 15.000063333333335
vertex 39.385603333333336 52.92109000000001 15.000063333333335
endloop
endfacet
facet normal 0.7071067811865475 -0.7071067811865475 0
outer loop
vertex 8.996201666666668 22.531688333333335 15.000063333333335
vertex 8.996201666666668 22.531688333333335 10.000418333333334
vertex 10.941448333333334 24.476935 10.000418333333334
endloop
endfacet
facet normal 0.7071067811865475 -0.7071067811865475 0
outer loop
vertex 8.996201666666668 22.531688333333335 15.000063333333335
vertex 10.941448333333334 24.476935 10.000418333333334
vertex 10.941448333333334 24.476935 15.000063333333335
endloop
endfacet
facet normal -0.7071067811865482 0.7071067811865468 -4.6002845212841455e-16
outer loop
vertex 13.541128333333335 20.00535 12.500805000000001
vertex 13.61447 20.078691666666668 15.000063333333335
vertex 14.476516666666667 20.940738333333336 15.000063333333335
endloop
endfacet
facet normal -0.7071067811865488 0.7071067811865461 0
outer loop
vertex 13.541128333333335 20.00535 12.500805000000001
vertex 14.476516666666667 20.940738333333336 15.000063333333335
vertex 14.476516666666667 20.940738333333336 10.000418333333334
endloop
endfacet
facet normal -0.7071067811865483 0.7071067811865469 4.598208580615695e-16
outer loop
vertex 13.541128333333335 20.00535 12.500805000000001
vertex 14.476516666666667 20.940738333333336 10.000418333333334
vertex 13.61447 20.078691666666668 10.000418333333334
endloop
endfacet
facet normal -0.7071067811865482 0.707106781186547 4.678770634336103e-16
outer loop
vertex 13.541128333333335 20.00535 12.500805000000001
vertex 13.61447 20.078691666666668 10.000418333333334
vertex 12.532398333333335 18.99662 10.000418333333334
endloop
endfacet
facet normal -0.7071067811865476 0.7071067811865476 0
outer loop
vertex 13.541128333333335 20.00535 12.500805000000001
vertex 12.532398333333335 18.99662 10.000418333333334
vertex 12.532398333333335 18.99662 15.000063333333335
endloop
endfacet
facet normal -0.707106781186548 0.7071067811865469 -4.6808829461349e-16
outer loop
vertex 13.541128333333335 20.00535 12.500805000000001
vertex 12.532398333333335 18.99662 15.000063333333335
vertex 13.61447 20.078691666666668 15.000063333333335
endloop
endfacet
facet normal -0.7069016145721413 0.7073118882892466 0
outer loop
vertex 44.00387166666667 50.468093333333336 15.000063333333335
vertex 44.00387166666667 50.468093333333336 10.000418333333334
vertex 42.058625 48.523975 10.000418333333334
endloop
endfacet
facet normal -0.7069016145721413 0.7073118882892466 0
outer loop
vertex 44.00387166666667 50.468093333333336 15.000063333333335
vertex 42.058625 48.523975 10.000418333333334
vertex 42.058625 48.523975 15.000063333333335
endloop
endfacet
facet normal -0.7726244839300985 0.6348632977513732 0
outer loop
vertex 42.058625 24.476935 15.000063333333335
vertex 42.921800000000005 25.527413333333335 15.000063333333335
vertex 42.921800000000005 25.527413333333335 10.000418333333334
endloop
endfacet
facet normal -0.7726244839300985 0.6348632977513732 0
outer loop
vertex 42.058625 24.476935 15.000063333333335
vertex 42.921800000000005 25.527413333333335 10.000418333333334
vertex 42.058625 24.476935 10.000418333333334
endloop
endfacet
facet normal -0.6339605003874905 0.773365427174271 0
outer loop
vertex 38.52355666666667 20.940738333333336 15.000063333333335
vertex 38.52355666666667 20.940738333333336 10.000418333333334
vertex 37.47195 20.078691666666668 10.000418333333334
endloop
endfacet
facet normal -0.6339605003874905 0.773365427174271 0
outer loop
vertex 38.52355666666667 20.940738333333336 15.000063333333335
vertex 37.47195 20.078691666666668 10.000418333333334
vertex 37.47195 20.078691666666668 15.000063333333335
endloop
endfacet
facet normal 0.6343675063889774 0.7730316079164105 0
outer loop
vertex 14.476516666666667 20.940738333333336 15.000063333333335
vertex 15.526995000000001 20.078691666666668 15.000063333333335
vertex 15.526995000000001 20.078691666666668 10.000418333333334
endloop
endfacet
facet normal 0.6343675063889774 0.7730316079164105 0
outer loop
vertex 14.476516666666667 20.940738333333336 15.000063333333335
vertex 15.526995000000001 20.078691666666668 10.000418333333334
vertex 14.476516666666667 20.940738333333336 10.000418333333334
endloop
endfacet
facet normal 0.7726244839301004 0.6348632977513708 0
outer loop
vertex 10.941448333333334 24.476935 15.000063333333335
vertex 10.941448333333334 24.476935 10.000418333333334
vertex 10.078273333333334 25.527413333333335 10.000418333333334
endloop
endfacet
facet normal 0.7726244839301004 0.6348632977513708 0
outer loop
vertex 10.941448333333334 24.476935 15.000063333333335
vertex 10.078273333333334 25.527413333333335 10.000418333333334
vertex 10.078273333333334 25.527413333333335 15.000063333333335
endloop
endfacet
facet normal 0.7729586494409788 -0.6344564021699033 0
outer loop
vertex 10.941448333333334 48.523975 15.000063333333335
vertex 10.078273333333334 47.472368333333335 15.000063333333335
vertex 10.078273333333334 47.472368333333335 10.000418333333334
endloop
endfacet
facet normal 0.7729586494409788 -0.6344564021699033 0
outer loop
vertex 10.941448333333334 48.523975 15.000063333333335
vertex 10.078273333333334 47.472368333333335 10.000418333333334
vertex 10.941448333333334 48.523975 10.000418333333334
endloop
endfacet
facet normal 0.634367506388979 -0.7730316079164091 0
outer loop
vertex 14.476516666666667 52.059043333333335 15.000063333333335
vertex 14.476516666666667 52.059043333333335 10.000418333333334
vertex 15.526995000000001 52.92109000000001 10.000418333333334
endloop
endfacet
facet normal 0.634367506388979 -0.7730316079164091 0
outer loop
vertex 14.476516666666667 52.059043333333335 15.000063333333335
vertex 15.526995000000001 52.92109000000001 10.000418333333334
vertex 15.526995000000001 52.92109000000001 15.000063333333335
endloop
endfacet
facet normal -0.6339605003874921 -0.7733654271742698 0
outer loop
vertex 38.52355666666667 52.059043333333335 15.000063333333335
vertex 37.47195 52.92109000000001 15.000063333333335
vertex 37.47195 52.92109000000001 10.000418333333334
endloop
endfacet
facet normal -0.6339605003874921 -0.7733654271742698 0
outer loop
vertex 38.52355666666667 52.059043333333335 15.000063333333335
vertex 37.47195 52.92109000000001 10.000418333333334
vertex 38.52355666666667 52.059043333333335 10.000418333333334
endloop
endfacet
facet normal -0.7729586494409769 -0.6344564021699057 0
outer loop
vertex 42.058625 48.523975 15.000063333333335
vertex 42.058625 48.523975 10.000418333333334
vertex 42.921800000000005 47.472368333333335 10.000418333333334
endloop
endfacet
facet normal -0.7729586494409769 -0.6344564021699057 0
outer loop
vertex 42.058625 48.523975 15.000063333333335
vertex 42.921800000000005 47.472368333333335 10.000418333333334
vertex 42.921800000000005 47.472368333333335 15.000063333333335
endloop
endfacet
facet normal 0 -1 0
outer loop
vertex 73.999485 -63.00049166666667 0
vertex 73.999485 -63.00049166666667 15.000063333333335
vertex 0 -63.00049166666667 15.000063333333335
endloop
endfacet
facet normal 0 -1 0
outer loop
vertex 73.999485 -63.00049166666667 0
vertex 0 -63.00049166666667 15.000063333333335
vertex 0 -63.00049166666667 0
endloop
endfacet
facet normal 0 -1 0
outer loop
vertex 73.999485 -87.00014166666668 0
vertex 97.00056000000001 -87.00014166666668 0
vertex 97.00056000000001 -87.00014166666668 15.000063333333335
endloop
endfacet
facet normal 0 -1 0
outer loop
vertex 73.999485 -87.00014166666668 0
vertex 97.00056000000001 -87.00014166666668 15.000063333333335
vertex 73.999485 -87.00014166666668 15.000063333333335
endloop
endfacet
facet normal 0 1 0
outer loop
vertex 76.99972333333334 -83.99990333333334 15.000063333333335
vertex 94.00032166666668 -83.99990333333334 15.000063333333335
vertex 94.00032166666668 -83.99990333333334 0
endloop
endfacet
facet normal 0 1 0
outer loop
vertex 76.99972333333334 -83.99990333333334 15.000063333333335
vertex 94.00032166666668 -83.99990333333334 0
vertex 76.99972333333334 -83.99990333333334 0
endloop
endfacet
facet normal 0 1 0
outer loop
vertex 76.99972333333334 -10.000418333333334 0
vertex 0 -10.000418333333334 0
vertex 0 -10.000418333333334 15.000063333333335
endloop
endfacet
facet normal 0 1 0
outer loop
vertex 76.99972333333334 -10.000418333333334 0
vertex 0 -10.000418333333334 15.000063333333335
vertex 76.99972333333334 -10.000418333333334 15.000063333333335
endloop
endfacet
facet normal 0 1 0
outer loop
vertex 94.00032166666668 -64.000195 15.000063333333335
vertex 97.00056000000001 -64.000195 15.000063333333335
vertex 97.00056000000001 -64.000195 0
endloop
endfacet
facet normal 0 1 0
outer loop
vertex 94.00032166666668 -64.000195 15.000063333333335
vertex 97.00056000000001 -64.000195 0
vertex 94.00032166666668 -64.000195 0
endloop
endfacet
facet normal -0.9951661794057768 -0.0982052715841134 0
outer loop
vertex 45.870135000000005 -32.647196666666666 15.000063333333335
vertex 45.870135000000005 -32.647196666666666 10.000418333333334
vertex 46.25038333333334 -36.500455 10.000418333333334
endloop
endfacet
facet normal -0.9951661794057768 -0.0982052715841134 0
outer loop
vertex 45.870135000000005 -32.647196666666666 15.000063333333335
vertex 46.25038333333334 -36.500455 10.000418333333334
vertex 46.25038333333334 -36.500455 15.000063333333335
endloop
endfacet
facet normal -0.9951521223550392 -0.09834761498003522 0
outer loop
vertex 46.003278333333334 -34.00006833333334 10.000418333333334
vertex 46.003278333333334 -34.00006833333334 4.999645
vertex 46.25038333333334 -36.500455 4.999645
endloop
endfacet
facet normal -0.9951521223550392 -0.09834761498003522 0
outer loop
vertex 46.003278333333334 -34.00006833333334 10.000418333333334
vertex 46.25038333333334 -36.500455 4.999645
vertex 46.25038333333334 -36.500455 10.000418333333334
endloop
endfacet
facet normal -0.9569557554020361 -0.2902338405543333 0
outer loop
vertex 45.870135000000005 -32.647196666666666 10.000418333333334
vertex 45.870135000000005 -32.647196666666666 15.000063333333335
vertex 44.746315 -28.941750000000003 15.000063333333335
endloop
endfacet
facet normal -0.9569557554020361 -0.2902338405543333 0
outer loop
vertex 45.870135000000005 -32.647196666666666 10.000418333333334
vertex 44.746315 -28.941750000000003 15.000063333333335
vertex 44.746315 -28.941750000000003 10.000418333333334
endloop
endfacet
facet normal -0.8819734474910991 -0.47129909603209036 0
outer loop
vertex 44.746315 -28.941750000000003 10.000418333333334
vertex 44.746315 -28.941750000000003 15.000063333333335
vertex 42.921800000000005 -25.527413333333335 15.000063333333335
endloop
endfacet
facet normal -0.8819734474910991 -0.47129909603209036 0
outer loop
vertex 44.746315 -28.941750000000003 10.000418333333334
vertex 42.921800000000005 -25.527413333333335 15.000063333333335
vertex 42.921800000000005 -25.527413333333335 10.000418333333334
endloop
endfacet
facet normal -0.4715257733754125 -0.881852280737947 0
outer loop
vertex 37.47195 -20.078691666666668 10.000418333333334
vertex 37.47195 -20.078691666666668 15.000063333333335
vertex 34.057613333333336 -18.253048333333336 15.000063333333335
endloop
endfacet
facet normal -0.4715257733754125 -0.881852280737947 0
outer loop
vertex 37.47195 -20.078691666666668 10.000418333333334
vertex 34.057613333333336 -18.253048333333336 15.000063333333335
vertex 34.057613333333336 -18.253048333333336 10.000418333333334
endloop
endfacet
facet normal -0.29031479564572543 -0.9569311989005169 0
outer loop
vertex 34.057613333333336 -18.253048333333336 10.000418333333334
vertex 34.057613333333336 -18.253048333333336 15.000063333333335
vertex 30.353295000000003 -17.129228333333334 15.000063333333335
endloop
endfacet
facet normal -0.29031479564572543 -0.9569311989005169 0
outer loop
vertex 34.057613333333336 -18.253048333333336 10.000418333333334
vertex 30.353295000000003 -17.129228333333334 15.000063333333335
vertex 30.353295000000003 -17.129228333333334 10.000418333333334
endloop
endfacet
facet normal -0.09791665934679471 -0.9951946180634036 0
outer loop
vertex 26.50003666666667 -16.750108333333333 15.000063333333335
vertex 26.50003666666667 -16.750108333333333 10.000418333333334
vertex 30.353295000000003 -17.129228333333334 10.000418333333334
endloop
endfacet
facet normal -0.09791665934679471 -0.9951946180634036 0
outer loop
vertex 26.50003666666667 -16.750108333333333 15.000063333333335
vertex 30.353295000000003 -17.129228333333334 10.000418333333334
vertex 30.353295000000003 -17.129228333333334 15.000063333333335
endloop
endfacet
facet normal -0.09790285326803841 -0.9951959763393222 0
outer loop
vertex 26.50003666666667 -16.750108333333333 10.000418333333334
vertex 26.50003666666667 -16.750108333333333 4.999645
vertex 29.000423333333334 -16.996085 4.999645
endloop
endfacet
facet normal -0.09790285326803841 -0.9951959763393222 0
outer loop
vertex 26.50003666666667 -16.750108333333333 10.000418333333334
vertex 29.000423333333334 -16.996085 4.999645
vertex 29.000423333333334 -16.996085 10.000418333333334
endloop
endfacet
facet normal 0.09791665934679462 -0.9951946180634037 0
outer loop
vertex 22.646778333333334 -17.129228333333334 15.000063333333335
vertex 22.646778333333334 -17.129228333333334 10.000418333333334
vertex 26.50003666666667 -16.750108333333333 10.000418333333334
endloop
endfacet
facet normal 0.09791665934679462 -0.9951946180634037 0
outer loop
vertex 22.646778333333334 -17.129228333333334 15.000063333333335
vertex 26.50003666666667 -16.750108333333333 10.000418333333334
vertex 26.50003666666667 -16.750108333333333 15.000063333333335
endloop
endfacet
facet normal 0.09790285326803827 -0.9951959763393222 0
outer loop
vertex 23.999650000000003 -16.996085 10.000418333333334
vertex 23.999650000000003 -16.996085 4.999645
vertex 26.50003666666667 -16.750108333333333 4.999645
endloop
endfacet
facet normal 0.09790285326803827 -0.9951959763393222 0
outer loop
vertex 23.999650000000003 -16.996085 10.000418333333334
vertex 26.50003666666667 -16.750108333333333 4.999645
vertex 26.50003666666667 -16.750108333333333 10.000418333333334
endloop
endfacet
facet normal 0.29031479564572543 -0.9569311989005169 0
outer loop
vertex 22.646778333333334 -17.129228333333334 10.000418333333334
vertex 22.646778333333334 -17.129228333333334 15.000063333333335
vertex 18.94246 -18.253048333333336 15.000063333333335
endloop
endfacet
facet normal 0.29031479564572543 -0.9569311989005169 0
outer loop
vertex 22.646778333333334 -17.129228333333334 10.000418333333334
vertex 18.94246 -18.253048333333336 15.000063333333335
vertex 18.94246 -18.253048333333336 10.000418333333334
endloop
endfacet
facet normal 0.47140462082887974 -0.8819170502157107 0
outer loop
vertex 18.94246 -18.253048333333336 10.000418333333334
vertex 18.94246 -18.253048333333336 15.000063333333335
vertex 15.526995000000001 -20.078691666666668 15.000063333333335
endloop
endfacet
facet normal 0.47140462082887974 -0.8819170502157107 0
outer loop
vertex 18.94246 -18.253048333333336 10.000418333333334
vertex 15.526995000000001 -20.078691666666668 15.000063333333335
vertex 15.526995000000001 -20.078691666666668 10.000418333333334
endloop
endfacet
facet normal 0.881973447491099 -0.47129909603209075 0
outer loop
vertex 10.078273333333334 -25.527413333333335 10.000418333333334
vertex 10.078273333333334 -25.527413333333335 15.000063333333335
vertex 8.253758333333334 -28.941750000000003 15.000063333333335
endloop
endfacet
facet normal 0.881973447491099 -0.47129909603209075 0
outer loop
vertex 10.078273333333334 -25.527413333333335 10.000418333333334
vertex 8.253758333333334 -28.941750000000003 15.000063333333335
vertex 8.253758333333334 -28.941750000000003 10.000418333333334
endloop
endfacet
facet normal 0.9569557554020363 -0.2902338405543329 0
outer loop
vertex 8.253758333333334 -28.941750000000003 10.000418333333334
vertex 8.253758333333334 -28.941750000000003 15.000063333333335
vertex 7.1299383333333335 -32.647196666666666 15.000063333333335
endloop
endfacet
facet normal 0.9569557554020363 -0.2902338405543329 0
outer loop
vertex 8.253758333333334 -28.941750000000003 10.000418333333334
vertex 7.1299383333333335 -32.647196666666666 15.000063333333335
vertex 7.1299383333333335 -32.647196666666666 10.000418333333334
endloop
endfacet
facet normal 0.9951661794057768 -0.09820527158411316 0
outer loop
vertex 6.74969 -36.500455 15.000063333333335
vertex 6.74969 -36.500455 10.000418333333334
vertex 7.1299383333333335 -32.647196666666666 10.000418333333334
endloop
endfacet
facet normal 0.9951661794057768 -0.09820527158411316 0
outer loop
vertex 6.74969 -36.500455 15.000063333333335
vertex 7.1299383333333335 -32.647196666666666 10.000418333333334
vertex 7.1299383333333335 -32.647196666666666 15.000063333333335
endloop
endfacet
facet normal 0.9951959763393222 -0.09790285326803806 0
outer loop
vertex 6.74969 -36.500455 10.000418333333334
vertex 6.74969 -36.500455 4.999645
vertex 6.995666666666667 -34.00006833333334 4.999645
endloop
endfacet
facet normal 0.9951959763393222 -0.09790285326803806 0
outer loop
vertex 6.74969 -36.500455 10.000418333333334
vertex 6.995666666666667 -34.00006833333334 4.999645
vertex 6.995666666666667 -34.00006833333334 10.000418333333334
endloop
endfacet
facet normal 0.9951633677415642 0.09823375949880109 0
outer loop
vertex 7.1299383333333335 -40.352585000000005 15.000063333333335
vertex 7.1299383333333335 -40.352585000000005 10.000418333333334
vertex 6.74969 -36.500455 10.000418333333334
endloop
endfacet
facet normal 0.9951633677415642 0.09823375949880109 0
outer loop
vertex 7.1299383333333335 -40.352585000000005 15.000063333333335
vertex 6.74969 -36.500455 10.000418333333334
vertex 6.74969 -36.500455 15.000063333333335
endloop
endfacet
facet normal 0.9951916688839845 0.09794662926262246 0
outer loop
vertex 6.995666666666667 -38.99971333333333 10.000418333333334
vertex 6.995666666666667 -38.99971333333333 4.999645
vertex 6.74969 -36.500455 4.999645
endloop
endfacet
facet normal 0.9951916688839845 0.09794662926262246 0
outer loop
vertex 6.995666666666667 -38.99971333333333 10.000418333333334
vertex 6.74969 -36.500455 4.999645
vertex 6.74969 -36.500455 10.000418333333334
endloop
endfacet
facet normal 0.9569557554020366 0.2902338405543327 0
outer loop
vertex 7.1299383333333335 -40.352585000000005 10.000418333333334
vertex 7.1299383333333335 -40.352585000000005 15.000063333333335
vertex 8.253758333333334 -44.05803166666667 15.000063333333335
endloop
endfacet
facet normal 0.9569557554020366 0.2902338405543327 0
outer loop
vertex 7.1299383333333335 -40.352585000000005 10.000418333333334
vertex 8.253758333333334 -44.05803166666667 15.000063333333335
vertex 8.253758333333334 -44.05803166666667 10.000418333333334
endloop
endfacet
facet normal 0.8819734474910986 0.471299096032091 0
outer loop
vertex 8.253758333333334 -44.05803166666667 10.000418333333334
vertex 8.253758333333334 -44.05803166666667 15.000063333333335
vertex 10.078273333333334 -47.472368333333335 15.000063333333335
endloop
endfacet
facet normal 0.8819734474910986 0.471299096032091 0
outer loop
vertex 8.253758333333334 -44.05803166666667 10.000418333333334
vertex 10.078273333333334 -47.472368333333335 15.000063333333335
vertex 10.078273333333334 -47.472368333333335 10.000418333333334
endloop
endfacet
facet normal 0.47140462082887974 0.8819170502157107 0
outer loop
vertex 15.526995000000001 -52.92109000000001 10.000418333333334
vertex 15.526995000000001 -52.92109000000001 15.000063333333335
vertex 18.94246 -54.74673333333334 15.000063333333335
endloop
endfacet
facet normal 0.47140462082887974 0.8819170502157107 0
outer loop
vertex 15.526995000000001 -52.92109000000001 10.000418333333334
vertex 18.94246 -54.74673333333334 15.000063333333335
vertex 18.94246 -54.74673333333334 10.000418333333334
endloop
endfacet
facet normal 0.2903147956457237 0.9569311989005174 0
outer loop
vertex 18.94246 -54.74673333333334 10.000418333333334
vertex 18.94246 -54.74673333333334 15.000063333333335
vertex 22.646778333333334 -55.87055333333333 15.000063333333335
endloop
endfacet
facet normal 0.2903147956457237 0.9569311989005174 0
outer loop
vertex 18.94246 -54.74673333333334 10.000418333333334
vertex 22.646778333333334 -55.87055333333333 15.000063333333335
vertex 22.646778333333334 -55.87055333333333 10.000418333333334
endloop
endfacet
facet normal 0.09791665934679462 0.9951946180634037 0
outer loop
vertex 26.50003666666667 -56.249673333333334 15.000063333333335
vertex 26.50003666666667 -56.249673333333334 10.000418333333334
vertex 22.646778333333334 -55.87055333333333 10.000418333333334
endloop
endfacet
facet normal 0.09791665934679462 0.9951946180634037 0
outer loop
vertex 26.50003666666667 -56.249673333333334 15.000063333333335
vertex 22.646778333333334 -55.87055333333333 10.000418333333334
vertex 22.646778333333334 -55.87055333333333 15.000063333333335
endloop
endfacet
facet normal 0.09790285326803688 0.9951959763393224 0
outer loop
vertex 26.50003666666667 -56.249673333333334 10.000418333333334
vertex 26.50003666666667 -56.249673333333334 4.999645
vertex 23.999650000000003 -56.00369666666667 4.999645
endloop
endfacet
facet normal 0.09790285326803688 0.9951959763393224 0
outer loop
vertex 26.50003666666667 -56.249673333333334 10.000418333333334
vertex 23.999650000000003 -56.00369666666667 4.999645
vertex 23.999650000000003 -56.00369666666667 10.000418333333334
endloop
endfacet
facet normal -0.09791665934679471 0.9951946180634036 0
outer loop
vertex 30.353295000000003 -55.87055333333333 15.000063333333335
vertex 30.353295000000003 -55.87055333333333 10.000418333333334
vertex 26.50003666666667 -56.249673333333334 10.000418333333334
endloop
endfacet
facet normal -0.09791665934679471 0.9951946180634036 0
outer loop
vertex 30.353295000000003 -55.87055333333333 15.000063333333335
vertex 26.50003666666667 -56.249673333333334 10.000418333333334
vertex 26.50003666666667 -56.249673333333334 15.000063333333335
endloop
endfacet
facet normal -0.09790285326803701 0.9951959763393224 0
outer loop
vertex 29.000423333333334 -56.00369666666667 10.000418333333334
vertex 29.000423333333334 -56.00369666666667 4.999645
vertex 26.50003666666667 -56.249673333333334 4.999645
endloop
endfacet
facet normal -0.09790285326803701 0.9951959763393224 0
outer loop
vertex 29.000423333333334 -56.00369666666667 10.000418333333334
vertex 26.50003666666667 -56.249673333333334 4.999645
vertex 26.50003666666667 -56.249673333333334 10.000418333333334
endloop
endfacet
facet normal -0.2903147956457237 0.9569311989005174 0
outer loop
vertex 30.353295000000003 -55.87055333333333 10.000418333333334
vertex 30.353295000000003 -55.87055333333333 15.000063333333335
vertex 34.057613333333336 -54.74673333333334 15.000063333333335
endloop
endfacet
facet normal -0.2903147956457237 0.9569311989005174 0
outer loop
vertex 30.353295000000003 -55.87055333333333 10.000418333333334
vertex 34.057613333333336 -54.74673333333334 15.000063333333335
vertex 34.057613333333336 -54.74673333333334 10.000418333333334
endloop
endfacet
facet normal -0.4715257733754125 0.881852280737947 0
outer loop
vertex 34.057613333333336 -54.74673333333334 10.000418333333334
vertex 34.057613333333336 -54.74673333333334 15.000063333333335
vertex 37.47195 -52.92109000000001 15.000063333333335
endloop
endfacet
facet normal -0.4715257733754125 0.881852280737947 0
outer loop
vertex 34.057613333333336 -54.74673333333334 10.000418333333334
vertex 37.47195 -52.92109000000001 15.000063333333335
vertex 37.47195 -52.92109000000001 10.000418333333334
endloop
endfacet
facet normal -0.8819734474910988 0.4712990960320907 0
outer loop
vertex 42.921800000000005 -47.472368333333335 10.000418333333334
vertex 42.921800000000005 -47.472368333333335 15.000063333333335
vertex 44.746315 -44.05803166666667 15.000063333333335
endloop
endfacet
facet normal -0.8819734474910988 0.4712990960320907 0
outer loop
vertex 42.921800000000005 -47.472368333333335 10.000418333333334
vertex 44.746315 -44.05803166666667 15.000063333333335
vertex 44.746315 -44.05803166666667 10.000418333333334
endloop
endfacet
facet normal -0.9569557554020364 0.2902338405543331 0
outer loop
vertex 44.746315 -44.05803166666667 10.000418333333334
vertex 44.746315 -44.05803166666667 15.000063333333335
vertex 45.870135000000005 -40.352585000000005 15.000063333333335
endloop
endfacet
facet normal -0.9569557554020364 0.2902338405543331 0
outer loop
vertex 44.746315 -44.05803166666667 10.000418333333334
vertex 45.870135000000005 -40.352585000000005 15.000063333333335
vertex 45.870135000000005 -40.352585000000005 10.000418333333334
endloop
endfacet
facet normal -0.9951633677415641 0.0982337594988013 0
outer loop
vertex 46.25038333333334 -36.500455 15.000063333333335
vertex 46.25038333333334 -36.500455 10.000418333333334
vertex 45.870135000000005 -40.352585000000005 10.000418333333334
endloop
endfacet
facet normal -0.9951633677415641 0.0982337594988013 0
outer loop
vertex 46.25038333333334 -36.500455 15.000063333333335
vertex 45.870135000000005 -40.352585000000005 10.000418333333334
vertex 45.870135000000005 -40.352585000000005 15.000063333333335
endloop
endfacet
facet normal -0.9951477758660254 0.0983915859659883 0
outer loop
vertex 46.25038333333334 -36.500455 10.000418333333334
vertex 46.25038333333334 -36.500455 4.999645
vertex 46.003278333333334 -38.99971333333333 4.999645
endloop
endfacet
facet normal -0.9951477758660254 0.0983915859659883 0
outer loop
vertex 46.25038333333334 -36.500455 10.000418333333334
vertex 46.003278333333334 -38.99971333333333 4.999645
vertex 46.003278333333334 -38.99971333333333 10.000418333333334
endloop
endfacet
facet normal -0.9569059719490369 -0.29039793533747565 0
outer loop
vertex 48.567980000000006 -32.11011 4.999645
vertex 48.567980000000006 -32.11011 10.000418333333334
vertex 47.28732166666667 -27.890143333333334 10.000418333333334
endloop
endfacet
facet normal -0.9569059719490369 -0.29039793533747565 0
outer loop
vertex 48.567980000000006 -32.11011 4.999645
vertex 47.28732166666667 -27.890143333333334 10.000418333333334
vertex 47.28732166666667 -27.890143333333334 4.999645
endloop
endfacet
facet normal -0.8819206685236354 -0.4713978515339502 0
outer loop
vertex 47.28732166666667 -27.890143333333334 4.999645
vertex 47.28732166666667 -27.890143333333334 10.000418333333334
vertex 45.20780333333334 -23.999650000000003 10.000418333333334
endloop
endfacet
facet normal -0.8819206685236354 -0.4713978515339502 0
outer loop
vertex 47.28732166666667 -27.890143333333334 4.999645
vertex 45.20780333333334 -23.999650000000003 10.000418333333334
vertex 45.20780333333334 -23.999650000000003 4.999645
endloop
endfacet
facet normal -0.7728757001619596 -0.6345574458622015 0
outer loop
vertex 42.40953666666667 -20.589826666666667 15.000063333333335
vertex 42.40953666666667 -20.589826666666667 10.000418333333334
vertex 44.00387166666667 -22.531688333333335 10.000418333333334
endloop
endfacet
facet normal -0.7728757001619596 -0.6345574458622015 0
outer loop
vertex 42.40953666666667 -20.589826666666667 15.000063333333335
vertex 44.00387166666667 -22.531688333333335 10.000418333333334
vertex 44.00387166666667 -22.531688333333335 15.000063333333335
endloop
endfacet
facet normal -0.7730219067850589 -0.63437932787126 0
outer loop
vertex 42.40953666666667 -20.589826666666667 10.000418333333334
vertex 42.40953666666667 -20.589826666666667 4.999645
vertex 45.20780333333334 -23.999650000000003 4.999645
endloop
endfacet
facet normal -0.7730219067850589 -0.63437932787126 0
outer loop
vertex 42.40953666666667 -20.589826666666667 10.000418333333334
vertex 45.20780333333334 -23.999650000000003 4.999645
vertex 45.20780333333334 -23.999650000000003 10.000418333333334
endloop
endfacet
facet normal -0.6342890760051908 -0.7730959630346556 0
outer loop
vertex 40.467675 -18.99662 15.000063333333335
vertex 40.467675 -18.99662 10.000418333333334
vertex 42.40953666666667 -20.589826666666667 10.000418333333334
endloop
endfacet
facet normal -0.6342890760051908 -0.7730959630346556 0
outer loop
vertex 40.467675 -18.99662 15.000063333333335
vertex 42.40953666666667 -20.589826666666667 10.000418333333334
vertex 42.40953666666667 -20.589826666666667 15.000063333333335
endloop
endfacet
facet normal -0.6345047849355597 -0.7729189335848093 0
outer loop
vertex 39.000841666666666 -17.79156 10.000418333333334
vertex 39.000841666666666 -17.79156 4.999645
vertex 42.40953666666667 -20.589826666666667 4.999645
endloop
endfacet
facet normal -0.6345047849355597 -0.7729189335848093 0
outer loop
vertex 39.000841666666666 -17.79156 10.000418333333334
vertex 42.40953666666667 -20.589826666666667 4.999645
vertex 42.40953666666667 -20.589826666666667 10.000418333333334
endloop
endfacet
facet normal -0.4711988759234619 -0.8820269946710623 0
outer loop
vertex 39.000841666666666 -17.79156 4.999645
vertex 39.000841666666666 -17.79156 10.000418333333334
vertex 35.110348333333334 -15.713170000000002 10.000418333333334
endloop
endfacet
facet normal -0.4711988759234619 -0.8820269946710623 0
outer loop
vertex 39.000841666666666 -17.79156 4.999645
vertex 35.110348333333334 -15.713170000000002 10.000418333333334
vertex 35.110348333333334 -15.713170000000002 4.999645
endloop
endfacet
facet normal -0.2903268534371112 -0.9569275407120992 0
outer loop
vertex 35.110348333333334 -15.713170000000002 4.999645
vertex 35.110348333333334 -15.713170000000002 10.000418333333334
vertex 30.889253333333336 -14.432511666666668 10.000418333333334
endloop
endfacet
facet normal -0.2903268534371112 -0.9569275407120992 0
outer loop
vertex 35.110348333333334 -15.713170000000002 4.999645
vertex 30.889253333333336 -14.432511666666668 10.000418333333334
vertex 30.889253333333336 -14.432511666666668 4.999645
endloop
endfacet
facet normal 0.2903268534371112 -0.9569275407120992 0
outer loop
vertex 22.11082 -14.432511666666668 4.999645
vertex 22.11082 -14.432511666666668 10.000418333333334
vertex 17.889725000000002 -15.713170000000002 10.000418333333334
endloop
endfacet
facet normal 0.2903268534371112 -0.9569275407120992 0
outer loop
vertex 22.11082 -14.432511666666668 4.999645
vertex 17.889725000000002 -15.713170000000002 10.000418333333334
vertex 17.889725000000002 -15.713170000000002 4.999645
endloop
endfacet
facet normal 0.4711988759234615 -0.8820269946710625 0
outer loop
vertex 17.889725000000002 -15.713170000000002 4.999645
vertex 17.889725000000002 -15.713170000000002 10.000418333333334
vertex 13.999231666666667 -17.79156 10.000418333333334
endloop
endfacet
facet normal 0.4711988759234615 -0.8820269946710625 0
outer loop
vertex 17.889725000000002 -15.713170000000002 4.999645
vertex 13.999231666666667 -17.79156 10.000418333333334
vertex 13.999231666666667 -17.79156 4.999645
endloop
endfacet
facet normal 0.6342890760051908 -0.7730959630346556 0
outer loop
vertex 10.590536666666667 -20.589826666666667 15.000063333333335
vertex 10.590536666666667 -20.589826666666667 10.000418333333334
vertex 12.532398333333335 -18.99662 10.000418333333334
endloop
endfacet
facet normal 0.6342890760051908 -0.7730959630346556 0
outer loop
vertex 10.590536666666667 -20.589826666666667 15.000063333333335
vertex 12.532398333333335 -18.99662 10.000418333333334
vertex 12.532398333333335 -18.99662 15.000063333333335
endloop
endfacet
facet normal 0.6345047849355601 -0.7729189335848092 0
outer loop
vertex 10.590536666666667 -20.589826666666667 10.000418333333334
vertex 10.590536666666667 -20.589826666666667 4.999645
vertex 13.999231666666667 -17.79156 4.999645
endloop
endfacet
facet normal 0.6345047849355601 -0.7729189335848092 0
outer loop
vertex 10.590536666666667 -20.589826666666667 10.000418333333334
vertex 13.999231666666667 -17.79156 4.999645
vertex 13.999231666666667 -17.79156 10.000418333333334
endloop
endfacet
facet normal 0.7728757001619599 -0.6345574458622011 0
outer loop
vertex 8.996201666666668 -22.531688333333335 15.000063333333335
vertex 8.996201666666668 -22.531688333333335 10.000418333333334
vertex 10.590536666666667 -20.589826666666667 10.000418333333334
endloop
endfacet
facet normal 0.7728757001619599 -0.6345574458622011 0
outer loop
vertex 8.996201666666668 -22.531688333333335 15.000063333333335
vertex 10.590536666666667 -20.589826666666667 10.000418333333334
vertex 10.590536666666667 -20.589826666666667 15.000063333333335
endloop
endfacet
facet normal 0.7730219067850594 -0.6343793278712595 0
outer loop
vertex 7.79227 -23.999650000000003 10.000418333333334
vertex 7.79227 -23.999650000000003 4.999645
vertex 10.590536666666667 -20.589826666666667 4.999645
endloop
endfacet
facet normal 0.7730219067850594 -0.6343793278712595 0
outer loop
vertex 7.79227 -23.999650000000003 10.000418333333334
vertex 10.590536666666667 -20.589826666666667 4.999645
vertex 10.590536666666667 -20.589826666666667 10.000418333333334
endloop
endfacet
facet normal 0.8819206685236354 -0.47139785153395036 0
outer loop
vertex 7.79227 -23.999650000000003 4.999645
vertex 7.79227 -23.999650000000003 10.000418333333334
vertex 5.712751666666667 -27.890143333333334 10.000418333333334
endloop
endfacet
facet normal 0.8819206685236354 -0.47139785153395036 0
outer loop
vertex 7.79227 -23.999650000000003 4.999645
vertex 5.712751666666667 -27.890143333333334 10.000418333333334
vertex 5.712751666666667 -27.890143333333334 4.999645
endloop
endfacet
facet normal 0.956905971949037 -0.2903979353374753 0
outer loop
vertex 5.712751666666667 -27.890143333333334 4.999645
vertex 5.712751666666667 -27.890143333333334 10.000418333333334
vertex 4.432093333333333 -32.11011 10.000418333333334
endloop
endfacet
facet normal 0.956905971949037 -0.2903979353374753 0
outer loop
vertex 5.712751666666667 -27.890143333333334 4.999645
vertex 4.432093333333333 -32.11011 10.000418333333334
vertex 4.432093333333333 -32.11011 4.999645
endloop
endfacet
facet normal 0.9569275407120992 0.2903268534371112 0
outer loop
vertex 4.432093333333333 -40.88967166666667 4.999645
vertex 4.432093333333333 -40.88967166666667 10.000418333333334
vertex 5.712751666666667 -45.11076666666667 10.000418333333334
endloop
endfacet
facet normal 0.9569275407120992 0.2903268534371112 0
outer loop
vertex 4.432093333333333 -40.88967166666667 4.999645
vertex 5.712751666666667 -45.11076666666667 10.000418333333334
vertex 5.712751666666667 -45.11076666666667 4.999645
endloop
endfacet
facet normal 0.881863811460031 0.47150420786795416 0
outer loop
vertex 5.712751666666667 -45.11076666666667 4.999645
vertex 5.712751666666667 -45.11076666666667 10.000418333333334
vertex 7.79227 -49.00013166666667 10.000418333333334
endloop
endfacet
facet normal 0.881863811460031 0.47150420786795416 0
outer loop
vertex 5.712751666666667 -45.11076666666667 4.999645
vertex 7.79227 -49.00013166666667 10.000418333333334
vertex 7.79227 -49.00013166666667 4.999645
endloop
endfacet
facet normal 0.7728757001619599 0.6345574458622011 0
outer loop
vertex 10.590536666666667 -52.409955000000004 15.000063333333335
vertex 10.590536666666667 -52.409955000000004 10.000418333333334
vertex 8.996201666666668 -50.468093333333336 10.000418333333334
endloop
endfacet
facet normal 0.7728757001619599 0.6345574458622011 0
outer loop
vertex 10.590536666666667 -52.409955000000004 15.000063333333335
vertex 8.996201666666668 -50.468093333333336 10.000418333333334
vertex 8.996201666666668 -50.468093333333336 15.000063333333335
endloop
endfacet
facet normal 0.7730219067850594 0.6343793278712595 0
outer loop
vertex 10.590536666666667 -52.409955000000004 10.000418333333334
vertex 10.590536666666667 -52.409955000000004 4.999645
vertex 7.79227 -49.00013166666667 4.999645
endloop
endfacet
facet normal 0.7730219067850594 0.6343793278712595 0
outer loop
vertex 10.590536666666667 -52.409955000000004 10.000418333333334
vertex 7.79227 -49.00013166666667 4.999645
vertex 7.79227 -49.00013166666667 10.000418333333334
endloop
endfacet
facet normal 0.6342890760051908 0.7730959630346556 0
outer loop
vertex 12.532398333333335 -54.00316166666667 15.000063333333335
vertex 12.532398333333335 -54.00316166666667 10.000418333333334
vertex 10.590536666666667 -52.409955000000004 10.000418333333334
endloop
endfacet
facet normal 0.6342890760051908 0.7730959630346556 0
outer loop
vertex 12.532398333333335 -54.00316166666667 15.000063333333335
vertex 10.590536666666667 -52.409955000000004 10.000418333333334
vertex 10.590536666666667 -52.409955000000004 15.000063333333335
endloop
endfacet
facet normal 0.6345047849355595 0.7729189335848096 0
outer loop
vertex 13.999231666666667 -55.20822166666667 10.000418333333334
vertex 13.999231666666667 -55.20822166666667 4.999645
vertex 10.590536666666667 -52.409955000000004 4.999645
endloop
endfacet
facet normal 0.6345047849355595 0.7729189335848096 0
outer loop
vertex 13.999231666666667 -55.20822166666667 10.000418333333334
vertex 10.590536666666667 -52.409955000000004 4.999645
vertex 10.590536666666667 -52.409955000000004 10.000418333333334
endloop
endfacet
facet normal 0.4713978515339511 0.8819206685236348 0
outer loop
vertex 13.999231666666667 -55.20822166666667 4.999645
vertex 13.999231666666667 -55.20822166666667 10.000418333333334
vertex 17.889725000000002 -57.28774000000001 10.000418333333334
endloop
endfacet
facet normal 0.4713978515339511 0.8819206685236348 0
outer loop
vertex 13.999231666666667 -55.20822166666667 4.999645
vertex 17.889725000000002 -57.28774000000001 10.000418333333334
vertex 17.889725000000002 -57.28774000000001 4.999645
endloop
endfacet
facet normal 0.290092593608447 0.9569985826183466 0
outer loop
vertex 17.889725000000002 -57.28774000000001 4.999645
vertex 17.889725000000002 -57.28774000000001 10.000418333333334
vertex 22.11082 -58.56727 10.000418333333334
endloop
endfacet
facet normal 0.290092593608447 0.9569985826183466 0
outer loop
vertex 17.889725000000002 -57.28774000000001 4.999645
vertex 22.11082 -58.56727 10.000418333333334
vertex 22.11082 -58.56727 4.999645
endloop
endfacet
facet normal -0.290092593608447 0.9569985826183466 0
outer loop
vertex 30.889253333333336 -58.56727 4.999645
vertex 30.889253333333336 -58.56727 10.000418333333334
vertex 35.110348333333334 -57.28774000000001 10.000418333333334
endloop
endfacet
facet normal -0.290092593608447 0.9569985826183466 0
outer loop
vertex 30.889253333333336 -58.56727 4.999645
vertex 35.110348333333334 -57.28774000000001 10.000418333333334
vertex 35.110348333333334 -57.28774000000001 4.999645
endloop
endfacet
facet normal -0.47139785153395136 0.8819206685236346 0
outer loop
vertex 35.110348333333334 -57.28774000000001 4.999645
vertex 35.110348333333334 -57.28774000000001 10.000418333333334
vertex 39.000841666666666 -55.20822166666667 10.000418333333334
endloop
endfacet
facet normal -0.47139785153395136 0.8819206685236346 0
outer loop
vertex 35.110348333333334 -57.28774000000001 4.999645
vertex 39.000841666666666 -55.20822166666667 10.000418333333334
vertex 39.000841666666666 -55.20822166666667 4.999645
endloop
endfacet
facet normal -0.6342890760051908 0.7730959630346556 0
outer loop
vertex 42.40953666666667 -52.409955000000004 15.000063333333335
vertex 42.40953666666667 -52.409955000000004 10.000418333333334
vertex 40.467675 -54.00316166666667 10.000418333333334
endloop
endfacet
facet normal -0.6342890760051908 0.7730959630346556 0
outer loop
vertex 42.40953666666667 -52.409955000000004 15.000063333333335
vertex 40.467675 -54.00316166666667 10.000418333333334
vertex 40.467675 -54.00316166666667 15.000063333333335
endloop
endfacet
facet normal -0.6345047849355594 0.7729189335848098 0
outer loop
vertex 42.40953666666667 -52.409955000000004 10.000418333333334
vertex 42.40953666666667 -52.409955000000004 4.999645
vertex 39.000841666666666 -55.20822166666667 4.999645
endloop
endfacet
facet normal -0.6345047849355594 0.7729189335848098 0
outer loop
vertex 42.40953666666667 -52.409955000000004 10.000418333333334
vertex 39.000841666666666 -55.20822166666667 4.999645
vertex 39.000841666666666 -55.20822166666667 10.000418333333334
endloop
endfacet
facet normal -0.7728757001619596 0.6345574458622015 0
outer loop
vertex 44.00387166666667 -50.468093333333336 15.000063333333335
vertex 44.00387166666667 -50.468093333333336 10.000418333333334
vertex 42.40953666666667 -52.409955000000004 10.000418333333334
endloop
endfacet
facet normal -0.7728757001619596 0.6345574458622015 0
outer loop
vertex 44.00387166666667 -50.468093333333336 15.000063333333335
vertex 42.40953666666667 -52.409955000000004 10.000418333333334
vertex 42.40953666666667 -52.409955000000004 15.000063333333335
endloop
endfacet
facet normal -0.7730219067850589 0.63437932787126 0
outer loop
vertex 45.20780333333334 -49.00013166666667 10.000418333333334
vertex 45.20780333333334 -49.00013166666667 4.999645
vertex 42.40953666666667 -52.409955000000004 4.999645
endloop
endfacet
facet normal -0.7730219067850589 0.63437932787126 0
outer loop
vertex 45.20780333333334 -49.00013166666667 10.000418333333334
vertex 42.40953666666667 -52.409955000000004 4.999645
vertex 42.40953666666667 -52.409955000000004 10.000418333333334
endloop
endfacet
facet normal -0.881863811460031 0.471504207867954 0
outer loop
vertex 45.20780333333334 -49.00013166666667 4.999645
vertex 45.20780333333334 -49.00013166666667 10.000418333333334
vertex 47.28732166666667 -45.11076666666667 10.000418333333334
endloop
endfacet
facet normal -0.881863811460031 0.471504207867954 0
outer loop
vertex 45.20780333333334 -49.00013166666667 4.999645
vertex 47.28732166666667 -45.11076666666667 10.000418333333334
vertex 47.28732166666667 -45.11076666666667 4.999645
endloop
endfacet
facet normal -0.9569275407120991 0.29032685343711157 0
outer loop
vertex 47.28732166666667 -45.11076666666667 4.999645
vertex 47.28732166666667 -45.11076666666667 10.000418333333334
vertex 48.567980000000006 -40.88967166666667 10.000418333333334
endloop
endfacet
facet normal -0.9569275407120991 0.29032685343711157 0
outer loop
vertex 47.28732166666667 -45.11076666666667 4.999645
vertex 48.567980000000006 -40.88967166666667 10.000418333333334
vertex 48.567980000000006 -40.88967166666667 4.999645
endloop
endfacet
facet normal 0 -0.9999999999999999 0
outer loop
vertex 46.003278333333334 -38.99971333333333 10.000418333333334
vertex 46.003278333333334 -38.99971333333333 4.999645
vertex 48.754155000000004 -38.99971333333333 4.999645
endloop
endfacet
facet normal 0 -0.9999999999999999 0
outer loop
vertex 46.003278333333334 -38.99971333333333 10.000418333333334
vertex 48.754155000000004 -38.99971333333333 4.999645
vertex 48.754155000000004 -38.99971333333333 10.000418333333334
endloop
endfacet
facet normal 0 -1 0
outer loop
vertex 4.245918333333334 -38.99971333333333 10.000418333333334
vertex 4.245918333333334 -38.99971333333333 4.999645
vertex 6.995666666666667 -38.99971333333333 4.999645
endloop
endfacet
facet normal 0 -1 0
outer loop
vertex 4.245918333333334 -38.99971333333333 10.000418333333334
vertex 6.995666666666667 -38.99971333333333 4.999645
vertex 6.995666666666667 -38.99971333333333 10.000418333333334
endloop
endfacet
facet normal 0 1 0
outer loop
vertex 6.995666666666667 -34.00006833333334 10.000418333333334
vertex 6.995666666666667 -34.00006833333334 4.999645
vertex 4.245918333333334 -34.00006833333334 4.999645
endloop
endfacet
facet normal 0 1 0
outer loop
vertex 6.995666666666667 -34.00006833333334 10.000418333333334
vertex 4.245918333333334 -34.00006833333334 4.999645
vertex 4.245918333333334 -34.00006833333334 10.000418333333334
endloop
endfacet
facet normal 0 0.9999999999999999 0
outer loop
vertex 48.754155000000004 -34.00006833333334 10.000418333333334
vertex 48.754155000000004 -34.00006833333334 4.999645
vertex 46.003278333333334 -34.00006833333334 4.999645
endloop
endfacet
facet normal 0 0.9999999999999999 0
outer loop
vertex 48.754155000000004 -34.00006833333334 10.000418333333334
vertex 46.003278333333334 -34.00006833333334 4.999645
vertex 46.003278333333334 -34.00006833333334 10.000418333333334
endloop
endfacet
facet normal -0.9951831675820645 -0.0980329687468889 0
outer loop
vertex 48.754155000000004 -34.00006833333334 10.000418333333334
vertex 48.567980000000006 -32.11011 10.000418333333334
vertex 48.567980000000006 -32.11011 4.999645
endloop
endfacet
facet normal -0.9951831675820645 -0.0980329687468889 0
outer loop
vertex 48.754155000000004 -34.00006833333334 10.000418333333334
vertex 48.567980000000006 -32.11011 4.999645
vertex 48.754155000000004 -34.00006833333334 4.999645
endloop
endfacet
facet normal -0.09809096754633632 -0.995177452561011 0
outer loop
vertex 30.889253333333336 -14.432511666666668 4.999645
vertex 30.889253333333336 -14.432511666666668 10.000418333333334
vertex 29.000423333333334 -14.246336666666668 10.000418333333334
endloop
endfacet
facet normal -0.09809096754633632 -0.995177452561011 0
outer loop
vertex 30.889253333333336 -14.432511666666668 4.999645
vertex 29.000423333333334 -14.246336666666668 10.000418333333334
vertex 29.000423333333334 -14.246336666666668 4.999645
endloop
endfacet
facet normal 0.09809096754633632 -0.995177452561011 0
outer loop
vertex 23.999650000000003 -14.246336666666668 10.000418333333334
vertex 22.11082 -14.432511666666668 10.000418333333334
vertex 22.11082 -14.432511666666668 4.999645
endloop
endfacet
facet normal 0.09809096754633632 -0.995177452561011 0
outer loop
vertex 23.999650000000003 -14.246336666666668 10.000418333333334
vertex 22.11082 -14.432511666666668 4.999645
vertex 23.999650000000003 -14.246336666666668 4.999645
endloop
endfacet
facet normal 0.9951831675820645 -0.09803296874688935 0
outer loop
vertex 4.432093333333333 -32.11011 4.999645
vertex 4.432093333333333 -32.11011 10.000418333333334
vertex 4.245918333333334 -34.00006833333334 10.000418333333334
endloop
endfacet
facet normal 0.9951831675820645 -0.09803296874688935 0
outer loop
vertex 4.432093333333333 -32.11011 4.999645
vertex 4.245918333333334 -34.00006833333334 10.000418333333334
vertex 4.245918333333334 -34.00006833333334 4.999645
endloop
endfacet
facet normal 0.9951831675820645 0.09803296874688935 0
outer loop
vertex 4.245918333333334 -38.99971333333333 10.000418333333334
vertex 4.432093333333333 -40.88967166666667 10.000418333333334
vertex 4.432093333333333 -40.88967166666667 4.999645
endloop
endfacet
facet normal 0.9951831675820645 0.09803296874688935 0
outer loop
vertex 4.245918333333334 -38.99971333333333 10.000418333333334
vertex 4.432093333333333 -40.88967166666667 4.999645
vertex 4.245918333333334 -38.99971333333333 4.999645
endloop
endfacet
facet normal 0.09809096754633911 0.9951774525610109 0
outer loop
vertex 22.11082 -58.56727 4.999645
vertex 22.11082 -58.56727 10.000418333333334
vertex 23.999650000000003 -58.753445000000006 10.000418333333334
endloop
endfacet
facet normal 0.09809096754633911 0.9951774525610109 0
outer loop
vertex 22.11082 -58.56727 4.999645
vertex 23.999650000000003 -58.753445000000006 10.000418333333334
vertex 23.999650000000003 -58.753445000000006 4.999645
endloop
endfacet
facet normal -0.09809096754633911 0.9951774525610109 0
outer loop
vertex 29.000423333333334 -58.753445000000006 10.000418333333334
vertex 30.889253333333336 -58.56727 10.000418333333334
vertex 30.889253333333336 -58.56727 4.999645
endloop
endfacet
facet normal -0.09809096754633911 0.9951774525610109 0
outer loop
vertex 29.000423333333334 -58.753445000000006 10.000418333333334
vertex 30.889253333333336 -58.56727 4.999645
vertex 29.000423333333334 -58.753445000000006 4.999645
endloop
endfacet
facet normal -0.9951831675820645 0.0980329687468889 0
outer loop
vertex 48.567980000000006 -40.88967166666667 4.999645
vertex 48.567980000000006 -40.88967166666667 10.000418333333334
vertex 48.754155000000004 -38.99971333333333 10.000418333333334
endloop
endfacet
facet normal -0.9951831675820645 0.0980329687468889 0
outer loop
vertex 48.567980000000006 -40.88967166666667 4.999645
vertex 48.754155000000004 -38.99971333333333 10.000418333333334
vertex 48.754155000000004 -38.99971333333333 4.999645
endloop
endfacet
facet normal -0.7071067811865497 0.7071067811865452 6.331084638202919e-16
outer loop
vertex 13.541128333333335 -52.99443166666667 12.500805000000001
vertex 13.61447 -52.92109000000001 15.000063333333335
vertex 14.476516666666667 -52.059043333333335 15.000063333333335
endloop
endfacet
facet normal -0.7071067811865488 0.7071067811865461 0
outer loop
vertex 13.541128333333335 -52.99443166666667 12.500805000000001
vertex 14.476516666666667 -52.059043333333335 15.000063333333335
vertex 14.476516666666667 -52.059043333333335 10.000418333333334
endloop
endfacet
facet normal -0.7071067811865497 0.7071067811865454 -6.328227650550297e-16
outer loop
vertex 13.541128333333335 -52.99443166666667 12.500805000000001
vertex 14.476516666666667 -52.059043333333335 10.000418333333334
vertex 13.61447 -52.92109000000001 10.000418333333334
endloop
endfacet
facet normal -0.7071067811865469 0.7071067811865481 -4.67877063433611e-16
outer loop
vertex 13.541128333333335 -52.99443166666667 12.500805000000001
vertex 13.61447 -52.92109000000001 10.000418333333334
vertex 12.532398333333335 -54.00316166666667 10.000418333333334
endloop
endfacet
facet normal -0.7071067811865476 0.7071067811865476 0
outer loop
vertex 13.541128333333335 -52.99443166666667 12.500805000000001
vertex 12.532398333333335 -54.00316166666667 10.000418333333334
vertex 12.532398333333335 -54.00316166666667 15.000063333333335
endloop
endfacet
facet normal -0.7071067811865469 0.7071067811865481 4.680882946134908e-16
outer loop
vertex 13.541128333333335 -52.99443166666667 12.500805000000001
vertex 12.532398333333335 -54.00316166666667 15.000063333333335
vertex 13.61447 -52.92109000000001 15.000063333333335
endloop
endfacet
facet normal -0.7071067811865469 0.7071067811865482 0
outer loop
vertex 44.00387166666667 -22.531688333333335 15.000063333333335
vertex 44.00387166666667 -22.531688333333335 10.000418333333334
vertex 42.058625 -24.476935 10.000418333333334
endloop
endfacet
facet normal -0.7071067811865469 0.7071067811865482 0
outer loop
vertex 44.00387166666667 -22.531688333333335 15.000063333333335
vertex 42.058625 -24.476935 10.000418333333334
vertex 42.058625 -24.476935 15.000063333333335
endloop
endfacet
facet normal 0.7071067811865489 -0.7071067811865459 -9.200569042568299e-16
outer loop
vertex 39.458945 -20.00535 12.500805000000001
vertex 39.385603333333336 -20.078691666666668 15.000063333333335
vertex 38.52355666666667 -20.940738333333336 15.000063333333335
endloop
endfacet
facet normal 0.7071067811865502 -0.7071067811865449 0
outer loop
vertex 39.458945 -20.00535 12.500805000000001
vertex 38.52355666666667 -20.940738333333336 15.000063333333335
vertex 38.52355666666667 -20.940738333333336 10.000418333333334
endloop
endfacet
facet normal 0.7071067811865489 -0.707106781186546 9.196417161231397e-16
outer loop
vertex 39.458945 -20.00535 12.500805000000001
vertex 38.52355666666667 -20.940738333333336 10.000418333333334
vertex 39.385603333333336 -20.078691666666668 10.000418333333334
endloop
endfacet
facet normal 0.7071067811865487 -0.7071067811865464 9.357541268672213e-16
outer loop
vertex 39.458945 -20.00535 12.500805000000001
vertex 39.385603333333336 -20.078691666666668 10.000418333333334
vertex 40.467675 -18.99662 10.000418333333334
endloop
endfacet
facet normal 0.7071067811865476 -0.7071067811865476 0
outer loop
vertex 39.458945 -20.00535 12.500805000000001
vertex 40.467675 -18.99662 10.000418333333334
vertex 40.467675 -18.99662 15.000063333333335
endloop
endfacet
facet normal 0.7071067811865487 -0.7071067811865464 -9.361765892269808e-16
outer loop
vertex 39.458945 -20.00535 12.500805000000001
vertex 40.467675 -18.99662 15.000063333333335
vertex 39.385603333333336 -20.078691666666668 15.000063333333335
endloop
endfacet
facet normal 0.706901614572142 -0.7073118882892461 0
outer loop
vertex 8.996201666666668 -50.468093333333336 15.000063333333335
vertex 8.996201666666668 -50.468093333333336 10.000418333333334
vertex 10.941448333333334 -48.523975 10.000418333333334
endloop
endfacet
facet normal 0.706901614572142 -0.7073118882892461 0
outer loop
vertex 8.996201666666668 -50.468093333333336 15.000063333333335
vertex 10.941448333333334 -48.523975 10.000418333333334
vertex 10.941448333333334 -48.523975 15.000063333333335
endloop
endfacet
facet normal 0.7071067811865475 0.7071067811865475 0
outer loop
vertex 10.941448333333334 -24.476935 15.000063333333335
vertex 10.941448333333334 -24.476935 10.000418333333334
vertex 8.996201666666668 -22.531688333333335 10.000418333333334
endloop
endfacet
facet normal 0.7071067811865475 0.7071067811865475 0
outer loop
vertex 10.941448333333334 -24.476935 15.000063333333335
vertex 8.996201666666668 -22.531688333333335 10.000418333333334
vertex 8.996201666666668 -22.531688333333335 15.000063333333335
endloop
endfacet
facet normal 0.7071067811865476 0.7071067811865476 0
outer loop
vertex 39.458945 -52.99443166666667 12.500805000000001
vertex 39.385603333333336 -52.92109000000001 15.000063333333335
vertex 40.467675 -54.00316166666667 15.000063333333335
endloop
endfacet
facet normal 0.7071067811865476 0.7071067811865476 0
outer loop
vertex 39.458945 -52.99443166666667 12.500805000000001
vertex 40.467675 -54.00316166666667 15.000063333333335
vertex 40.467675 -54.00316166666667 10.000418333333334
endloop
endfacet
facet normal 0.7071067811865476 0.7071067811865476 0
outer loop
vertex 39.458945 -52.99443166666667 12.500805000000001
vertex 40.467675 -54.00316166666667 10.000418333333334
vertex 39.385603333333336 -52.92109000000001 10.000418333333334
endloop
endfacet
facet normal 0.7071067811865506 0.7071067811865447 -1.730019069934616e-16
outer loop
vertex 39.458945 -52.99443166666667 12.500805000000001
vertex 39.385603333333336 -52.92109000000001 10.000418333333334
vertex 38.52355666666667 -52.059043333333335 10.000418333333334
endloop
endfacet
facet normal 0.7071067811865502 0.7071067811865449 0
outer loop
vertex 39.458945 -52.99443166666667 12.500805000000001
vertex 38.52355666666667 -52.059043333333335 10.000418333333334
vertex 38.52355666666667 -52.059043333333335 15.000063333333335
endloop
endfacet
facet normal 0.7071067811865505 0.7071067811865447 1.7308001169187855e-16
outer loop
vertex 39.458945 -52.99443166666667 12.500805000000001
vertex 38.52355666666667 -52.059043333333335 15.000063333333335
vertex 39.385603333333336 -52.92109000000001 15.000063333333335
endloop
endfacet
facet normal -0.7069016145721413 -0.7073118882892466 0
outer loop
vertex 42.058625 -48.523975 15.000063333333335
vertex 42.058625 -48.523975 10.000418333333334
vertex 44.00387166666667 -50.468093333333336 10.000418333333334
endloop
endfacet
facet normal -0.7069016145721413 -0.7073118882892466 0
outer loop
vertex 42.058625 -48.523975 15.000063333333335
vertex 44.00387166666667 -50.468093333333336 10.000418333333334
vertex 44.00387166666667 -50.468093333333336 15.000063333333335
endloop
endfacet
facet normal -0.707106781186548 -0.7071067811865469 -4.6808829461349e-16
outer loop
vertex 13.541128333333335 -20.00535 12.500805000000001
vertex 13.61447 -20.078691666666668 15.000063333333335
vertex 12.532398333333335 -18.99662 15.000063333333335
endloop
endfacet
facet normal -0.7071067811865476 -0.7071067811865476 0
outer loop
vertex 13.541128333333335 -20.00535 12.500805000000001
vertex 12.532398333333335 -18.99662 15.000063333333335
vertex 12.532398333333335 -18.99662 10.000418333333334
endloop
endfacet
facet normal -0.7071067811865482 -0.707106781186547 4.678770634336103e-16
outer loop
vertex 13.541128333333335 -20.00535 12.500805000000001
vertex 12.532398333333335 -18.99662 10.000418333333334
vertex 13.61447 -20.078691666666668 10.000418333333334
endloop
endfacet
facet normal -0.7071067811865483 -0.7071067811865469 4.598208580615695e-16
outer loop
vertex 13.541128333333335 -20.00535 12.500805000000001
vertex 13.61447 -20.078691666666668 10.000418333333334
vertex 14.476516666666667 -20.940738333333336 10.000418333333334
endloop
endfacet
facet normal -0.7071067811865488 -0.7071067811865461 0
outer loop
vertex 13.541128333333335 -20.00535 12.500805000000001
vertex 14.476516666666667 -20.940738333333336 10.000418333333334
vertex 14.476516666666667 -20.940738333333336 15.000063333333335
endloop
endfacet
facet normal -0.7071067811865482 -0.7071067811865468 -4.6002845212841455e-16
outer loop
vertex 13.541128333333335 -20.00535 12.500805000000001
vertex 14.476516666666667 -20.940738333333336 15.000063333333335
vertex 13.61447 -20.078691666666668 15.000063333333335
endloop
endfacet
facet normal -0.7726244839300985 -0.6348632977513732 0
outer loop
vertex 42.058625 -24.476935 10.000418333333334
vertex 42.921800000000005 -25.527413333333335 10.000418333333334
vertex 42.921800000000005 -25.527413333333335 15.000063333333335
endloop
endfacet
facet normal -0.7726244839300985 -0.6348632977513732 0
outer loop
vertex 42.058625 -24.476935 10.000418333333334
vertex 42.921800000000005 -25.527413333333335 15.000063333333335
vertex 42.058625 -24.476935 15.000063333333335
endloop
endfacet
facet normal -0.6339605003874905 -0.773365427174271 0
outer loop
vertex 38.52355666666667 -20.940738333333336 10.000418333333334
vertex 38.52355666666667 -20.940738333333336 15.000063333333335
vertex 37.47195 -20.078691666666668 15.000063333333335
endloop
endfacet
facet normal -0.6339605003874905 -0.773365427174271 0
outer loop
vertex 38.52355666666667 -20.940738333333336 10.000418333333334
vertex 37.47195 -20.078691666666668 15.000063333333335
vertex 37.47195 -20.078691666666668 10.000418333333334
endloop
endfacet
facet normal 0.6343675063889774 -0.7730316079164105 0
outer loop
vertex 14.476516666666667 -20.940738333333336 10.000418333333334
vertex 15.526995000000001 -20.078691666666668 10.000418333333334
vertex 15.526995000000001 -20.078691666666668 15.000063333333335
endloop
endfacet
facet normal 0.6343675063889774 -0.7730316079164105 0
outer loop
vertex 14.476516666666667 -20.940738333333336 10.000418333333334
vertex 15.526995000000001 -20.078691666666668 15.000063333333335
vertex 14.476516666666667 -20.940738333333336 15.000063333333335
endloop
endfacet
facet normal 0.7726244839301004 -0.6348632977513708 0
outer loop
vertex 10.941448333333334 -24.476935 10.000418333333334
vertex 10.941448333333334 -24.476935 15.000063333333335
vertex 10.078273333333334 -25.527413333333335 15.000063333333335
endloop
endfacet
facet normal 0.7726244839301004 -0.6348632977513708 0
outer loop
vertex 10.941448333333334 -24.476935 10.000418333333334
vertex 10.078273333333334 -25.527413333333335 15.000063333333335
vertex 10.078273333333334 -25.527413333333335 10.000418333333334
endloop
endfacet
facet normal 0.7729586494409788 0.6344564021699033 0
outer loop
vertex 10.941448333333334 -48.523975 10.000418333333334
vertex 10.078273333333334 -47.472368333333335 10.000418333333334
vertex 10.078273333333334 -47.472368333333335 15.000063333333335
endloop
endfacet
facet normal 0.7729586494409788 0.6344564021699033 0
outer loop
vertex 10.941448333333334 -48.523975 10.000418333333334
vertex 10.078273333333334 -47.472368333333335 15.000063333333335
vertex 10.941448333333334 -48.523975 15.000063333333335
endloop
endfacet
facet normal 0.634367506388979 0.7730316079164091 0
outer loop
vertex 14.476516666666667 -52.059043333333335 10.000418333333334
vertex 14.476516666666667 -52.059043333333335 15.000063333333335
vertex 15.526995000000001 -52.92109000000001 15.000063333333335
endloop
endfacet
facet normal 0.634367506388979 0.7730316079164091 0
outer loop
vertex 14.476516666666667 -52.059043333333335 10.000418333333334
vertex 15.526995000000001 -52.92109000000001 15.000063333333335
vertex 15.526995000000001 -52.92109000000001 10.000418333333334
endloop
endfacet
facet normal -0.6339605003874921 0.7733654271742698 0
outer loop
vertex 38.52355666666667 -52.059043333333335 10.000418333333334
vertex 37.47195 -52.92109000000001 10.000418333333334
vertex 37.47195 -52.92109000000001 15.000063333333335
endloop
endfacet
facet normal -0.6339605003874921 0.7733654271742698 0
outer loop
vertex 38.52355666666667 -52.059043333333335 10.000418333333334
vertex 37.47195 -52.92109000000001 15.000063333333335
vertex 38.52355666666667 -52.059043333333335 15.000063333333335
endloop
endfacet
facet normal -0.7729586494409769 0.6344564021699057 0
outer loop
vertex 42.058625 -48.523975 10.000418333333334
vertex 42.058625 -48.523975 15.000063333333335
vertex 42.921800000000005 -47.472368333333335 15.000063333333335
endloop
endfacet
facet normal -0.7729586494409769 0.6344564021699057 0
outer loop
vertex 42.058625 -48.523975 10.000418333333334
vertex 42.921800000000005 -47.472368333333335 15.000063333333335
vertex 42.921800000000005 -47.472368333333335 10.000418333333334
endloop
endfacet
facet normal 0.9569416067063066 0.2902804873813472 0
outer loop
vertex -11.318311666666668 -24.731938333333336 4.900351666666667
vertex -11.984028333333335 -22.53733 0
vertex -11.984028333333335 -22.53733 10.000418333333334
endloop
endfacet
facet normal 0.9569772209191507 0.2901630500195946 0.000055183197828958086
outer loop
vertex -11.318311666666668 -24.731938333333336 4.900351666666667
vertex -11.984028333333335 -22.53733 10.000418333333334
vertex -10.874876666666667 -26.195386666666668 10.000418333333334
endloop
endfacet
facet normal 0.957030610103275 0.28998691578302865 0
outer loop
vertex -11.318311666666668 -24.731938333333336 4.900351666666667
vertex -10.874876666666667 -26.195386666666668 10.000418333333334
vertex -10.874876666666667 -26.195386666666668 4.499793333333334
endloop
endfacet
facet normal 0.957030610103275 0.2899869157830286 0
outer loop
vertex -11.318311666666668 -24.731938333333336 4.900351666666667
vertex -10.874876666666667 -26.195386666666668 4.499793333333334
vertex -10.874876666666667 -26.195386666666668 0
endloop
endfacet
facet normal 0.9569772207979627 0.2901630499828494 -0.00005743220220016208
outer loop
vertex -11.318311666666668 -24.731938333333336 4.900351666666667
vertex -10.874876666666667 -26.195386666666668 0
vertex -11.984028333333335 -22.53733 0
endloop
endfacet
facet normal 0.8819358998222447 0.47136935475773944 0
outer loop
vertex -13.785976666666668 -19.16587 0
vertex -13.785976666666668 -19.16587 10.000418333333334
vertex -11.984028333333335 -22.53733 10.000418333333334
endloop
endfacet
facet normal 0.8819358998222447 0.47136935475773944 0
outer loop
vertex -13.785976666666668 -19.16587 0
vertex -11.984028333333335 -22.53733 10.000418333333334
vertex -11.984028333333335 -22.53733 0
endloop
endfacet
facet normal 0.7727986410459778 0.6346512903929921 0
outer loop
vertex -16.211893333333336 -16.211893333333336 0
vertex -16.211893333333336 -16.211893333333336 10.000418333333334
vertex -13.785976666666668 -19.16587 10.000418333333334
endloop
endfacet
facet normal 0.7727986410459778 0.6346512903929921 0
outer loop
vertex -16.211893333333336 -16.211893333333336 0
vertex -13.785976666666668 -19.16587 10.000418333333334
vertex -13.785976666666668 -19.16587 0
endloop
endfacet
facet normal 0.6346512903929921 0.7727986410459778 0
outer loop
vertex -19.16587 -13.785976666666668 0
vertex -19.16587 -13.785976666666668 10.000418333333334
vertex -16.211893333333336 -16.211893333333336 10.000418333333334
endloop
endfacet
facet normal 0.6346512903929921 0.7727986410459778 0
outer loop
vertex -19.16587 -13.785976666666668 0
vertex -16.211893333333336 -16.211893333333336 10.000418333333334
vertex -16.211893333333336 -16.211893333333336 0
endloop
endfacet
facet normal 0.47136935475773944 0.8819358998222447 0
outer loop
vertex -22.53733 -11.984028333333335 0
vertex -22.53733 -11.984028333333335 10.000418333333334
vertex -19.16587 -13.785976666666668 10.000418333333334
endloop
endfacet
facet normal 0.47136935475773944 0.8819358998222447 0
outer loop
vertex -22.53733 -11.984028333333335 0
vertex -19.16587 -13.785976666666668 10.000418333333334
vertex -19.16587 -13.785976666666668 0
endloop
endfacet
facet normal 0.2901630504613948 0.9569772223762373 0
outer loop
vertex -26.195386666666668 -10.874876666666667 0
vertex -26.195386666666668 -10.874876666666667 10.000418333333334
vertex -22.53733 -11.984028333333335 10.000418333333334
endloop
endfacet
facet normal 0.2901630504613948 0.9569772223762373 0
outer loop
vertex -26.195386666666668 -10.874876666666667 0
vertex -22.53733 -11.984028333333335 10.000418333333334
vertex -22.53733 -11.984028333333335 0
endloop
endfacet
facet normal 0.09798410712601792 0.9951879796052185 0
outer loop
vertex -30.00012666666667 -10.50027 0
vertex -30.00012666666667 -10.50027 10.000418333333334
vertex -26.195386666666668 -10.874876666666667 10.000418333333334
endloop
endfacet
facet normal 0.09798410712601792 0.9951879796052185 0
outer loop
vertex -30.00012666666667 -10.50027 0
vertex -26.195386666666668 -10.874876666666667 10.000418333333334
vertex -26.195386666666668 -10.874876666666667 0
endloop
endfacet
facet normal -0.09801289471377743 0.9951851448197093 0
outer loop
vertex -33.803738333333335 -10.874876666666667 0
vertex -33.803738333333335 -10.874876666666667 10.000418333333334
vertex -30.00012666666667 -10.50027 10.000418333333334
endloop
endfacet
facet normal -0.09801289471377743 0.9951851448197093 0
outer loop
vertex -33.803738333333335 -10.874876666666667 0
vertex -30.00012666666667 -10.50027 10.000418333333334
vertex -30.00012666666667 -10.50027 0
endloop
endfacet
facet normal -0.2901630504613948 0.9569772223762373 0
outer loop
vertex -37.461795 -11.984028333333335 0
vertex -37.461795 -11.984028333333335 10.000418333333334
vertex -33.803738333333335 -10.874876666666667 10.000418333333334
endloop
endfacet
facet normal -0.2901630504613948 0.9569772223762373 0
outer loop
vertex -37.461795 -11.984028333333335 0
vertex -33.803738333333335 -10.874876666666667 10.000418333333334
vertex -33.803738333333335 -10.874876666666667 0
endloop
endfacet
facet normal -0.47136935475773944 0.8819358998222447 0
outer loop
vertex -40.833255 -13.785976666666668 0
vertex -40.833255 -13.785976666666668 10.000418333333334
vertex -37.461795 -11.984028333333335 10.000418333333334
endloop
endfacet
facet normal -0.47136935475773944 0.8819358998222447 0
outer loop
vertex -40.833255 -13.785976666666668 0
vertex -37.461795 -11.984028333333335 10.000418333333334
vertex -37.461795 -11.984028333333335 0
endloop
endfacet
facet normal -0.6345065357320109 0.7729174963172732 0
outer loop
vertex -43.788360000000004 -16.211893333333336 0
vertex -43.788360000000004 -16.211893333333336 10.000418333333334
vertex -40.833255 -13.785976666666668 10.000418333333334
endloop
endfacet
facet normal -0.6345065357320109 0.7729174963172732 0
outer loop
vertex -43.788360000000004 -16.211893333333336 0
vertex -40.833255 -13.785976666666668 10.000418333333334
vertex -40.833255 -13.785976666666668 0
endloop
endfacet
facet normal -0.7729434246050287 0.6344749501436999 0
outer loop
vertex -46.213148333333336 -19.16587 0
vertex -46.213148333333336 -19.16587 10.000418333333334
vertex -43.788360000000004 -16.211893333333336 10.000418333333334
endloop
endfacet
facet normal -0.7729434246050287 0.6344749501436999 0
outer loop
vertex -46.213148333333336 -19.16587 0
vertex -43.788360000000004 -16.211893333333336 10.000418333333334
vertex -43.788360000000004 -16.211893333333336 0
endloop
endfacet
facet normal -0.8819358998222444 0.4713693547577397 0
outer loop
vertex -48.01509666666667 -22.53733 0
vertex -48.01509666666667 -22.53733 10.000418333333334
vertex -46.213148333333336 -19.16587 10.000418333333334
endloop
endfacet
facet normal -0.8819358998222444 0.4713693547577397 0
outer loop
vertex -48.01509666666667 -22.53733 0
vertex -46.213148333333336 -19.16587 10.000418333333334
vertex -46.213148333333336 -19.16587 0
endloop
endfacet
facet normal -0.9568256342382033 0.2906625288279519 0
outer loop
vertex -48.68081333333333 -24.731938333333336 4.900351666666667
vertex -49.12537666666667 -26.195386666666668 0
vertex -49.12537666666667 -26.195386666666668 4.499793333333334
endloop
endfacet
facet normal -0.9568256342382034 0.29066252882795196 0
outer loop
vertex -48.68081333333333 -24.731938333333336 4.900351666666667
vertex -49.12537666666667 -26.195386666666668 4.499793333333334
vertex -49.12537666666667 -26.195386666666668 10.000418333333334
endloop
endfacet
facet normal -0.9568952230280308 0.29043334344835864 -0.00007182996029302403
outer loop
vertex -48.68081333333333 -24.731938333333336 4.900351666666667
vertex -49.12537666666667 -26.195386666666668 10.000418333333334
vertex -48.01509666666667 -22.53733 10.000418333333334
endloop
endfacet
facet normal -0.956941606706307 0.290280487381345 0
outer loop
vertex -48.68081333333333 -24.731938333333336 4.900351666666667
vertex -48.01509666666667 -22.53733 10.000418333333334
vertex -48.01509666666667 -22.53733 0
endloop
endfacet
facet normal -0.956895222822716 0.2904333433860423 0.00007475740742684918
outer loop
vertex -48.68081333333333 -24.731938333333336 4.900351666666667
vertex -48.01509666666667 -22.53733 0
vertex -49.12537666666667 -26.195386666666668 0
endloop
endfacet
facet normal -0.956941606706307 -0.290280487381345 0
outer loop
vertex -48.68081333333333 -35.26718666666667 4.900351666666667
vertex -48.01509666666667 -37.461795 0
vertex -48.01509666666667 -37.461795 10.000418333333334
endloop
endfacet
facet normal -0.9568952230280308 -0.29043334344835864 -0.00007182996029302403
outer loop
vertex -48.68081333333333 -35.26718666666667 4.900351666666667
vertex -48.01509666666667 -37.461795 10.000418333333334
vertex -49.12537666666667 -33.803738333333335 10.000418333333334
endloop
endfacet
facet normal -0.9568256342382034 -0.29066252882795196 0
outer loop
vertex -48.68081333333333 -35.26718666666667 4.900351666666667
vertex -49.12537666666667 -33.803738333333335 10.000418333333334
vertex -49.12537666666667 -33.803738333333335 4.499793333333334
endloop
endfacet
facet normal -0.9568256342382033 -0.2906625288279519 0
outer loop
vertex -48.68081333333333 -35.26718666666667 4.900351666666667
vertex -49.12537666666667 -33.803738333333335 4.499793333333334
vertex -49.12537666666667 -33.803738333333335 0
endloop
endfacet
facet normal -0.956895222822716 -0.2904333433860423 0.00007475740742684918
outer loop
vertex -48.68081333333333 -35.26718666666667 4.900351666666667
vertex -49.12537666666667 -33.803738333333335 0
vertex -48.01509666666667 -37.461795 0
endloop
endfacet
facet normal -0.8819358998222444 -0.4713693547577397 0
outer loop
vertex -46.213148333333336 -40.833255 0
vertex -46.213148333333336 -40.833255 10.000418333333334
vertex -48.01509666666667 -37.461795 10.000418333333334
endloop
endfacet
facet normal -0.8819358998222444 -0.4713693547577397 0
outer loop
vertex -46.213148333333336 -40.833255 0
vertex -48.01509666666667 -37.461795 10.000418333333334
vertex -48.01509666666667 -37.461795 0
endloop
endfacet
facet normal -0.7730622360766227 -0.6343301814924244 0
outer loop
vertex -43.788360000000004 -43.788360000000004 0
vertex -43.788360000000004 -43.788360000000004 10.000418333333334
vertex -46.213148333333336 -40.833255 10.000418333333334
endloop
endfacet
facet normal -0.7730622360766227 -0.6343301814924244 0
outer loop
vertex -43.788360000000004 -43.788360000000004 0
vertex -46.213148333333336 -40.833255 10.000418333333334
vertex -46.213148333333336 -40.833255 0
endloop
endfacet
facet normal -0.6343301814924244 -0.7730622360766227 0
outer loop
vertex -40.833255 -46.213148333333336 0
vertex -40.833255 -46.213148333333336 10.000418333333334
vertex -43.788360000000004 -43.788360000000004 10.000418333333334
endloop
endfacet
facet normal -0.6343301814924244 -0.7730622360766227 0
outer loop
vertex -40.833255 -46.213148333333336 0
vertex -43.788360000000004 -43.788360000000004 10.000418333333334
vertex -43.788360000000004 -43.788360000000004 0
endloop
endfacet
facet normal -0.4713693547577397 -0.8819358998222444 0
outer loop
vertex -37.461795 -48.01509666666667 0
vertex -37.461795 -48.01509666666667 10.000418333333334
vertex -40.833255 -46.213148333333336 10.000418333333334
endloop
endfacet
facet normal -0.4713693547577397 -0.8819358998222444 0
outer loop
vertex -37.461795 -48.01509666666667 0
vertex -40.833255 -46.213148333333336 10.000418333333334
vertex -40.833255 -46.213148333333336 0
endloop
endfacet
facet normal -0.29043334419761035 -0.956895225496602 0
outer loop
vertex -33.803738333333335 -49.12537666666667 0
vertex -33.803738333333335 -49.12537666666667 10.000418333333334
vertex -37.461795 -48.01509666666667 10.000418333333334
endloop
endfacet
facet normal -0.29043334419761035 -0.956895225496602 0
outer loop
vertex -33.803738333333335 -49.12537666666667 0
vertex -37.461795 -48.01509666666667 10.000418333333334
vertex -37.461795 -48.01509666666667 0
endloop
endfacet
facet normal -0.09801289471377697 -0.9951851448197094 0
outer loop
vertex -30.00012666666667 -49.49998333333333 0
vertex -30.00012666666667 -49.49998333333333 10.000418333333334
vertex -33.803738333333335 -49.12537666666667 10.000418333333334
endloop
endfacet
facet normal -0.09801289471377697 -0.9951851448197094 0
outer loop
vertex -30.00012666666667 -49.49998333333333 0
vertex -33.803738333333335 -49.12537666666667 10.000418333333334
vertex -33.803738333333335 -49.12537666666667 0
endloop
endfacet
facet normal 0.09798410712601748 -0.9951879796052188 0
outer loop
vertex -26.195386666666668 -49.12537666666667 0
vertex -26.195386666666668 -49.12537666666667 10.000418333333334
vertex -30.00012666666667 -49.49998333333333 10.000418333333334
endloop
endfacet
facet normal 0.09798410712601748 -0.9951879796052188 0
outer loop
vertex -26.195386666666668 -49.12537666666667 0
vertex -30.00012666666667 -49.49998333333333 10.000418333333334
vertex -30.00012666666667 -49.49998333333333 0
endloop
endfacet
facet normal 0.29043334419761035 -0.956895225496602 0
outer loop
vertex -22.53733 -48.01509666666667 0
vertex -22.53733 -48.01509666666667 10.000418333333334
vertex -26.195386666666668 -49.12537666666667 10.000418333333334
endloop
endfacet
facet normal 0.29043334419761035 -0.956895225496602 0
outer loop
vertex -22.53733 -48.01509666666667 0
vertex -26.195386666666668 -49.12537666666667 10.000418333333334
vertex -26.195386666666668 -49.12537666666667 0
endloop
endfacet
facet normal 0.4713693547577397 -0.8819358998222444 0
outer loop
vertex -19.16587 -46.213148333333336 0
vertex -19.16587 -46.213148333333336 10.000418333333334
vertex -22.53733 -48.01509666666667 10.000418333333334
endloop
endfacet
facet normal 0.4713693547577397 -0.8819358998222444 0
outer loop
vertex -19.16587 -46.213148333333336 0
vertex -22.53733 -48.01509666666667 10.000418333333334
vertex -22.53733 -48.01509666666667 0
endloop
endfacet
facet normal 0.6344749465891162 -0.7729434202746862 -0.000105852765256704
outer loop
vertex -17.33684166666667 -44.712465 5.000773333333334
vertex -16.63389 -44.13475833333334 0
vertex -16.211893333333336 -43.788360000000004 0
endloop
endfacet
facet normal 0.6347559510580459 -0.7727126779058279 0
outer loop
vertex -17.33684166666667 -44.712465 5.000773333333334
vertex -16.211893333333336 -43.788360000000004 0
vertex -16.211893333333336 -43.788360000000004 10.000418333333334
endloop
endfacet
facet normal 0.6344749465875117 -0.7729434202727316 0.00010587665439325793
outer loop
vertex -17.33684166666667 -44.712465 5.000773333333334
vertex -16.211893333333336 -43.788360000000004 10.000418333333334
vertex -16.63389 -44.13475833333334 10.000418333333334
endloop
endfacet
facet normal 0.6344749465875101 -0.7729434202727328 0.00010587665439366439
outer loop
vertex -17.33684166666667 -44.712465 5.000773333333334
vertex -16.63389 -44.13475833333334 10.000418333333334
vertex -19.16587 -46.213148333333336 10.000418333333334
endloop
endfacet
facet normal 0.6343019948000612 -0.7730853635871415 0
outer loop
vertex -17.33684166666667 -44.712465 5.000773333333334
vertex -19.16587 -46.213148333333336 10.000418333333334
vertex -19.16587 -46.213148333333336 0
endloop
endfacet
facet normal 0.6344749465891147 -0.7729434202746877 -0.00010585276525711042
outer loop
vertex -17.33684166666667 -44.712465 5.000773333333334
vertex -19.16587 -46.213148333333336 0
vertex -16.63389 -44.13475833333334 0
endloop
endfacet
facet normal 0.7729174963172732 -0.6345065357320109 0
outer loop
vertex -13.785976666666668 -40.833255 0
vertex -13.785976666666668 -40.833255 10.000418333333334
vertex -16.211893333333336 -43.788360000000004 10.000418333333334
endloop
endfacet
facet normal 0.7729174963172732 -0.6345065357320109 0
outer loop
vertex -13.785976666666668 -40.833255 0
vertex -16.211893333333336 -43.788360000000004 10.000418333333334
vertex -16.211893333333336 -43.788360000000004 0
endloop
endfacet
facet normal 0.8819358998222447 -0.47136935475773944 0
outer loop
vertex -11.984028333333335 -37.461795 0
vertex -11.984028333333335 -37.461795 10.000418333333334
vertex -13.785976666666668 -40.833255 10.000418333333334
endloop
endfacet
facet normal 0.8819358998222447 -0.47136935475773944 0
outer loop
vertex -11.984028333333335 -37.461795 0
vertex -13.785976666666668 -40.833255 10.000418333333334
vertex -13.785976666666668 -40.833255 0
endloop
endfacet
facet normal 0.957030610103275 -0.2899869157830286 0
outer loop
vertex -11.318311666666668 -35.26718666666667 4.900351666666667
vertex -10.874876666666667 -33.803738333333335 0
vertex -10.874876666666667 -33.803738333333335 4.499793333333334
endloop
endfacet
facet normal 0.957030610103275 -0.28998691578302865 0
outer loop
vertex -11.318311666666668 -35.26718666666667 4.900351666666667
vertex -10.874876666666667 -33.803738333333335 4.499793333333334
vertex -10.874876666666667 -33.803738333333335 10.000418333333334
endloop
endfacet
facet normal 0.9569772209191507 -0.2901630500195946 0.000055183197828958086
outer loop
vertex -11.318311666666668 -35.26718666666667 4.900351666666667
vertex -10.874876666666667 -33.803738333333335 10.000418333333334
vertex -11.984028333333335 -37.461795 10.000418333333334
endloop
endfacet
facet normal 0.9569416067063066 -0.2902804873813472 0
outer loop
vertex -11.318311666666668 -35.26718666666667 4.900351666666667
vertex -11.984028333333335 -37.461795 10.000418333333334
vertex -11.984028333333335 -37.461795 0
endloop
endfacet
facet normal 0.9569772207979627 -0.2901630499828494 -0.00005743220220016208
outer loop
vertex -11.318311666666668 -35.26718666666667 4.900351666666667
vertex -11.984028333333335 -37.461795 0
vertex -10.874876666666667 -33.803738333333335 0
endloop
endfacet
facet normal 0.9951879796052187 0.09798410712601793 0
outer loop
vertex -10.50027 -30.00012666666667 10.000418333333334
vertex -10.50027 -30.00012666666667 4.499793333333334
vertex -10.874876666666667 -26.195386666666668 4.499793333333334
endloop
endfacet
facet normal 0.9951879796052187 0.09798410712601793 0
outer loop
vertex -10.50027 -30.00012666666667 10.000418333333334
vertex -10.874876666666667 -26.195386666666668 4.499793333333334
vertex -10.874876666666667 -26.195386666666668 10.000418333333334
endloop
endfacet
facet normal 0.995165063302532 0.09821658099357342 0
outer loop
vertex -10.721423333333334 -27.750230000000002 4.499793333333334
vertex -10.721423333333334 -27.750230000000002 0
vertex -10.874876666666667 -26.195386666666668 0
endloop
endfacet
facet normal 0.995165063302532 0.09821658099357342 0
outer loop
vertex -10.721423333333334 -27.750230000000002 4.499793333333334
vertex -10.874876666666667 -26.195386666666668 0
vertex -10.874876666666667 -26.195386666666668 4.499793333333334
endloop
endfacet
facet normal -0.9951879796052187 0.09798410712601746 0
outer loop
vertex -49.12537666666667 -26.195386666666668 10.000418333333334
vertex -49.12537666666667 -26.195386666666668 4.499793333333334
vertex -49.49998333333333 -30.00012666666667 4.499793333333334
endloop
endfacet
facet normal -0.9951879796052187 0.09798410712601746 0
outer loop
vertex -49.12537666666667 -26.195386666666668 10.000418333333334
vertex -49.49998333333333 -30.00012666666667 4.499793333333334
vertex -49.49998333333333 -30.00012666666667 10.000418333333334
endloop
endfacet
facet normal -0.9951650633025317 0.0982165809935768 0
outer loop
vertex -49.12537666666667 -26.195386666666668 4.499793333333334
vertex -49.12537666666667 -26.195386666666668 0
vertex -49.278830000000006 -27.750230000000002 0
endloop
endfacet
facet normal -0.9951650633025317 0.0982165809935768 0
outer loop
vertex -49.12537666666667 -26.195386666666668 4.499793333333334
vertex -49.278830000000006 -27.750230000000002 0
vertex -49.278830000000006 -27.750230000000002 4.499793333333334
endloop
endfacet
facet normal -0.9951851448197095 -0.09801289471377699 0
outer loop
vertex -49.49998333333333 -30.00012666666667 10.000418333333334
vertex -49.49998333333333 -30.00012666666667 4.499793333333334
vertex -49.12537666666667 -33.803738333333335 4.499793333333334
endloop
endfacet
facet normal -0.9951851448197095 -0.09801289471377699 0
outer loop
vertex -49.49998333333333 -30.00012666666667 10.000418333333334
vertex -49.12537666666667 -33.803738333333335 4.499793333333334
vertex -49.12537666666667 -33.803738333333335 10.000418333333334
endloop
endfacet
facet normal -0.9951580892710007 -0.0982872186934357 0
outer loop
vertex -49.278830000000006 -32.25002333333334 4.499793333333334
vertex -49.278830000000006 -32.25002333333334 0
vertex -49.12537666666667 -33.803738333333335 0
endloop
endfacet
facet normal -0.9951580892710007 -0.0982872186934357 0
outer loop
vertex -49.278830000000006 -32.25002333333334 4.499793333333334
vertex -49.12537666666667 -33.803738333333335 0
vertex -49.12537666666667 -33.803738333333335 4.499793333333334
endloop
endfacet
facet normal 0.9951851448197095 -0.09801289471377746 0
outer loop
vertex -10.874876666666667 -33.803738333333335 10.000418333333334
vertex -10.874876666666667 -33.803738333333335 4.499793333333334
vertex -10.50027 -30.00012666666667 4.499793333333334
endloop
endfacet
facet normal 0.9951851448197095 -0.09801289471377746 0
outer loop
vertex -10.874876666666667 -33.803738333333335 10.000418333333334
vertex -10.50027 -30.00012666666667 4.499793333333334
vertex -10.50027 -30.00012666666667 10.000418333333334
endloop
endfacet
facet normal 0.9951580892710009 -0.09828721869343231 0
outer loop
vertex -10.874876666666667 -33.803738333333335 4.499793333333334
vertex -10.874876666666667 -33.803738333333335 0
vertex -10.721423333333334 -32.25002333333334 0
endloop
endfacet
facet normal 0.9951580892710009 -0.09828721869343231 0
outer loop
vertex -10.874876666666667 -33.803738333333335 4.499793333333334
vertex -10.721423333333334 -32.25002333333334 0
vertex -10.721423333333334 -32.25002333333334 4.499793333333334
endloop
endfacet
facet normal 0.9952037853298832 0.09782344128618674 0
outer loop
vertex -7.5000316666666675 -30.00012666666667 4.499793333333334
vertex -7.5000316666666675 -30.00012666666667 0
vertex -7.721185 -27.750230000000002 0
endloop
endfacet
facet normal 0.9952037853298832 0.09782344128618674 0
outer loop
vertex -7.5000316666666675 -30.00012666666667 4.499793333333334
vertex -7.721185 -27.750230000000002 0
vertex -7.721185 -27.750230000000002 4.499793333333334
endloop
endfacet
facet normal -0.9951550755217403 0.09831772812326144 0
outer loop
vertex -52.27794 -27.750230000000002 4.499793333333334
vertex -52.27794 -27.750230000000002 0
vertex -52.50022166666667 -30.00012666666667 0
endloop
endfacet
facet normal -0.9951550755217403 0.09831772812326144 0
outer loop
vertex -52.27794 -27.750230000000002 4.499793333333334
vertex -52.50022166666667 -30.00012666666667 0
vertex -52.50022166666667 -30.00012666666667 4.499793333333334
endloop
endfacet
facet normal -0.9951550755217403 -0.09831772812326144 0
outer loop
vertex -52.50022166666667 -30.00012666666667 4.499793333333334
vertex -52.50022166666667 -30.00012666666667 0
vertex -52.27794 -32.25002333333334 0
endloop
endfacet
facet normal -0.9951550755217403 -0.09831772812326144 0
outer loop
vertex -52.50022166666667 -30.00012666666667 4.499793333333334
vertex -52.27794 -32.25002333333334 0
vertex -52.27794 -32.25002333333334 4.499793333333334
endloop
endfacet
facet normal 0.9952037853298832 -0.09782344128618674 0
outer loop
vertex -7.5000316666666675 -30.00012666666667 0
vertex -7.5000316666666675 -30.00012666666667 4.499793333333334
vertex -7.721185 -32.25002333333334 4.499793333333334
endloop
endfacet
facet normal 0.9952037853298832 -0.09782344128618674 0
outer loop
vertex -7.5000316666666675 -30.00012666666667 0
vertex -7.721185 -32.25002333333334 4.499793333333334
vertex -7.721185 -32.25002333333334 0
endloop
endfacet
facet normal 0 -0.9999999999999999 0
outer loop
vertex -10.721423333333334 -32.25002333333334 4.499793333333334
vertex -10.721423333333334 -32.25002333333334 0
vertex -7.721185 -32.25002333333334 0
endloop
endfacet
facet normal 0 -0.9999999999999999 0
outer loop
vertex -10.721423333333334 -32.25002333333334 4.499793333333334
vertex -7.721185 -32.25002333333334 0
vertex -7.721185 -32.25002333333334 4.499793333333334
endloop
endfacet
facet normal 0 -1 0
outer loop
vertex -52.27794 -32.25002333333334 4.499793333333334
vertex -52.27794 -32.25002333333334 0
vertex -49.278830000000006 -32.25002333333334 0
endloop
endfacet
facet normal 0 -1 0
outer loop
vertex -52.27794 -32.25002333333334 4.499793333333334
vertex -49.278830000000006 -32.25002333333334 0
vertex -49.278830000000006 -32.25002333333334 4.499793333333334
endloop
endfacet
facet normal 0 1 0
outer loop
vertex -49.278830000000006 -27.750230000000002 4.499793333333334
vertex -49.278830000000006 -27.750230000000002 0
vertex -52.27794 -27.750230000000002 0
endloop
endfacet
facet normal 0 1 0
outer loop
vertex -49.278830000000006 -27.750230000000002 4.499793333333334
vertex -52.27794 -27.750230000000002 0
vertex -52.27794 -27.750230000000002 4.499793333333334
endloop
endfacet
facet normal 0 0.9999999999999999 0
outer loop
vertex -7.721185 -27.750230000000002 4.499793333333334
vertex -7.721185 -27.750230000000002 0
vertex -10.721423333333334 -27.750230000000002 0
endloop
endfacet
facet normal 0 0.9999999999999999 0
outer loop
vertex -7.721185 -27.750230000000002 4.499793333333334
vertex -10.721423333333334 -27.750230000000002 0
vertex -10.721423333333334 -27.750230000000002 4.499793333333334
endloop
endfacet
facet normal 0 0 1
outer loop
vertex -10.721423333333334 32.25002333333334 4.499793333333334
vertex -10.50027 30.00012666666667 4.499793333333334
vertex -7.5000316666666675 30.00012666666667 4.499793333333334
endloop
endfacet
facet normal 0 0 1
outer loop
vertex -10.721423333333334 32.25002333333334 4.499793333333334
vertex -7.5000316666666675 30.00012666666667 4.499793333333334
vertex -7.721185 32.25002333333334 4.499793333333334
endloop
endfacet
facet normal 0 0 1
outer loop
vertex -52.27794 32.25002333333334 4.499793333333334
vertex -52.50022166666667 30.00012666666667 4.499793333333334
vertex -49.49998333333333 30.00012666666667 4.499793333333334
endloop
endfacet
facet normal 0 0 0.9999999999999999
outer loop
vertex -52.27794 32.25002333333334 4.499793333333334
vertex -49.49998333333333 30.00012666666667 4.499793333333334
vertex -49.278830000000006 32.25002333333334 4.499793333333334
endloop
endfacet
facet normal 0 0 1
outer loop
vertex -10.50027 30.00012666666667 4.499793333333334
vertex -10.721423333333334 27.750230000000002 4.499793333333334
vertex -7.721185 27.750230000000002 4.499793333333334
endloop
endfacet
facet normal 0 0 1
outer loop
vertex -10.50027 30.00012666666667 4.499793333333334
vertex -7.721185 27.750230000000002 4.499793333333334
vertex -7.5000316666666675 30.00012666666667 4.499793333333334
endloop
endfacet
facet normal 0 0 1
outer loop
vertex -52.50022166666667 30.00012666666667 4.499793333333334
vertex -52.27794 27.750230000000002 4.499793333333334
vertex -49.278830000000006 27.750230000000002 4.499793333333334
endloop
endfacet
facet normal 0 0 1
outer loop
vertex -52.50022166666667 30.00012666666667 4.499793333333334
vertex -49.278830000000006 27.750230000000002 4.499793333333334
vertex -49.49998333333333 30.00012666666667 4.499793333333334
endloop
endfacet
facet normal 0 0 1
outer loop
vertex -10.721423333333334 -27.750230000000002 4.499793333333334
vertex -10.50027 -30.00012666666667 4.499793333333334
vertex -7.5000316666666675 -30.00012666666667 4.499793333333334
endloop
endfacet
facet normal 0 0 1
outer loop
vertex -10.721423333333334 -27.750230000000002 4.499793333333334
vertex -7.5000316666666675 -30.00012666666667 4.499793333333334
vertex -7.721185 -27.750230000000002 4.499793333333334
endloop
endfacet
facet normal 0 0 1
outer loop
vertex -52.27794 -27.750230000000002 4.499793333333334
vertex -52.50022166666667 -30.00012666666667 4.499793333333334
vertex -49.49998333333333 -30.00012666666667 4.499793333333334
endloop
endfacet
facet normal 0 0 0.9999999999999999
outer loop
vertex -52.27794 -27.750230000000002 4.499793333333334
vertex -49.49998333333333 -30.00012666666667 4.499793333333334
vertex -49.278830000000006 -27.750230000000002 4.499793333333334
endloop
endfacet
facet normal 0 0 1
outer loop
vertex -10.50027 -30.00012666666667 4.499793333333334
vertex -10.721423333333334 -32.25002333333334 4.499793333333334
vertex -7.721185 -32.25002333333334 4.499793333333334
endloop
endfacet
facet normal 0 0 1
outer loop
vertex -10.50027 -30.00012666666667 4.499793333333334
vertex -7.721185 -32.25002333333334 4.499793333333334
vertex -7.5000316666666675 -30.00012666666667 4.499793333333334
endloop
endfacet
facet normal 0 0 1
outer loop
vertex -52.50022166666667 -30.00012666666667 4.499793333333334
vertex -52.27794 -32.25002333333334 4.499793333333334
vertex -49.278830000000006 -32.25002333333334 4.499793333333334
endloop
endfacet
facet normal 0 0 1
outer loop
vertex -52.50022166666667 -30.00012666666667 4.499793333333334
vertex -49.278830000000006 -32.25002333333334 4.499793333333334
vertex -49.49998333333333 -30.00012666666667 4.499793333333334
endloop
endfacet
facet normal -0.9951670805594799 -0.09819613928623648 0
outer loop
vertex -12.999528333333334 -30.00012666666667 0
vertex -12.999528333333334 -30.00012666666667 10.000418333333334
vertex -13.326745 -26.683955 10.000418333333334
endloop
endfacet
facet normal -0.9951670805594799 -0.09819613928623648 0
outer loop
vertex -12.999528333333334 -30.00012666666667 0
vertex -13.326745 -26.683955 10.000418333333334
vertex -13.326745 -26.683955 0
endloop
endfacet
facet normal -0.9569930808675262 -0.2901107429442769 0
outer loop
vertex -13.326745 -26.683955 0
vertex -13.326745 -26.683955 10.000418333333334
vertex -14.293726666666668 -23.49415666666667 10.000418333333334
endloop
endfacet
facet normal -0.9569930808675262 -0.2901107429442769 0
outer loop
vertex -13.326745 -26.683955 0
vertex -14.293726666666668 -23.49415666666667 10.000418333333334
vertex -14.293726666666668 -23.49415666666667 0
endloop
endfacet
facet normal -0.8818370226561163 -0.4715543080844414 0
outer loop
vertex -14.293726666666668 -23.49415666666667 0
vertex -14.293726666666668 -23.49415666666667 10.000418333333334
vertex -15.865495000000001 -20.554848333333336 10.000418333333334
endloop
endfacet
facet normal -0.8818370226561163 -0.4715543080844414 0
outer loop
vertex -14.293726666666668 -23.49415666666667 0
vertex -15.865495000000001 -20.554848333333336 10.000418333333334
vertex -15.865495000000001 -20.554848333333336 0
endloop
endfacet
facet normal -0.7731116904420864 -0.6342699063504272 0
outer loop
vertex -15.865495000000001 -20.554848333333336 0
vertex -15.865495000000001 -20.554848333333336 10.000418333333334
vertex -17.978863333333333 -17.978863333333333 10.000418333333334
endloop
endfacet
facet normal -0.7731116904420864 -0.6342699063504272 0
outer loop
vertex -15.865495000000001 -20.554848333333336 0
vertex -17.978863333333333 -17.978863333333333 10.000418333333334
vertex -17.978863333333333 -17.978863333333333 0
endloop
endfacet
facet normal -0.6342699063504272 -0.7731116904420864 0
outer loop
vertex -17.978863333333333 -17.978863333333333 0
vertex -17.978863333333333 -17.978863333333333 10.000418333333334
vertex -20.554848333333336 -15.865495000000001 10.000418333333334
endloop
endfacet
facet normal -0.6342699063504272 -0.7731116904420864 0
outer loop
vertex -17.978863333333333 -17.978863333333333 0
vertex -20.554848333333336 -15.865495000000001 10.000418333333334
vertex -20.554848333333336 -15.865495000000001 0
endloop
endfacet
facet normal -0.4715543080844414 -0.8818370226561163 0
outer loop
vertex -20.554848333333336 -15.865495000000001 0
vertex -20.554848333333336 -15.865495000000001 10.000418333333334
vertex -23.49415666666667 -14.293726666666668 10.000418333333334
endloop
endfacet
facet normal -0.4715543080844414 -0.8818370226561163 0
outer loop
vertex -20.554848333333336 -15.865495000000001 0
vertex -23.49415666666667 -14.293726666666668 10.000418333333334
vertex -23.49415666666667 -14.293726666666668 0
endloop
endfacet
facet normal -0.2901107429442769 -0.9569930808675262 0
outer loop
vertex -23.49415666666667 -14.293726666666668 0
vertex -23.49415666666667 -14.293726666666668 10.000418333333334
vertex -26.683955 -13.326745 10.000418333333334
endloop
endfacet
facet normal -0.2901107429442769 -0.9569930808675262 0
outer loop
vertex -23.49415666666667 -14.293726666666668 0
vertex -26.683955 -13.326745 10.000418333333334
vertex -26.683955 -13.326745 0
endloop
endfacet
facet normal -0.09819613928623648 -0.9951670805594799 0
outer loop
vertex -26.683955 -13.326745 0
vertex -26.683955 -13.326745 10.000418333333334
vertex -30.00012666666667 -12.999528333333334 10.000418333333334
endloop
endfacet
facet normal -0.09819613928623648 -0.9951670805594799 0
outer loop
vertex -26.683955 -13.326745 0
vertex -30.00012666666667 -12.999528333333334 10.000418333333334
vertex -30.00012666666667 -12.999528333333334 0
endloop
endfacet
facet normal 0.09819613928623658 -0.9951670805594799 0
outer loop
vertex -30.00012666666667 -12.999528333333334 0
vertex -30.00012666666667 -12.999528333333334 10.000418333333334
vertex -33.316298333333336 -13.326745 10.000418333333334
endloop
endfacet
facet normal 0.09819613928623658 -0.9951670805594799 0
outer loop
vertex -30.00012666666667 -12.999528333333334 0
vertex -33.316298333333336 -13.326745 10.000418333333334
vertex -33.316298333333336 -13.326745 0
endloop
endfacet
facet normal 0.2901107429442766 -0.9569930808675262 0
outer loop
vertex -33.316298333333336 -13.326745 0
vertex -33.316298333333336 -13.326745 10.000418333333334
vertex -36.50609666666667 -14.293726666666668 10.000418333333334
endloop
endfacet
facet normal 0.2901107429442766 -0.9569930808675262 0
outer loop
vertex -33.316298333333336 -13.326745 0
vertex -36.50609666666667 -14.293726666666668 10.000418333333334
vertex -36.50609666666667 -14.293726666666668 0
endloop
endfacet
facet normal 0.47169511103701034 -0.8817617151043599 0
outer loop
vertex -36.50609666666667 -14.293726666666668 0
vertex -36.50609666666667 -14.293726666666668 10.000418333333334
vertex -39.44427666666667 -15.865495000000001 10.000418333333334
endloop
endfacet
facet normal 0.47169511103701034 -0.8817617151043599 0
outer loop
vertex -36.50609666666667 -14.293726666666668 0
vertex -39.44427666666667 -15.865495000000001 10.000418333333334
vertex -39.44427666666667 -15.865495000000001 0
endloop
endfacet
facet normal 0.6342699063504272 -0.7731116904420864 0
outer loop
vertex -39.44427666666667 -15.865495000000001 0
vertex -39.44427666666667 -15.865495000000001 10.000418333333334
vertex -42.02026166666667 -17.978863333333333 10.000418333333334
endloop
endfacet
facet normal 0.6342699063504272 -0.7731116904420864 0
outer loop
vertex -39.44427666666667 -15.865495000000001 0
vertex -42.02026166666667 -17.978863333333333 10.000418333333334
vertex -42.02026166666667 -17.978863333333333 0
endloop
endfacet
facet normal 0.7729456443480878 -0.6344722459519561 0
outer loop
vertex -42.02026166666667 -17.978863333333333 0
vertex -42.02026166666667 -17.978863333333333 10.000418333333334
vertex -44.13475833333334 -20.554848333333336 10.000418333333334
endloop
endfacet
facet normal 0.7729456443480878 -0.6344722459519561 0
outer loop
vertex -42.02026166666667 -17.978863333333333 0
vertex -44.13475833333334 -20.554848333333336 10.000418333333334
vertex -44.13475833333334 -20.554848333333336 0
endloop
endfacet
facet normal 0.8819777727521613 -0.47129100179309275 0
outer loop
vertex -44.13475833333334 -20.554848333333336 0
vertex -44.13475833333334 -20.554848333333336 10.000418333333334
vertex -45.705398333333335 -23.49415666666667 10.000418333333334
endloop
endfacet
facet normal 0.8819777727521613 -0.47129100179309275 0
outer loop
vertex -44.13475833333334 -20.554848333333336 0
vertex -45.705398333333335 -23.49415666666667 10.000418333333334
vertex -45.705398333333335 -23.49415666666667 0
endloop
endfacet
facet normal 0.9568990555309277 -0.2904207250249518 0
outer loop
vertex -45.705398333333335 -23.49415666666667 0
vertex -45.705398333333335 -23.49415666666667 10.000418333333334
vertex -46.67350833333334 -26.683955 10.000418333333334
endloop
endfacet
facet normal 0.9568990555309277 -0.2904207250249518 0
outer loop
vertex -45.705398333333335 -23.49415666666667 0
vertex -46.67350833333334 -26.683955 10.000418333333334
vertex -46.67350833333334 -26.683955 0
endloop
endfacet
facet normal 0.9952001143966618 -0.09786078021797655 0
outer loop
vertex -46.67350833333334 -26.683955 0
vertex -46.67350833333334 -26.683955 10.000418333333334
vertex -46.99959666666667 -30.00012666666667 10.000418333333334
endloop
endfacet
facet normal 0.9952001143966618 -0.09786078021797655 0
outer loop
vertex -46.67350833333334 -26.683955 0
vertex -46.99959666666667 -30.00012666666667 10.000418333333334
vertex -46.99959666666667 -30.00012666666667 0
endloop
endfacet
facet normal 0.9952001143966619 0.09786078021797667 0
outer loop
vertex -46.99959666666667 -30.00012666666667 0
vertex -46.99959666666667 -30.00012666666667 10.000418333333334
vertex -46.67350833333334 -33.316298333333336 10.000418333333334
endloop
endfacet
facet normal 0.9952001143966619 0.09786078021797667 0
outer loop
vertex -46.99959666666667 -30.00012666666667 0
vertex -46.67350833333334 -33.316298333333336 10.000418333333334
vertex -46.67350833333334 -33.316298333333336 0
endloop
endfacet
facet normal 0.9568990555309278 0.2904207250249515 0
outer loop
vertex -46.67350833333334 -33.316298333333336 0
vertex -46.67350833333334 -33.316298333333336 10.000418333333334
vertex -45.705398333333335 -36.50609666666667 10.000418333333334
endloop
endfacet
facet normal 0.9568990555309278 0.2904207250249515 0
outer loop
vertex -46.67350833333334 -33.316298333333336 0
vertex -45.705398333333335 -36.50609666666667 10.000418333333334
vertex -45.705398333333335 -36.50609666666667 0
endloop
endfacet
facet normal 0.8819025372601358 0.4714317710699343 0
outer loop
vertex -45.705398333333335 -36.50609666666667 0
vertex -45.705398333333335 -36.50609666666667 10.000418333333334
vertex -44.13475833333334 -39.44427666666667 10.000418333333334
endloop
endfacet
facet normal 0.8819025372601358 0.4714317710699343 0
outer loop
vertex -45.705398333333335 -36.50609666666667 0
vertex -44.13475833333334 -39.44427666666667 10.000418333333334
vertex -44.13475833333334 -39.44427666666667 0
endloop
endfacet
facet normal 0.7729456443480878 0.6344722459519561 0
outer loop
vertex -44.13475833333334 -39.44427666666667 0
vertex -44.13475833333334 -39.44427666666667 10.000418333333334
vertex -42.02026166666667 -42.02026166666667 10.000418333333334
endloop
endfacet
facet normal 0.7729456443480878 0.6344722459519561 0
outer loop
vertex -44.13475833333334 -39.44427666666667 0
vertex -42.02026166666667 -42.02026166666667 10.000418333333334
vertex -42.02026166666667 -42.02026166666667 0
endloop
endfacet
facet normal 0.6344722459519561 0.7729456443480878 0
outer loop
vertex -42.02026166666667 -42.02026166666667 0
vertex -42.02026166666667 -42.02026166666667 10.000418333333334
vertex -39.44427666666667 -44.13475833333334 10.000418333333334
endloop
endfacet
facet normal 0.6344722459519561 0.7729456443480878 0
outer loop
vertex -42.02026166666667 -42.02026166666667 0
vertex -39.44427666666667 -44.13475833333334 10.000418333333334
vertex -39.44427666666667 -44.13475833333334 0
endloop
endfacet
facet normal 0.4714317710699343 0.8819025372601358 0
outer loop
vertex -39.44427666666667 -44.13475833333334 0
vertex -39.44427666666667 -44.13475833333334 10.000418333333334
vertex -36.50609666666667 -45.705398333333335 10.000418333333334
endloop
endfacet
facet normal 0.4714317710699343 0.8819025372601358 0
outer loop
vertex -39.44427666666667 -44.13475833333334 0
vertex -36.50609666666667 -45.705398333333335 10.000418333333334
vertex -36.50609666666667 -45.705398333333335 0
endloop
endfacet
facet normal 0.2904207250249515 0.9568990555309278 0
outer loop
vertex -36.50609666666667 -45.705398333333335 0
vertex -36.50609666666667 -45.705398333333335 10.000418333333334
vertex -33.316298333333336 -46.67350833333334 10.000418333333334
endloop
endfacet
facet normal 0.2904207250249515 0.9568990555309278 0
outer loop
vertex -36.50609666666667 -45.705398333333335 0
vertex -33.316298333333336 -46.67350833333334 10.000418333333334
vertex -33.316298333333336 -46.67350833333334 0
endloop
endfacet
facet normal 0.09786078021797667 0.9952001143966619 0
outer loop
vertex -33.316298333333336 -46.67350833333334 0
vertex -33.316298333333336 -46.67350833333334 10.000418333333334
vertex -30.00012666666667 -46.99959666666667 10.000418333333334
endloop
endfacet
facet normal 0.09786078021797667 0.9952001143966619 0
outer loop
vertex -33.316298333333336 -46.67350833333334 0
vertex -30.00012666666667 -46.99959666666667 10.000418333333334
vertex -30.00012666666667 -46.99959666666667 0
endloop
endfacet
facet normal -0.09786078021797655 0.9952001143966618 0
outer loop
vertex -30.00012666666667 -46.99959666666667 0
vertex -30.00012666666667 -46.99959666666667 10.000418333333334
vertex -26.683955 -46.67350833333334 10.000418333333334
endloop
endfacet
facet normal -0.09786078021797655 0.9952001143966618 0
outer loop
vertex -30.00012666666667 -46.99959666666667 0
vertex -26.683955 -46.67350833333334 10.000418333333334
vertex -26.683955 -46.67350833333334 0
endloop
endfacet
facet normal -0.2904207250249518 0.9568990555309277 0
outer loop
vertex -26.683955 -46.67350833333334 0
vertex -26.683955 -46.67350833333334 10.000418333333334
vertex -23.49415666666667 -45.705398333333335 10.000418333333334
endloop
endfacet
facet normal -0.2904207250249518 0.9568990555309277 0
outer loop
vertex -26.683955 -46.67350833333334 0
vertex -23.49415666666667 -45.705398333333335 10.000418333333334
vertex -23.49415666666667 -45.705398333333335 0
endloop
endfacet
facet normal -0.47129100179309275 0.8819777727521613 0
outer loop
vertex -23.49415666666667 -45.705398333333335 0
vertex -23.49415666666667 -45.705398333333335 10.000418333333334
vertex -20.554848333333336 -44.13475833333334 10.000418333333334
endloop
endfacet
facet normal -0.47129100179309275 0.8819777727521613 0
outer loop
vertex -23.49415666666667 -45.705398333333335 0
vertex -20.554848333333336 -44.13475833333334 10.000418333333334
vertex -20.554848333333336 -44.13475833333334 0
endloop
endfacet
facet normal -0.6344722459519561 0.7729456443480878 0
outer loop
vertex -20.554848333333336 -44.13475833333334 0
vertex -20.554848333333336 -44.13475833333334 10.000418333333334
vertex -17.978863333333333 -42.02026166666667 10.000418333333334
endloop
endfacet
facet normal -0.6344722459519561 0.7729456443480878 0
outer loop
vertex -20.554848333333336 -44.13475833333334 0
vertex -17.978863333333333 -42.02026166666667 10.000418333333334
vertex -17.978863333333333 -42.02026166666667 0
endloop
endfacet
facet normal -0.7731116904420864 0.6342699063504272 0
outer loop
vertex -17.978863333333333 -42.02026166666667 0
vertex -17.978863333333333 -42.02026166666667 10.000418333333334
vertex -15.865495000000001 -39.44427666666667 10.000418333333334
endloop
endfacet
facet normal -0.7731116904420864 0.6342699063504272 0
outer loop
vertex -17.978863333333333 -42.02026166666667 0
vertex -15.865495000000001 -39.44427666666667 10.000418333333334
vertex -15.865495000000001 -39.44427666666667 0
endloop
endfacet
facet normal -0.8817617151043599 0.47169511103701034 0
outer loop
vertex -15.865495000000001 -39.44427666666667 0
vertex -15.865495000000001 -39.44427666666667 10.000418333333334
vertex -14.293726666666668 -36.50609666666667 10.000418333333334
endloop
endfacet
facet normal -0.8817617151043599 0.47169511103701034 0
outer loop
vertex -15.865495000000001 -39.44427666666667 0
vertex -14.293726666666668 -36.50609666666667 10.000418333333334
vertex -14.293726666666668 -36.50609666666667 0
endloop
endfacet
facet normal -0.9569930808675262 0.2901107429442766 0
outer loop
vertex -14.293726666666668 -36.50609666666667 0
vertex -14.293726666666668 -36.50609666666667 10.000418333333334
vertex -13.326745 -33.316298333333336 10.000418333333334
endloop
endfacet
facet normal -0.9569930808675262 0.2901107429442766 0
outer loop
vertex -14.293726666666668 -36.50609666666667 0
vertex -13.326745 -33.316298333333336 10.000418333333334
vertex -13.326745 -33.316298333333336 0
endloop
endfacet
facet normal -0.9951670805594799 0.09819613928623658 0
outer loop
vertex -13.326745 -33.316298333333336 0
vertex -13.326745 -33.316298333333336 10.000418333333334
vertex -12.999528333333334 -30.00012666666667 10.000418333333334
endloop
endfacet
facet normal -0.9951670805594799 0.09819613928623658 0
outer loop
vertex -13.326745 -33.316298333333336 0
vertex -12.999528333333334 -30.00012666666667 10.000418333333334
vertex -12.999528333333334 -30.00012666666667 0
endloop
endfacet
facet normal 0 0 0.9999999999999999
outer loop
vertex -30.00012666666667 48.097465 10.000418333333334
vertex -33.803738333333335 49.12537666666667 10.000418333333334
vertex -37.461795 48.01509666666667 10.000418333333334
endloop
endfacet
facet normal 0 0 1
outer loop
vertex -30.00012666666667 48.097465 10.000418333333334
vertex -37.461795 48.01509666666667 10.000418333333334
vertex -39.363036666666666 46.99959666666667 10.000418333333334
endloop
endfacet
facet normal 0 0 1
outer loop
vertex -30.00012666666667 48.097465 10.000418333333334
vertex -39.363036666666666 46.99959666666667 10.000418333333334
vertex -30.00012666666667 46.99959666666667 10.000418333333334
endloop
endfacet
facet normal 0 0 1
outer loop
vertex -30.00012666666667 48.097465 10.000418333333334
vertex -30.00012666666667 46.99959666666667 10.000418333333334
vertex -20.637216666666667 46.99959666666667 10.000418333333334
endloop
endfacet
facet normal 0 0 1
outer loop
vertex -30.00012666666667 48.097465 10.000418333333334
vertex -20.637216666666667 46.99959666666667 10.000418333333334
vertex -22.53733 48.01509666666667 10.000418333333334
endloop
endfacet
facet normal 0 0 1
outer loop
vertex -30.00012666666667 48.097465 10.000418333333334
vertex -22.53733 48.01509666666667 10.000418333333334
vertex -26.195386666666668 49.12537666666667 10.000418333333334
endloop
endfacet
facet normal 0 0 1
outer loop
vertex -30.00012666666667 48.097465 10.000418333333334
vertex -26.195386666666668 49.12537666666667 10.000418333333334
vertex -30.00012666666667 49.49998333333333 10.000418333333334
endloop
endfacet
facet normal 0 0 1
outer loop
vertex -30.00012666666667 48.097465 10.000418333333334
vertex -30.00012666666667 49.49998333333333 10.000418333333334
vertex -33.803738333333335 49.12537666666667 10.000418333333334
endloop
endfacet
facet normal 0 0 1
outer loop
vertex -30.00012666666667 46.99959666666667 10.000418333333334
vertex -26.683955 46.67350833333334 10.000418333333334
vertex -20.026788333333336 46.67350833333334 10.000418333333334
endloop
endfacet
facet normal 0 0 0.9999999999999999
outer loop
vertex -30.00012666666667 46.99959666666667 10.000418333333334
vertex -20.026788333333336 46.67350833333334 10.000418333333334
vertex -20.637216666666667 46.99959666666667 10.000418333333334
endloop
endfacet
facet normal 0 0 1
outer loop
vertex -39.363036666666666 46.99959666666667 10.000418333333334
vertex -39.973465000000004 46.67350833333334 10.000418333333334
vertex -33.316298333333336 46.67350833333334 10.000418333333334
endloop
endfacet
facet normal 0 0 1
outer loop
vertex -39.363036666666666 46.99959666666667 10.000418333333334
vertex -33.316298333333336 46.67350833333334 10.000418333333334
vertex -30.00012666666667 46.99959666666667 10.000418333333334
endloop
endfacet
facet normal 0 0 1
outer loop
vertex -21.583888333333334 46.19396666666667 10.000418333333334
vertex -26.683955 46.67350833333334 10.000418333333334
vertex -23.49415666666667 45.705398333333335 10.000418333333334
endloop
endfacet
facet normal 0 0 1
outer loop
vertex -21.583888333333334 46.19396666666667 10.000418333333334
vertex -23.49415666666667 45.705398333333335 10.000418333333334
vertex -18.547543333333333 45.705398333333335 10.000418333333334
endloop
endfacet
facet normal 0 0 1
outer loop
vertex -21.583888333333334 46.19396666666667 10.000418333333334
vertex -18.547543333333333 45.705398333333335 10.000418333333334
vertex -19.16587 46.213148333333336 10.000418333333334
endloop
endfacet
facet normal 0 0 1
outer loop
vertex -21.583888333333334 46.19396666666667 10.000418333333334
vertex -19.16587 46.213148333333336 10.000418333333334
vertex -20.026788333333336 46.67350833333334 10.000418333333334
endloop
endfacet
facet normal 0 0 1
outer loop
vertex -21.583888333333334 46.19396666666667 10.000418333333334
vertex -20.026788333333336 46.67350833333334 10.000418333333334
vertex -26.683955 46.67350833333334 10.000418333333334
endloop
endfacet
facet normal 0 0 1
outer loop
vertex -38.416365 46.19396666666667 10.000418333333334
vertex -39.973465000000004 46.67350833333334 10.000418333333334
vertex -40.833255 46.213148333333336 10.000418333333334
endloop
endfacet
facet normal 0 0 1
outer loop
vertex -38.416365 46.19396666666667 10.000418333333334
vertex -40.833255 46.213148333333336 10.000418333333334
vertex -41.45271 45.705398333333335 10.000418333333334
endloop
endfacet
facet normal 0 0 1
outer loop
vertex -38.416365 46.19396666666667 10.000418333333334
vertex -41.45271 45.705398333333335 10.000418333333334
vertex -36.50609666666667 45.705398333333335 10.000418333333334
endloop
endfacet
facet normal 0 0 1
outer loop
vertex -38.416365 46.19396666666667 10.000418333333334
vertex -36.50609666666667 45.705398333333335 10.000418333333334
vertex -33.316298333333336 46.67350833333334 10.000418333333334
endloop
endfacet
facet normal 0 0 0.9999999999999999
outer loop
vertex -38.416365 46.19396666666667 10.000418333333334
vertex -33.316298333333336 46.67350833333334 10.000418333333334
vertex -39.973465000000004 46.67350833333334 10.000418333333334
endloop
endfacet
facet normal 0 0 1
outer loop
vertex -23.49415666666667 45.705398333333335 10.000418333333334
vertex -20.554848333333336 44.13475833333334 10.000418333333334
vertex -16.63389 44.13475833333334 10.000418333333334
endloop
endfacet
facet normal 0 0 1
outer loop
vertex -23.49415666666667 45.705398333333335 10.000418333333334
vertex -16.63389 44.13475833333334 10.000418333333334
vertex -18.547543333333333 45.705398333333335 10.000418333333334
endloop
endfacet
facet normal 0 0 1
outer loop
vertex -41.45271 45.705398333333335 10.000418333333334
vertex -43.36636333333334 44.13475833333334 10.000418333333334
vertex -39.44427666666667 44.13475833333334 10.000418333333334
endloop
endfacet
facet normal 0 0 1
outer loop
vertex -41.45271 45.705398333333335 10.000418333333334
vertex -39.44427666666667 44.13475833333334 10.000418333333334
vertex -36.50609666666667 45.705398333333335 10.000418333333334
endloop
endfacet
facet normal 0 0 0.9999999999999999
outer loop
vertex -17.22852166666667 43.219680000000004 10.000418333333334
vertex -20.554848333333336 44.13475833333334 10.000418333333334
vertex -17.978863333333333 42.02026166666667 10.000418333333334
endloop
endfacet
facet normal 0 0 1
outer loop
vertex -17.22852166666667 43.219680000000004 10.000418333333334
vertex -17.978863333333333 42.02026166666667 10.000418333333334
vertex -14.760856666666667 42.02026166666667 10.000418333333334
endloop
endfacet
facet normal 0 0 1
outer loop
vertex -17.22852166666667 43.219680000000004 10.000418333333334
vertex -14.760856666666667 42.02026166666667 10.000418333333334
vertex -16.211893333333336 43.788360000000004 10.000418333333334
endloop
endfacet
facet normal 0 0 1
outer loop
vertex -17.22852166666667 43.219680000000004 10.000418333333334
vertex -16.211893333333336 43.788360000000004 10.000418333333334
vertex -16.63389 44.13475833333334 10.000418333333334
endloop
endfacet
facet normal 0 0 1
outer loop
vertex -17.22852166666667 43.219680000000004 10.000418333333334
vertex -16.63389 44.13475833333334 10.000418333333334
vertex -20.554848333333336 44.13475833333334 10.000418333333334
endloop
endfacet
facet normal 0 0 1
outer loop
vertex -42.77173166666667 43.219680000000004 10.000418333333334
vertex -43.36636333333334 44.13475833333334 10.000418333333334
vertex -43.788360000000004 43.788360000000004 10.000418333333334
endloop
endfacet
facet normal 0 0 1
outer loop
vertex -42.77173166666667 43.219680000000004 10.000418333333334
vertex -43.788360000000004 43.788360000000004 10.000418333333334
vertex -45.23939666666667 42.02026166666667 10.000418333333334
endloop
endfacet
facet normal 0 0 1
outer loop
vertex -42.77173166666667 43.219680000000004 10.000418333333334
vertex -45.23939666666667 42.02026166666667 10.000418333333334
vertex -42.02026166666667 42.02026166666667 10.000418333333334
endloop
endfacet
facet normal 0 0 1
outer loop
vertex -42.77173166666667 43.219680000000004 10.000418333333334
vertex -42.02026166666667 42.02026166666667 10.000418333333334
vertex -39.44427666666667 44.13475833333334 10.000418333333334
endloop
endfacet
facet normal 0 0 1
outer loop
vertex -42.77173166666667 43.219680000000004 10.000418333333334
vertex -39.44427666666667 44.13475833333334 10.000418333333334
vertex -43.36636333333334 44.13475833333334 10.000418333333334
endloop
endfacet
facet normal 0 0 1
outer loop
vertex -15.086945 40.752015 10.000418333333334
vertex -17.978863333333333 42.02026166666667 10.000418333333334
vertex -15.865495000000001 39.44427666666667 10.000418333333334
endloop
endfacet
facet normal 0 0 1
outer loop
vertex -15.086945 40.752015 10.000418333333334
vertex -15.865495000000001 39.44427666666667 10.000418333333334
vertex -13.043533333333334 39.44427666666667 10.000418333333334
endloop
endfacet
facet normal 0 0 1
outer loop
vertex -15.086945 40.752015 10.000418333333334
vertex -13.043533333333334 39.44427666666667 10.000418333333334
vertex -13.785976666666668 40.833255 10.000418333333334
endloop
endfacet
facet normal 0 0 1
outer loop
vertex -15.086945 40.752015 10.000418333333334
vertex -13.785976666666668 40.833255 10.000418333333334
vertex -14.760856666666667 42.02026166666667 10.000418333333334
endloop
endfacet
facet normal 0 0 1
outer loop
vertex -15.086945 40.752015 10.000418333333334
vertex -14.760856666666667 42.02026166666667 10.000418333333334
vertex -17.978863333333333 42.02026166666667 10.000418333333334
endloop
endfacet
facet normal 0 0 1
outer loop
vertex -44.91218 40.752015 10.000418333333334
vertex -45.23939666666667 42.02026166666667 10.000418333333334
vertex -46.213148333333336 40.833255 10.000418333333334
endloop
endfacet
facet normal 0 0 1
outer loop
vertex -44.91218 40.752015 10.000418333333334
vertex -46.213148333333336 40.833255 10.000418333333334
vertex -46.95559166666667 39.44427666666667 10.000418333333334
endloop
endfacet
facet normal 0 0 1
outer loop
vertex -44.91218 40.752015 10.000418333333334
vertex -46.95559166666667 39.44427666666667 10.000418333333334
vertex -44.13475833333334 39.44427666666667 10.000418333333334
endloop
endfacet
facet normal 0 0 1
outer loop
vertex -44.91218 40.752015 10.000418333333334
vertex -44.13475833333334 39.44427666666667 10.000418333333334
vertex -42.02026166666667 42.02026166666667 10.000418333333334
endloop
endfacet
facet normal 0 0 1
outer loop
vertex -44.91218 40.752015 10.000418333333334
vertex -42.02026166666667 42.02026166666667 10.000418333333334
vertex -45.23939666666667 42.02026166666667 10.000418333333334
endloop
endfacet
facet normal 0 0 1
outer loop
vertex -13.376391666666667 37.872508333333336 10.000418333333334
vertex -15.865495000000001 39.44427666666667 10.000418333333334
vertex -14.293726666666668 36.50609666666667 10.000418333333334
endloop
endfacet
facet normal 0 0 1
outer loop
vertex -13.376391666666667 37.872508333333336 10.000418333333334
vertex -14.293726666666668 36.50609666666667 10.000418333333334
vertex -11.694046666666667 36.50609666666667 10.000418333333334
endloop
endfacet
facet normal 0 0 0.9999999999999999
outer loop
vertex -13.376391666666667 37.872508333333336 10.000418333333334
vertex -11.694046666666667 36.50609666666667 10.000418333333334
vertex -11.984028333333335 37.461795 10.000418333333334
endloop
endfacet
facet normal 0 0 1
outer loop
vertex -13.376391666666667 37.872508333333336 10.000418333333334
vertex -11.984028333333335 37.461795 10.000418333333334
vertex -13.043533333333334 39.44427666666667 10.000418333333334
endloop
endfacet
facet normal 0 0 1
outer loop
vertex -13.376391666666667 37.872508333333336 10.000418333333334
vertex -13.043533333333334 39.44427666666667 10.000418333333334
vertex -15.865495000000001 39.44427666666667 10.000418333333334
endloop
endfacet
facet normal 0 0 1
outer loop
vertex -46.62386166666667 37.872508333333336 10.000418333333334
vertex -46.95559166666667 39.44427666666667 10.000418333333334
vertex -48.01509666666667 37.461795 10.000418333333334
endloop
endfacet
facet normal 0 0 0.9999999999999999
outer loop
vertex -46.62386166666667 37.872508333333336 10.000418333333334
vertex -48.01509666666667 37.461795 10.000418333333334
vertex -48.30620666666667 36.50609666666667 10.000418333333334
endloop
endfacet
facet normal 0 0 1
outer loop
vertex -46.62386166666667 37.872508333333336 10.000418333333334
vertex -48.30620666666667 36.50609666666667 10.000418333333334
vertex -45.705398333333335 36.50609666666667 10.000418333333334
endloop
endfacet
facet normal 0 0 1
outer loop
vertex -46.62386166666667 37.872508333333336 10.000418333333334
vertex -45.705398333333335 36.50609666666667 10.000418333333334
vertex -44.13475833333334 39.44427666666667 10.000418333333334
endloop
endfacet
facet normal 0 0 1
outer loop
vertex -46.62386166666667 37.872508333333336 10.000418333333334
vertex -44.13475833333334 39.44427666666667 10.000418333333334
vertex -46.95559166666667 39.44427666666667 10.000418333333334
endloop
endfacet
facet normal 0 0 1
outer loop
vertex -12.202925 34.68948 10.000418333333334
vertex -14.293726666666668 36.50609666666667 10.000418333333334
vertex -13.326745 33.316298333333336 10.000418333333334
endloop
endfacet
facet normal 0 0 0.9999999999999999
outer loop
vertex -12.202925 34.68948 10.000418333333334
vertex -13.326745 33.316298333333336 10.000418333333334
vertex -10.826358333333333 33.316298333333336 10.000418333333334
endloop
endfacet
facet normal 0 0 1
outer loop
vertex -12.202925 34.68948 10.000418333333334
vertex -10.826358333333333 33.316298333333336 10.000418333333334
vertex -10.874876666666667 33.803738333333335 10.000418333333334
endloop
endfacet
facet normal 0 0 1
outer loop
vertex -12.202925 34.68948 10.000418333333334
vertex -10.874876666666667 33.803738333333335 10.000418333333334
vertex -11.694046666666667 36.50609666666667 10.000418333333334
endloop
endfacet
facet normal 0 0 1
outer loop
vertex -12.202925 34.68948 10.000418333333334
vertex -11.694046666666667 36.50609666666667 10.000418333333334
vertex -14.293726666666668 36.50609666666667 10.000418333333334
endloop
endfacet
facet normal 0 0 1
outer loop
vertex -47.79732833333333 34.68948 10.000418333333334
vertex -48.30620666666667 36.50609666666667 10.000418333333334
vertex -49.12537666666667 33.803738333333335 10.000418333333334
endloop
endfacet
facet normal 0 0 1
outer loop
vertex -47.79732833333333 34.68948 10.000418333333334
vertex -49.12537666666667 33.803738333333335 10.000418333333334
vertex -49.173895 33.316298333333336 10.000418333333334
endloop
endfacet
facet normal 0 0 1
outer loop
vertex -47.79732833333333 34.68948 10.000418333333334
vertex -49.173895 33.316298333333336 10.000418333333334
vertex -46.67350833333334 33.316298333333336 10.000418333333334
endloop
endfacet
facet normal 0 0 1
outer loop
vertex -47.79732833333333 34.68948 10.000418333333334
vertex -46.67350833333334 33.316298333333336 10.000418333333334
vertex -45.705398333333335 36.50609666666667 10.000418333333334
endloop
endfacet
facet normal 0 0 1
outer loop
vertex -47.79732833333333 34.68948 10.000418333333334
vertex -45.705398333333335 36.50609666666667 10.000418333333334
vertex -48.30620666666667 36.50609666666667 10.000418333333334
endloop
endfacet
facet normal 0 0 1
outer loop
vertex -13.326745 33.316298333333336 10.000418333333334
vertex -12.999528333333334 30.00012666666667 10.000418333333334
vertex -10.50027 30.00012666666667 10.000418333333334
endloop
endfacet
facet normal 0 0 1
outer loop
vertex -13.326745 33.316298333333336 10.000418333333334
vertex -10.50027 30.00012666666667 10.000418333333334
vertex -10.826358333333333 33.316298333333336 10.000418333333334
endloop
endfacet
facet normal 0 0 1
outer loop
vertex -49.173895 33.316298333333336 10.000418333333334
vertex -49.49998333333333 30.00012666666667 10.000418333333334
vertex -46.99959666666667 30.00012666666667 10.000418333333334
endloop
endfacet
facet normal 0 0 1
outer loop
vertex -49.173895 33.316298333333336 10.000418333333334
vertex -46.99959666666667 30.00012666666667 10.000418333333334
vertex -46.67350833333334 33.316298333333336 10.000418333333334
endloop
endfacet
facet normal 0 0 1
outer loop
vertex -12.999528333333334 30.00012666666667 10.000418333333334
vertex -13.326745 26.683955 10.000418333333334
vertex -10.826358333333333 26.683955 10.000418333333334
endloop
endfacet
facet normal 0 0 1
outer loop
vertex -12.999528333333334 30.00012666666667 10.000418333333334
vertex -10.826358333333333 26.683955 10.000418333333334
vertex -10.50027 30.00012666666667 10.000418333333334
endloop
endfacet
facet normal 0 0 1
outer loop
vertex -49.49998333333333 30.00012666666667 10.000418333333334
vertex -49.173895 26.683955 10.000418333333334
vertex -46.67350833333334 26.683955 10.000418333333334
endloop
endfacet
facet normal 0 0 1
outer loop
vertex -49.49998333333333 30.00012666666667 10.000418333333334
vertex -46.67350833333334 26.683955 10.000418333333334
vertex -46.99959666666667 30.00012666666667 10.000418333333334
endloop
endfacet
facet normal 0 0 1
outer loop
vertex -12.202925 25.310773333333334 10.000418333333334
vertex -13.326745 26.683955 10.000418333333334
vertex -14.293726666666668 23.49415666666667 10.000418333333334
endloop
endfacet
facet normal 0 0 1
outer loop
vertex -12.202925 25.310773333333334 10.000418333333334
vertex -14.293726666666668 23.49415666666667 10.000418333333334
vertex -11.694046666666667 23.49415666666667 10.000418333333334
endloop
endfacet
facet normal 0 0 1
outer loop
vertex -12.202925 25.310773333333334 10.000418333333334
vertex -11.694046666666667 23.49415666666667 10.000418333333334
vertex -10.874876666666667 26.195386666666668 10.000418333333334
endloop
endfacet
facet normal 0 0 1
outer loop
vertex -12.202925 25.310773333333334 10.000418333333334
vertex -10.874876666666667 26.195386666666668 10.000418333333334
vertex -10.826358333333333 26.683955 10.000418333333334
endloop
endfacet
facet normal 0 0 0.9999999999999999
outer loop
vertex -12.202925 25.310773333333334 10.000418333333334
vertex -10.826358333333333 26.683955 10.000418333333334
vertex -13.326745 26.683955 10.000418333333334
endloop
endfacet
facet normal 0 0 1
outer loop
vertex -47.79732833333333 25.310773333333334 10.000418333333334
vertex -49.173895 26.683955 10.000418333333334
vertex -49.12537666666667 26.195386666666668 10.000418333333334
endloop
endfacet
facet normal 0 0 1
outer loop
vertex -47.79732833333333 25.310773333333334 10.000418333333334
vertex -49.12537666666667 26.195386666666668 10.000418333333334
vertex -48.30620666666667 23.49415666666667 10.000418333333334
endloop
endfacet
facet normal 0 0 0.9999999999999999
outer loop
vertex -47.79732833333333 25.310773333333334 10.000418333333334
vertex -48.30620666666667 23.49415666666667 10.000418333333334
vertex -45.705398333333335 23.49415666666667 10.000418333333334
endloop
endfacet
facet normal 0 0 1
outer loop
vertex -47.79732833333333 25.310773333333334 10.000418333333334
vertex -45.705398333333335 23.49415666666667 10.000418333333334
vertex -46.67350833333334 26.683955 10.000418333333334
endloop
endfacet
facet normal 0 0 1
outer loop
vertex -47.79732833333333 25.310773333333334 10.000418333333334
vertex -46.67350833333334 26.683955 10.000418333333334
vertex -49.173895 26.683955 10.000418333333334
endloop
endfacet
facet normal 0 0 1
outer loop
vertex -13.376391666666667 22.126616666666667 10.000418333333334
vertex -14.293726666666668 23.49415666666667 10.000418333333334
vertex -15.865495000000001 20.554848333333336 10.000418333333334
endloop
endfacet
facet normal 0 0 1
outer loop
vertex -13.376391666666667 22.126616666666667 10.000418333333334
vertex -15.865495000000001 20.554848333333336 10.000418333333334
vertex -13.043533333333334 20.554848333333336 10.000418333333334
endloop
endfacet
facet normal 0 0 1
outer loop
vertex -13.376391666666667 22.126616666666667 10.000418333333334
vertex -13.043533333333334 20.554848333333336 10.000418333333334
vertex -11.984028333333335 22.53733 10.000418333333334
endloop
endfacet
facet normal 0 0 1
outer loop
vertex -13.376391666666667 22.126616666666667 10.000418333333334
vertex -11.984028333333335 22.53733 10.000418333333334
vertex -11.694046666666667 23.49415666666667 10.000418333333334
endloop
endfacet
facet normal 0 0 1
outer loop
vertex -13.376391666666667 22.126616666666667 10.000418333333334
vertex -11.694046666666667 23.49415666666667 10.000418333333334
vertex -14.293726666666668 23.49415666666667 10.000418333333334
endloop
endfacet
facet normal 0 0 0.9999999999999999
outer loop
vertex -46.62386166666667 22.126616666666667 10.000418333333334
vertex -48.30620666666667 23.49415666666667 10.000418333333334
vertex -48.01509666666667 22.53733 10.000418333333334
endloop
endfacet
facet normal 0 0 1
outer loop
vertex -46.62386166666667 22.126616666666667 10.000418333333334
vertex -48.01509666666667 22.53733 10.000418333333334
vertex -46.95559166666667 20.554848333333336 10.000418333333334
endloop
endfacet
facet normal 0 0 1
outer loop
vertex -46.62386166666667 22.126616666666667 10.000418333333334
vertex -46.95559166666667 20.554848333333336 10.000418333333334
vertex -44.13475833333334 20.554848333333336 10.000418333333334
endloop
endfacet
facet normal 0 0 1
outer loop
vertex -46.62386166666667 22.126616666666667 10.000418333333334
vertex -44.13475833333334 20.554848333333336 10.000418333333334
vertex -45.705398333333335 23.49415666666667 10.000418333333334
endloop
endfacet
facet normal 0 0 1
outer loop
vertex -46.62386166666667 22.126616666666667 10.000418333333334
vertex -45.705398333333335 23.49415666666667 10.000418333333334
vertex -48.30620666666667 23.49415666666667 10.000418333333334
endloop
endfacet
facet normal 0 0 1
outer loop
vertex -15.086945 19.247110000000003 10.000418333333334
vertex -15.865495000000001 20.554848333333336 10.000418333333334
vertex -17.978863333333333 17.978863333333333 10.000418333333334
endloop
endfacet
facet normal 0 0 1
outer loop
vertex -15.086945 19.247110000000003 10.000418333333334
vertex -17.978863333333333 17.978863333333333 10.000418333333334
vertex -14.760856666666667 17.978863333333333 10.000418333333334
endloop
endfacet
facet normal 0 0 1
outer loop
vertex -15.086945 19.247110000000003 10.000418333333334
vertex -14.760856666666667 17.978863333333333 10.000418333333334
vertex -13.785976666666668 19.16587 10.000418333333334
endloop
endfacet
facet normal 0 0 1
outer loop
vertex -15.086945 19.247110000000003 10.000418333333334
vertex -13.785976666666668 19.16587 10.000418333333334
vertex -13.043533333333334 20.554848333333336 10.000418333333334
endloop
endfacet
facet normal 0 0 1
outer loop
vertex -15.086945 19.247110000000003 10.000418333333334
vertex -13.043533333333334 20.554848333333336 10.000418333333334
vertex -15.865495000000001 20.554848333333336 10.000418333333334
endloop
endfacet
facet normal 0 0 1
outer loop
vertex -44.91218 19.247110000000003 10.000418333333334
vertex -46.95559166666667 20.554848333333336 10.000418333333334
vertex -46.213148333333336 19.16587 10.000418333333334
endloop
endfacet
facet normal 0 0 1
outer loop
vertex -44.91218 19.247110000000003 10.000418333333334
vertex -46.213148333333336 19.16587 10.000418333333334
vertex -45.23939666666667 17.978863333333333 10.000418333333334
endloop
endfacet
facet normal 0 0 1
outer loop
vertex -44.91218 19.247110000000003 10.000418333333334
vertex -45.23939666666667 17.978863333333333 10.000418333333334
vertex -42.02026166666667 17.978863333333333 10.000418333333334
endloop
endfacet
facet normal 0 0 1
outer loop
vertex -44.91218 19.247110000000003 10.000418333333334
vertex -42.02026166666667 17.978863333333333 10.000418333333334
vertex -44.13475833333334 20.554848333333336 10.000418333333334
endloop
endfacet
facet normal 0 0 1
outer loop
vertex -44.91218 19.247110000000003 10.000418333333334
vertex -44.13475833333334 20.554848333333336 10.000418333333334
vertex -46.95559166666667 20.554848333333336 10.000418333333334
endloop
endfacet
facet normal 0 0 1
outer loop
vertex -17.22852166666667 16.780573333333333 10.000418333333334
vertex -17.978863333333333 17.978863333333333 10.000418333333334
vertex -20.554848333333336 15.865495000000001 10.000418333333334
endloop
endfacet
facet normal 0 0 1
outer loop
vertex -17.22852166666667 16.780573333333333 10.000418333333334
vertex -20.554848333333336 15.865495000000001 10.000418333333334
vertex -16.63389 15.865495000000001 10.000418333333334
endloop
endfacet
facet normal 0 0 1
outer loop
vertex -17.22852166666667 16.780573333333333 10.000418333333334
vertex -16.63389 15.865495000000001 10.000418333333334
vertex -16.211893333333336 16.211893333333336 10.000418333333334
endloop
endfacet
facet normal 0 0 1
outer loop
vertex -17.22852166666667 16.780573333333333 10.000418333333334
vertex -16.211893333333336 16.211893333333336 10.000418333333334
vertex -14.760856666666667 17.978863333333333 10.000418333333334
endloop
endfacet
facet normal 0 0 1
outer loop
vertex -17.22852166666667 16.780573333333333 10.000418333333334
vertex -14.760856666666667 17.978863333333333 10.000418333333334
vertex -17.978863333333333 17.978863333333333 10.000418333333334
endloop
endfacet
facet normal 0 0 0.9999999999999999
outer loop
vertex -42.77173166666667 16.780573333333333 10.000418333333334
vertex -45.23939666666667 17.978863333333333 10.000418333333334
vertex -43.788360000000004 16.211893333333336 10.000418333333334
endloop
endfacet
facet normal 0 0 1
outer loop
vertex -42.77173166666667 16.780573333333333 10.000418333333334
vertex -43.788360000000004 16.211893333333336 10.000418333333334
vertex -43.36636333333334 15.865495000000001 10.000418333333334
endloop
endfacet
facet normal 0 0 1
outer loop
vertex -42.77173166666667 16.780573333333333 10.000418333333334
vertex -43.36636333333334 15.865495000000001 10.000418333333334
vertex -39.44427666666667 15.865495000000001 10.000418333333334
endloop
endfacet
facet normal 0 0 0.9999999999999999
outer loop
vertex -42.77173166666667 16.780573333333333 10.000418333333334
vertex -39.44427666666667 15.865495000000001 10.000418333333334
vertex -42.02026166666667 17.978863333333333 10.000418333333334
endloop
endfacet
facet normal 0 0 1
outer loop
vertex -42.77173166666667 16.780573333333333 10.000418333333334
vertex -42.02026166666667 17.978863333333333 10.000418333333334
vertex -45.23939666666667 17.978863333333333 10.000418333333334
endloop
endfacet
facet normal 0 0 1
outer loop
vertex -20.554848333333336 15.865495000000001 10.000418333333334
vertex -23.49415666666667 14.293726666666668 10.000418333333334
vertex -18.547543333333333 14.293726666666668 10.000418333333334
endloop
endfacet
facet normal 0 0 1
outer loop
vertex -20.554848333333336 15.865495000000001 10.000418333333334
vertex -18.547543333333333 14.293726666666668 10.000418333333334
vertex -16.63389 15.865495000000001 10.000418333333334
endloop
endfacet
facet normal 0 0 1
outer loop
vertex -43.36636333333334 15.865495000000001 10.000418333333334
vertex -41.45271 14.293726666666668 10.000418333333334
vertex -36.50609666666667 14.293726666666668 10.000418333333334
endloop
endfacet
facet normal 0 0 1
outer loop
vertex -43.36636333333334 15.865495000000001 10.000418333333334
vertex -36.50609666666667 14.293726666666668 10.000418333333334
vertex -39.44427666666667 15.865495000000001 10.000418333333334
endloop
endfacet
facet normal 0 0 1
outer loop
vertex -21.583888333333334 13.805158333333335 10.000418333333334
vertex -23.49415666666667 14.293726666666668 10.000418333333334
vertex -26.683955 13.326745 10.000418333333334
endloop
endfacet
facet normal 0 0 0.9999999999999999
outer loop
vertex -21.583888333333334 13.805158333333335 10.000418333333334
vertex -26.683955 13.326745 10.000418333333334
vertex -20.026788333333336 13.326745 10.000418333333334
endloop
endfacet
facet normal 0 0 1
outer loop
vertex -21.583888333333334 13.805158333333335 10.000418333333334
vertex -20.026788333333336 13.326745 10.000418333333334
vertex -19.16587 13.785976666666668 10.000418333333334
endloop
endfacet
facet normal 0 0 1
outer loop
vertex -21.583888333333334 13.805158333333335 10.000418333333334
vertex -19.16587 13.785976666666668 10.000418333333334
vertex -18.547543333333333 14.293726666666668 10.000418333333334
endloop
endfacet
facet normal 0 0 1
outer loop
vertex -21.583888333333334 13.805158333333335 10.000418333333334
vertex -18.547543333333333 14.293726666666668 10.000418333333334
vertex -23.49415666666667 14.293726666666668 10.000418333333334
endloop
endfacet
facet normal 0 0 1
outer loop
vertex -38.416365 13.805158333333335 10.000418333333334
vertex -41.45271 14.293726666666668 10.000418333333334
vertex -40.833255 13.785976666666668 10.000418333333334
endloop
endfacet
facet normal 0 0 0.9999999999999999
outer loop
vertex -38.416365 13.805158333333335 10.000418333333334
vertex -40.833255 13.785976666666668 10.000418333333334
vertex -39.973465000000004 13.326745 10.000418333333334
endloop
endfacet
facet normal 0 0 1
outer loop
vertex -38.416365 13.805158333333335 10.000418333333334
vertex -39.973465000000004 13.326745 10.000418333333334
vertex -33.316298333333336 13.326745 10.000418333333334
endloop
endfacet
facet normal 0 0 1
outer loop
vertex -38.416365 13.805158333333335 10.000418333333334
vertex -33.316298333333336 13.326745 10.000418333333334
vertex -36.50609666666667 14.293726666666668 10.000418333333334
endloop
endfacet
facet normal 0 0 1
outer loop
vertex -38.416365 13.805158333333335 10.000418333333334
vertex -36.50609666666667 14.293726666666668 10.000418333333334
vertex -41.45271 14.293726666666668 10.000418333333334
endloop
endfacet
facet normal 0 0 0.9999999999999999
outer loop
vertex -26.683955 13.326745 10.000418333333334
vertex -30.00012666666667 12.999528333333334 10.000418333333334
vertex -20.637216666666667 12.999528333333334 10.000418333333334
endloop
endfacet
facet normal 0 0 1
outer loop
vertex -26.683955 13.326745 10.000418333333334
vertex -20.637216666666667 12.999528333333334 10.000418333333334
vertex -20.026788333333336 13.326745 10.000418333333334
endloop
endfacet
facet normal 0 0 1
outer loop
vertex -39.973465000000004 13.326745 10.000418333333334
vertex -39.363036666666666 12.999528333333334 10.000418333333334
vertex -30.00012666666667 12.999528333333334 10.000418333333334
endloop
endfacet
facet normal 0 0 1
outer loop
vertex -39.973465000000004 13.326745 10.000418333333334
vertex -30.00012666666667 12.999528333333334 10.000418333333334
vertex -33.316298333333336 13.326745 10.000418333333334
endloop
endfacet
facet normal 0 0 1
outer loop
vertex -30.00012666666667 11.901660000000001 10.000418333333334
vertex -30.00012666666667 12.999528333333334 10.000418333333334
vertex -39.363036666666666 12.999528333333334 10.000418333333334
endloop
endfacet
facet normal 0 0 0.9999999999999999
outer loop
vertex -30.00012666666667 11.901660000000001 10.000418333333334
vertex -39.363036666666666 12.999528333333334 10.000418333333334
vertex -37.461795 11.984028333333335 10.000418333333334
endloop
endfacet
facet normal 0 0 1
outer loop
vertex -30.00012666666667 11.901660000000001 10.000418333333334
vertex -37.461795 11.984028333333335 10.000418333333334
vertex -33.803738333333335 10.874876666666667 10.000418333333334
endloop
endfacet
facet normal 0 0 1
outer loop
vertex -30.00012666666667 11.901660000000001 10.000418333333334
vertex -33.803738333333335 10.874876666666667 10.000418333333334
vertex -30.00012666666667 10.50027 10.000418333333334
endloop
endfacet
facet normal 0 0 1
outer loop
vertex -30.00012666666667 11.901660000000001 10.000418333333334
vertex -30.00012666666667 10.50027 10.000418333333334
vertex -26.195386666666668 10.874876666666667 10.000418333333334
endloop
endfacet
facet normal 0 0 0.9999999999999999
outer loop
vertex -30.00012666666667 11.901660000000001 10.000418333333334
vertex -26.195386666666668 10.874876666666667 10.000418333333334
vertex -22.53733 11.984028333333335 10.000418333333334
endloop
endfacet
facet normal 0 0 1
outer loop
vertex -30.00012666666667 11.901660000000001 10.000418333333334
vertex -22.53733 11.984028333333335 10.000418333333334
vertex -20.637216666666667 12.999528333333334 10.000418333333334
endloop
endfacet
facet normal 0 0 1
outer loop
vertex -30.00012666666667 11.901660000000001 10.000418333333334
vertex -20.637216666666667 12.999528333333334 10.000418333333334
vertex -30.00012666666667 12.999528333333334 10.000418333333334
endloop
endfacet
facet normal 0 0 1
outer loop
vertex -30.00012666666667 -11.901660000000001 10.000418333333334
vertex -33.803738333333335 -10.874876666666667 10.000418333333334
vertex -37.461795 -11.984028333333335 10.000418333333334
endloop
endfacet
facet normal 0 0 0.9999999999999999
outer loop
vertex -30.00012666666667 -11.901660000000001 10.000418333333334
vertex -37.461795 -11.984028333333335 10.000418333333334
vertex -39.363036666666666 -12.999528333333334 10.000418333333334
endloop
endfacet
facet normal 0 0 1
outer loop
vertex -30.00012666666667 -11.901660000000001 10.000418333333334
vertex -39.363036666666666 -12.999528333333334 10.000418333333334
vertex -30.00012666666667 -12.999528333333334 10.000418333333334
endloop
endfacet
facet normal 0 0 1
outer loop
vertex -30.00012666666667 -11.901660000000001 10.000418333333334
vertex -30.00012666666667 -12.999528333333334 10.000418333333334
vertex -20.637216666666667 -12.999528333333334 10.000418333333334
endloop
endfacet
facet normal 0 0 1
outer loop
vertex -30.00012666666667 -11.901660000000001 10.000418333333334
vertex -20.637216666666667 -12.999528333333334 10.000418333333334
vertex -22.53733 -11.984028333333335 10.000418333333334
endloop
endfacet
facet normal 0 0 0.9999999999999999
outer loop
vertex -30.00012666666667 -11.901660000000001 10.000418333333334
vertex -22.53733 -11.984028333333335 10.000418333333334
vertex -26.195386666666668 -10.874876666666667 10.000418333333334
endloop
endfacet
facet normal 0 0 1
outer loop
vertex -30.00012666666667 -11.901660000000001 10.000418333333334
vertex -26.195386666666668 -10.874876666666667 10.000418333333334
vertex -30.00012666666667 -10.50027 10.000418333333334
endloop
endfacet
facet normal 0 0 1
outer loop
vertex -30.00012666666667 -11.901660000000001 10.000418333333334
vertex -30.00012666666667 -10.50027 10.000418333333334
vertex -33.803738333333335 -10.874876666666667 10.000418333333334
endloop
endfacet
facet normal 0 0 1
outer loop
vertex -30.00012666666667 -12.999528333333334 10.000418333333334
vertex -26.683955 -13.326745 10.000418333333334
vertex -20.026788333333336 -13.326745 10.000418333333334
endloop
endfacet
facet normal 0 0 0.9999999999999999
outer loop
vertex -30.00012666666667 -12.999528333333334 10.000418333333334
vertex -20.026788333333336 -13.326745 10.000418333333334
vertex -20.637216666666667 -12.999528333333334 10.000418333333334
endloop
endfacet
facet normal 0 0 1
outer loop
vertex -39.363036666666666 -12.999528333333334 10.000418333333334
vertex -39.973465000000004 -13.326745 10.000418333333334
vertex -33.316298333333336 -13.326745 10.000418333333334
endloop
endfacet
facet normal 0 0 1
outer loop
vertex -39.363036666666666 -12.999528333333334 10.000418333333334
vertex -33.316298333333336 -13.326745 10.000418333333334
vertex -30.00012666666667 -12.999528333333334 10.000418333333334
endloop
endfacet
facet normal 0 0 1
outer loop
vertex -21.583888333333334 -13.805158333333335 10.000418333333334
vertex -26.683955 -13.326745 10.000418333333334
vertex -23.49415666666667 -14.293726666666668 10.000418333333334
endloop
endfacet
facet normal 0 0 1
outer loop
vertex -21.583888333333334 -13.805158333333335 10.000418333333334
vertex -23.49415666666667 -14.293726666666668 10.000418333333334
vertex -18.547543333333333 -14.293726666666668 10.000418333333334
endloop
endfacet
facet normal 0 0 1
outer loop
vertex -21.583888333333334 -13.805158333333335 10.000418333333334
vertex -18.547543333333333 -14.293726666666668 10.000418333333334
vertex -19.16587 -13.785976666666668 10.000418333333334
endloop
endfacet
facet normal 0 0 1
outer loop
vertex -21.583888333333334 -13.805158333333335 10.000418333333334
vertex -19.16587 -13.785976666666668 10.000418333333334
vertex -20.026788333333336 -13.326745 10.000418333333334
endloop
endfacet
facet normal 0 0 0.9999999999999999
outer loop
vertex -21.583888333333334 -13.805158333333335 10.000418333333334
vertex -20.026788333333336 -13.326745 10.000418333333334
vertex -26.683955 -13.326745 10.000418333333334
endloop
endfacet
facet normal 0 0 0.9999999999999999
outer loop
vertex -38.416365 -13.805158333333335 10.000418333333334
vertex -39.973465000000004 -13.326745 10.000418333333334
vertex -40.833255 -13.785976666666668 10.000418333333334
endloop
endfacet
facet normal 0 0 1
outer loop
vertex -38.416365 -13.805158333333335 10.000418333333334
vertex -40.833255 -13.785976666666668 10.000418333333334
vertex -41.45271 -14.293726666666668 10.000418333333334
endloop
endfacet
facet normal 0 0 1
outer loop
vertex -38.416365 -13.805158333333335 10.000418333333334
vertex -41.45271 -14.293726666666668 10.000418333333334
vertex -36.50609666666667 -14.293726666666668 10.000418333333334
endloop
endfacet
facet normal 0 0 1
outer loop
vertex -38.416365 -13.805158333333335 10.000418333333334
vertex -36.50609666666667 -14.293726666666668 10.000418333333334
vertex -33.316298333333336 -13.326745 10.000418333333334
endloop
endfacet
facet normal 0 0 1
outer loop
vertex -38.416365 -13.805158333333335 10.000418333333334
vertex -33.316298333333336 -13.326745 10.000418333333334
vertex -39.973465000000004 -13.326745 10.000418333333334
endloop
endfacet
facet normal 0 0 1
outer loop
vertex -23.49415666666667 -14.293726666666668 10.000418333333334
vertex -20.554848333333336 -15.865495000000001 10.000418333333334
vertex -16.63389 -15.865495000000001 10.000418333333334
endloop
endfacet
facet normal 0 0 1
outer loop
vertex -23.49415666666667 -14.293726666666668 10.000418333333334
vertex -16.63389 -15.865495000000001 10.000418333333334
vertex -18.547543333333333 -14.293726666666668 10.000418333333334
endloop
endfacet
facet normal 0 0 1
outer loop
vertex -41.45271 -14.293726666666668 10.000418333333334
vertex -43.36636333333334 -15.865495000000001 10.000418333333334
vertex -39.44427666666667 -15.865495000000001 10.000418333333334
endloop
endfacet
facet normal 0 0 1
outer loop
vertex -41.45271 -14.293726666666668 10.000418333333334
vertex -39.44427666666667 -15.865495000000001 10.000418333333334
vertex -36.50609666666667 -14.293726666666668 10.000418333333334
endloop
endfacet
facet normal 0 0 1
outer loop
vertex -17.22852166666667 -16.780573333333333 10.000418333333334
vertex -20.554848333333336 -15.865495000000001 10.000418333333334
vertex -17.978863333333333 -17.978863333333333 10.000418333333334
endloop
endfacet
facet normal 0 0 1
outer loop
vertex -17.22852166666667 -16.780573333333333 10.000418333333334
vertex -17.978863333333333 -17.978863333333333 10.000418333333334
vertex -14.760856666666667 -17.978863333333333 10.000418333333334
endloop
endfacet
facet normal 0 0 1
outer loop
vertex -17.22852166666667 -16.780573333333333 10.000418333333334
vertex -14.760856666666667 -17.978863333333333 10.000418333333334
vertex -16.211893333333336 -16.211893333333336 10.000418333333334
endloop
endfacet
facet normal 0 0 1
outer loop
vertex -17.22852166666667 -16.780573333333333 10.000418333333334
vertex -16.211893333333336 -16.211893333333336 10.000418333333334
vertex -16.63389 -15.865495000000001 10.000418333333334
endloop
endfacet
facet normal 0 0 1
outer loop
vertex -17.22852166666667 -16.780573333333333 10.000418333333334
vertex -16.63389 -15.865495000000001 10.000418333333334
vertex -20.554848333333336 -15.865495000000001 10.000418333333334
endloop
endfacet
facet normal 0 0 1
outer loop
vertex -42.77173166666667 -16.780573333333333 10.000418333333334
vertex -43.36636333333334 -15.865495000000001 10.000418333333334
vertex -43.788360000000004 -16.211893333333336 10.000418333333334
endloop
endfacet
facet normal 0 0 0.9999999999999999
outer loop
vertex -42.77173166666667 -16.780573333333333 10.000418333333334
vertex -43.788360000000004 -16.211893333333336 10.000418333333334
vertex -45.23939666666667 -17.978863333333333 10.000418333333334
endloop
endfacet
facet normal 0 0 1
outer loop
vertex -42.77173166666667 -16.780573333333333 10.000418333333334
vertex -45.23939666666667 -17.978863333333333 10.000418333333334
vertex -42.02026166666667 -17.978863333333333 10.000418333333334
endloop
endfacet
facet normal 0 0 0.9999999999999999
outer loop
vertex -42.77173166666667 -16.780573333333333 10.000418333333334
vertex -42.02026166666667 -17.978863333333333 10.000418333333334
vertex -39.44427666666667 -15.865495000000001 10.000418333333334
endloop
endfacet
facet normal 0 0 1
outer loop
vertex -42.77173166666667 -16.780573333333333 10.000418333333334
vertex -39.44427666666667 -15.865495000000001 10.000418333333334
vertex -43.36636333333334 -15.865495000000001 10.000418333333334
endloop
endfacet
facet normal 0 0 1
outer loop
vertex -15.086945 -19.247110000000003 10.000418333333334
vertex -17.978863333333333 -17.978863333333333 10.000418333333334
vertex -15.865495000000001 -20.554848333333336 10.000418333333334
endloop
endfacet
facet normal 0 0 1
outer loop
vertex -15.086945 -19.247110000000003 10.000418333333334
vertex -15.865495000000001 -20.554848333333336 10.000418333333334
vertex -13.043533333333334 -20.554848333333336 10.000418333333334
endloop
endfacet
facet normal 0 0 1
outer loop
vertex -15.086945 -19.247110000000003 10.000418333333334
vertex -13.043533333333334 -20.554848333333336 10.000418333333334
vertex -13.785976666666668 -19.16587 10.000418333333334
endloop
endfacet
facet normal 0 0 1
outer loop
vertex -15.086945 -19.247110000000003 10.000418333333334
vertex -13.785976666666668 -19.16587 10.000418333333334
vertex -14.760856666666667 -17.978863333333333 10.000418333333334
endloop
endfacet
facet normal 0 0 1
outer loop
vertex -15.086945 -19.247110000000003 10.000418333333334
vertex -14.760856666666667 -17.978863333333333 10.000418333333334
vertex -17.978863333333333 -17.978863333333333 10.000418333333334
endloop
endfacet
facet normal 0 0 1
outer loop
vertex -44.91218 -19.247110000000003 10.000418333333334
vertex -45.23939666666667 -17.978863333333333 10.000418333333334
vertex -46.213148333333336 -19.16587 10.000418333333334
endloop
endfacet
facet normal 0 0 1
outer loop
vertex -44.91218 -19.247110000000003 10.000418333333334
vertex -46.213148333333336 -19.16587 10.000418333333334
vertex -46.95559166666667 -20.554848333333336 10.000418333333334
endloop
endfacet
facet normal 0 0 1
outer loop
vertex -44.91218 -19.247110000000003 10.000418333333334
vertex -46.95559166666667 -20.554848333333336 10.000418333333334
vertex -44.13475833333334 -20.554848333333336 10.000418333333334
endloop
endfacet
facet normal 0 0 1
outer loop
vertex -44.91218 -19.247110000000003 10.000418333333334
vertex -44.13475833333334 -20.554848333333336 10.000418333333334
vertex -42.02026166666667 -17.978863333333333 10.000418333333334
endloop
endfacet
facet normal 0 0 1
outer loop
vertex -44.91218 -19.247110000000003 10.000418333333334
vertex -42.02026166666667 -17.978863333333333 10.000418333333334
vertex -45.23939666666667 -17.978863333333333 10.000418333333334
endloop
endfacet
facet normal 0 0 1
outer loop
vertex -13.376391666666667 -22.126616666666667 10.000418333333334
vertex -15.865495000000001 -20.554848333333336 10.000418333333334
vertex -14.293726666666668 -23.49415666666667 10.000418333333334
endloop
endfacet
facet normal 0 0 1
outer loop
vertex -13.376391666666667 -22.126616666666667 10.000418333333334
vertex -14.293726666666668 -23.49415666666667 10.000418333333334
vertex -11.694046666666667 -23.49415666666667 10.000418333333334
endloop
endfacet
facet normal 0 0 1
outer loop
vertex -13.376391666666667 -22.126616666666667 10.000418333333334
vertex -11.694046666666667 -23.49415666666667 10.000418333333334
vertex -11.984028333333335 -22.53733 10.000418333333334
endloop
endfacet
facet normal 0 0 1
outer loop
vertex -13.376391666666667 -22.126616666666667 10.000418333333334
vertex -11.984028333333335 -22.53733 10.000418333333334
vertex -13.043533333333334 -20.554848333333336 10.000418333333334
endloop
endfacet
facet normal 0 0 1
outer loop
vertex -13.376391666666667 -22.126616666666667 10.000418333333334
vertex -13.043533333333334 -20.554848333333336 10.000418333333334
vertex -15.865495000000001 -20.554848333333336 10.000418333333334
endloop
endfacet
facet normal 0 0 1
outer loop
vertex -46.62386166666667 -22.126616666666667 10.000418333333334
vertex -46.95559166666667 -20.554848333333336 10.000418333333334
vertex -48.01509666666667 -22.53733 10.000418333333334
endloop
endfacet
facet normal 0 0 0.9999999999999999
outer loop
vertex -46.62386166666667 -22.126616666666667 10.000418333333334
vertex -48.01509666666667 -22.53733 10.000418333333334
vertex -48.30620666666667 -23.49415666666667 10.000418333333334
endloop
endfacet
facet normal 0 0 1
outer loop
vertex -46.62386166666667 -22.126616666666667 10.000418333333334
vertex -48.30620666666667 -23.49415666666667 10.000418333333334
vertex -45.705398333333335 -23.49415666666667 10.000418333333334
endloop
endfacet
facet normal 0 0 1
outer loop
vertex -46.62386166666667 -22.126616666666667 10.000418333333334
vertex -45.705398333333335 -23.49415666666667 10.000418333333334
vertex -44.13475833333334 -20.554848333333336 10.000418333333334
endloop
endfacet
facet normal 0 0 1
outer loop
vertex -46.62386166666667 -22.126616666666667 10.000418333333334
vertex -44.13475833333334 -20.554848333333336 10.000418333333334
vertex -46.95559166666667 -20.554848333333336 10.000418333333334
endloop
endfacet
facet normal 0 0 1
outer loop
vertex -12.202925 -25.310773333333334 10.000418333333334
vertex -14.293726666666668 -23.49415666666667 10.000418333333334
vertex -13.326745 -26.683955 10.000418333333334
endloop
endfacet
facet normal 0 0 0.9999999999999999
outer loop
vertex -12.202925 -25.310773333333334 10.000418333333334
vertex -13.326745 -26.683955 10.000418333333334
vertex -10.826358333333333 -26.683955 10.000418333333334
endloop
endfacet
facet normal 0 0 1
outer loop
vertex -12.202925 -25.310773333333334 10.000418333333334
vertex -10.826358333333333 -26.683955 10.000418333333334
vertex -10.874876666666667 -26.195386666666668 10.000418333333334
endloop
endfacet
facet normal 0 0 1
outer loop
vertex -12.202925 -25.310773333333334 10.000418333333334
vertex -10.874876666666667 -26.195386666666668 10.000418333333334
vertex -11.694046666666667 -23.49415666666667 10.000418333333334
endloop
endfacet
facet normal 0 0 1
outer loop
vertex -12.202925 -25.310773333333334 10.000418333333334
vertex -11.694046666666667 -23.49415666666667 10.000418333333334
vertex -14.293726666666668 -23.49415666666667 10.000418333333334
endloop
endfacet
facet normal 0 0 1
outer loop
vertex -47.79732833333333 -25.310773333333334 10.000418333333334
vertex -48.30620666666667 -23.49415666666667 10.000418333333334
vertex -49.12537666666667 -26.195386666666668 10.000418333333334
endloop
endfacet
facet normal 0 0 1
outer loop
vertex -47.79732833333333 -25.310773333333334 10.000418333333334
vertex -49.12537666666667 -26.195386666666668 10.000418333333334
vertex -49.173895 -26.683955 10.000418333333334
endloop
endfacet
facet normal 0 0 1
outer loop
vertex -47.79732833333333 -25.310773333333334 10.000418333333334
vertex -49.173895 -26.683955 10.000418333333334
vertex -46.67350833333334 -26.683955 10.000418333333334
endloop
endfacet
facet normal 0 0 1
outer loop
vertex -47.79732833333333 -25.310773333333334 10.000418333333334
vertex -46.67350833333334 -26.683955 10.000418333333334
vertex -45.705398333333335 -23.49415666666667 10.000418333333334
endloop
endfacet
facet normal 0 0 0.9999999999999999
outer loop
vertex -47.79732833333333 -25.310773333333334 10.000418333333334
vertex -45.705398333333335 -23.49415666666667 10.000418333333334
vertex -48.30620666666667 -23.49415666666667 10.000418333333334
endloop
endfacet
facet normal 0 0 1
outer loop
vertex -13.326745 -26.683955 10.000418333333334
vertex -12.999528333333334 -30.00012666666667 10.000418333333334
vertex -10.50027 -30.00012666666667 10.000418333333334
endloop
endfacet
facet normal 0 0 1
outer loop
vertex -13.326745 -26.683955 10.000418333333334
vertex -10.50027 -30.00012666666667 10.000418333333334
vertex -10.826358333333333 -26.683955 10.000418333333334
endloop
endfacet
facet normal 0 0 1
outer loop
vertex -49.173895 -26.683955 10.000418333333334
vertex -49.49998333333333 -30.00012666666667 10.000418333333334
vertex -46.99959666666667 -30.00012666666667 10.000418333333334
endloop
endfacet
facet normal 0 0 1
outer loop
vertex -49.173895 -26.683955 10.000418333333334
vertex -46.99959666666667 -30.00012666666667 10.000418333333334
vertex -46.67350833333334 -26.683955 10.000418333333334
endloop
endfacet
facet normal 0 0 1
outer loop
vertex -12.999528333333334 -30.00012666666667 10.000418333333334
vertex -13.326745 -33.316298333333336 10.000418333333334
vertex -10.826358333333333 -33.316298333333336 10.000418333333334
endloop
endfacet
facet normal 0 0 1
outer loop
vertex -12.999528333333334 -30.00012666666667 10.000418333333334
vertex -10.826358333333333 -33.316298333333336 10.000418333333334
vertex -10.50027 -30.00012666666667 10.000418333333334
endloop
endfacet
facet normal 0 0 1
outer loop
vertex -49.49998333333333 -30.00012666666667 10.000418333333334
vertex -49.173895 -33.316298333333336 10.000418333333334
vertex -46.67350833333334 -33.316298333333336 10.000418333333334
endloop
endfacet
facet normal 0 0 1
outer loop
vertex -49.49998333333333 -30.00012666666667 10.000418333333334
vertex -46.67350833333334 -33.316298333333336 10.000418333333334
vertex -46.99959666666667 -30.00012666666667 10.000418333333334
endloop
endfacet
facet normal 0 0 1
outer loop
vertex -12.202925 -34.68948 10.000418333333334
vertex -13.326745 -33.316298333333336 10.000418333333334
vertex -14.293726666666668 -36.50609666666667 10.000418333333334
endloop
endfacet
facet normal 0 0 1
outer loop
vertex -12.202925 -34.68948 10.000418333333334
vertex -14.293726666666668 -36.50609666666667 10.000418333333334
vertex -11.694046666666667 -36.50609666666667 10.000418333333334
endloop
endfacet
facet normal 0 0 1
outer loop
vertex -12.202925 -34.68948 10.000418333333334
vertex -11.694046666666667 -36.50609666666667 10.000418333333334
vertex -10.874876666666667 -33.803738333333335 10.000418333333334
endloop
endfacet
facet normal 0 0 1
outer loop
vertex -12.202925 -34.68948 10.000418333333334
vertex -10.874876666666667 -33.803738333333335 10.000418333333334
vertex -10.826358333333333 -33.316298333333336 10.000418333333334
endloop
endfacet
facet normal 0 0 0.9999999999999999
outer loop
vertex -12.202925 -34.68948 10.000418333333334
vertex -10.826358333333333 -33.316298333333336 10.000418333333334
vertex -13.326745 -33.316298333333336 10.000418333333334
endloop
endfacet
facet normal 0 0 1
outer loop
vertex -47.79732833333333 -34.68948 10.000418333333334
vertex -49.173895 -33.316298333333336 10.000418333333334
vertex -49.12537666666667 -33.803738333333335 10.000418333333334
endloop
endfacet
facet normal 0 0 1
outer loop
vertex -47.79732833333333 -34.68948 10.000418333333334
vertex -49.12537666666667 -33.803738333333335 10.000418333333334
vertex -48.30620666666667 -36.50609666666667 10.000418333333334
endloop
endfacet
facet normal 0 0 1
outer loop
vertex -47.79732833333333 -34.68948 10.000418333333334
vertex -48.30620666666667 -36.50609666666667 10.000418333333334
vertex -45.705398333333335 -36.50609666666667 10.000418333333334
endloop
endfacet
facet normal 0 0 1
outer loop
vertex -47.79732833333333 -34.68948 10.000418333333334
vertex -45.705398333333335 -36.50609666666667 10.000418333333334
vertex -46.67350833333334 -33.316298333333336 10.000418333333334
endloop
endfacet
facet normal 0 0 1
outer loop
vertex -47.79732833333333 -34.68948 10.000418333333334
vertex -46.67350833333334 -33.316298333333336 10.000418333333334
vertex -49.173895 -33.316298333333336 10.000418333333334
endloop
endfacet
facet normal 0 0 1
outer loop
vertex -13.376391666666667 -37.872508333333336 10.000418333333334
vertex -14.293726666666668 -36.50609666666667 10.000418333333334
vertex -15.865495000000001 -39.44427666666667 10.000418333333334
endloop
endfacet
facet normal 0 0 1
outer loop
vertex -13.376391666666667 -37.872508333333336 10.000418333333334
vertex -15.865495000000001 -39.44427666666667 10.000418333333334
vertex -13.043533333333334 -39.44427666666667 10.000418333333334
endloop
endfacet
facet normal 0 0 1
outer loop
vertex -13.376391666666667 -37.872508333333336 10.000418333333334
vertex -13.043533333333334 -39.44427666666667 10.000418333333334
vertex -11.984028333333335 -37.461795 10.000418333333334
endloop
endfacet
facet normal 0 0 0.9999999999999999
outer loop
vertex -13.376391666666667 -37.872508333333336 10.000418333333334
vertex -11.984028333333335 -37.461795 10.000418333333334
vertex -11.694046666666667 -36.50609666666667 10.000418333333334
endloop
endfacet
facet normal 0 0 1
outer loop
vertex -13.376391666666667 -37.872508333333336 10.000418333333334
vertex -11.694046666666667 -36.50609666666667 10.000418333333334
vertex -14.293726666666668 -36.50609666666667 10.000418333333334
endloop
endfacet
facet normal 0 0 0.9999999999999999
outer loop
vertex -46.62386166666667 -37.872508333333336 10.000418333333334
vertex -48.30620666666667 -36.50609666666667 10.000418333333334
vertex -48.01509666666667 -37.461795 10.000418333333334
endloop
endfacet
facet normal 0 0 1
outer loop
vertex -46.62386166666667 -37.872508333333336 10.000418333333334
vertex -48.01509666666667 -37.461795 10.000418333333334
vertex -46.95559166666667 -39.44427666666667 10.000418333333334
endloop
endfacet
facet normal 0 0 1
outer loop
vertex -46.62386166666667 -37.872508333333336 10.000418333333334
vertex -46.95559166666667 -39.44427666666667 10.000418333333334
vertex -44.13475833333334 -39.44427666666667 10.000418333333334
endloop
endfacet
facet normal 0 0 1
outer loop
vertex -46.62386166666667 -37.872508333333336 10.000418333333334
vertex -44.13475833333334 -39.44427666666667 10.000418333333334
vertex -45.705398333333335 -36.50609666666667 10.000418333333334
endloop
endfacet
facet normal 0 0 1
outer loop
vertex -46.62386166666667 -37.872508333333336 10.000418333333334
vertex -45.705398333333335 -36.50609666666667 10.000418333333334
vertex -48.30620666666667 -36.50609666666667 10.000418333333334
endloop
endfacet
facet normal 0 0 1
outer loop
vertex -15.086945 -40.752015 10.000418333333334
vertex -15.865495000000001 -39.44427666666667 10.000418333333334
vertex -17.978863333333333 -42.02026166666667 10.000418333333334
endloop
endfacet
facet normal 0 0 1
outer loop
vertex -15.086945 -40.752015 10.000418333333334
vertex -17.978863333333333 -42.02026166666667 10.000418333333334
vertex -14.760856666666667 -42.02026166666667 10.000418333333334
endloop
endfacet
facet normal 0 0 1
outer loop
vertex -15.086945 -40.752015 10.000418333333334
vertex -14.760856666666667 -42.02026166666667 10.000418333333334
vertex -13.785976666666668 -40.833255 10.000418333333334
endloop
endfacet
facet normal 0 0 1
outer loop
vertex -15.086945 -40.752015 10.000418333333334
vertex -13.785976666666668 -40.833255 10.000418333333334
vertex -13.043533333333334 -39.44427666666667 10.000418333333334
endloop
endfacet
facet normal 0 0 1
outer loop
vertex -15.086945 -40.752015 10.000418333333334
vertex -13.043533333333334 -39.44427666666667 10.000418333333334
vertex -15.865495000000001 -39.44427666666667 10.000418333333334
endloop
endfacet
facet normal 0 0 1
outer loop
vertex -44.91218 -40.752015 10.000418333333334
vertex -46.95559166666667 -39.44427666666667 10.000418333333334
vertex -46.213148333333336 -40.833255 10.000418333333334
endloop
endfacet
facet normal 0 0 1
outer loop
vertex -44.91218 -40.752015 10.000418333333334
vertex -46.213148333333336 -40.833255 10.000418333333334
vertex -45.23939666666667 -42.02026166666667 10.000418333333334
endloop
endfacet
facet normal 0 0 1
outer loop
vertex -44.91218 -40.752015 10.000418333333334
vertex -45.23939666666667 -42.02026166666667 10.000418333333334
vertex -42.02026166666667 -42.02026166666667 10.000418333333334
endloop
endfacet
facet normal 0 0 1
outer loop
vertex -44.91218 -40.752015 10.000418333333334
vertex -42.02026166666667 -42.02026166666667 10.000418333333334
vertex -44.13475833333334 -39.44427666666667 10.000418333333334
endloop
endfacet
facet normal 0 0 1
outer loop
vertex -44.91218 -40.752015 10.000418333333334
vertex -44.13475833333334 -39.44427666666667 10.000418333333334
vertex -46.95559166666667 -39.44427666666667 10.000418333333334
endloop
endfacet
facet normal 0 0 0.9999999999999999
outer loop
vertex -17.22852166666667 -43.219680000000004 10.000418333333334
vertex -17.978863333333333 -42.02026166666667 10.000418333333334
vertex -20.554848333333336 -44.13475833333334 10.000418333333334
endloop
endfacet
facet normal 0 0 1
outer loop
vertex -17.22852166666667 -43.219680000000004 10.000418333333334
vertex -20.554848333333336 -44.13475833333334 10.000418333333334
vertex -16.63389 -44.13475833333334 10.000418333333334
endloop
endfacet
facet normal 0 0 1
outer loop
vertex -17.22852166666667 -43.219680000000004 10.000418333333334
vertex -16.63389 -44.13475833333334 10.000418333333334
vertex -16.211893333333336 -43.788360000000004 10.000418333333334
endloop
endfacet
facet normal 0 0 1
outer loop
vertex -17.22852166666667 -43.219680000000004 10.000418333333334
vertex -16.211893333333336 -43.788360000000004 10.000418333333334
vertex -14.760856666666667 -42.02026166666667 10.000418333333334
endloop
endfacet
facet normal 0 0 1
outer loop
vertex -17.22852166666667 -43.219680000000004 10.000418333333334
vertex -14.760856666666667 -42.02026166666667 10.000418333333334
vertex -17.978863333333333 -42.02026166666667 10.000418333333334
endloop
endfacet
facet normal 0 0 1
outer loop
vertex -42.77173166666667 -43.219680000000004 10.000418333333334
vertex -45.23939666666667 -42.02026166666667 10.000418333333334
vertex -43.788360000000004 -43.788360000000004 10.000418333333334
endloop
endfacet
facet normal 0 0 1
outer loop
vertex -42.77173166666667 -43.219680000000004 10.000418333333334
vertex -43.788360000000004 -43.788360000000004 10.000418333333334
vertex -43.36636333333334 -44.13475833333334 10.000418333333334
endloop
endfacet
facet normal 0 0 1
outer loop
vertex -42.77173166666667 -43.219680000000004 10.000418333333334
vertex -43.36636333333334 -44.13475833333334 10.000418333333334
vertex -39.44427666666667 -44.13475833333334 10.000418333333334
endloop
endfacet
facet normal 0 0 1
outer loop
vertex -42.77173166666667 -43.219680000000004 10.000418333333334
vertex -39.44427666666667 -44.13475833333334 10.000418333333334
vertex -42.02026166666667 -42.02026166666667 10.000418333333334
endloop
endfacet
facet normal 0 0 1
outer loop
vertex -42.77173166666667 -43.219680000000004 10.000418333333334
vertex -42.02026166666667 -42.02026166666667 10.000418333333334
vertex -45.23939666666667 -42.02026166666667 10.000418333333334
endloop
endfacet
facet normal 0 0 1
outer loop
vertex -20.554848333333336 -44.13475833333334 10.000418333333334
vertex -23.49415666666667 -45.705398333333335 10.000418333333334
vertex -18.547543333333333 -45.705398333333335 10.000418333333334
endloop
endfacet
facet normal 0 0 1
outer loop
vertex -20.554848333333336 -44.13475833333334 10.000418333333334
vertex -18.547543333333333 -45.705398333333335 10.000418333333334
vertex -16.63389 -44.13475833333334 10.000418333333334
endloop
endfacet
facet normal 0 0 1
outer loop
vertex -43.36636333333334 -44.13475833333334 10.000418333333334
vertex -41.45271 -45.705398333333335 10.000418333333334
vertex -36.50609666666667 -45.705398333333335 10.000418333333334
endloop
endfacet
facet normal 0 0 1
outer loop
vertex -43.36636333333334 -44.13475833333334 10.000418333333334
vertex -36.50609666666667 -45.705398333333335 10.000418333333334
vertex -39.44427666666667 -44.13475833333334 10.000418333333334
endloop
endfacet
facet normal 0 0 1
outer loop
vertex -21.583888333333334 -46.19396666666667 10.000418333333334
vertex -23.49415666666667 -45.705398333333335 10.000418333333334
vertex -26.683955 -46.67350833333334 10.000418333333334
endloop
endfacet
facet normal 0 0 1
outer loop
vertex -21.583888333333334 -46.19396666666667 10.000418333333334
vertex -26.683955 -46.67350833333334 10.000418333333334
vertex -20.026788333333336 -46.67350833333334 10.000418333333334
endloop
endfacet
facet normal 0 0 1
outer loop
vertex -21.583888333333334 -46.19396666666667 10.000418333333334
vertex -20.026788333333336 -46.67350833333334 10.000418333333334
vertex -19.16587 -46.213148333333336 10.000418333333334
endloop
endfacet
facet normal 0 0 1
outer loop
vertex -21.583888333333334 -46.19396666666667 10.000418333333334
vertex -19.16587 -46.213148333333336 10.000418333333334
vertex -18.547543333333333 -45.705398333333335 10.000418333333334
endloop
endfacet
facet normal 0 0 1
outer loop
vertex -21.583888333333334 -46.19396666666667 10.000418333333334
vertex -18.547543333333333 -45.705398333333335 10.000418333333334
vertex -23.49415666666667 -45.705398333333335 10.000418333333334
endloop
endfacet
facet normal 0 0 1
outer loop
vertex -38.416365 -46.19396666666667 10.000418333333334
vertex -41.45271 -45.705398333333335 10.000418333333334
vertex -40.833255 -46.213148333333336 10.000418333333334
endloop
endfacet
facet normal 0 0 1
outer loop
vertex -38.416365 -46.19396666666667 10.000418333333334
vertex -40.833255 -46.213148333333336 10.000418333333334
vertex -39.973465000000004 -46.67350833333334 10.000418333333334
endloop
endfacet
facet normal 0 0 0.9999999999999999
outer loop
vertex -38.416365 -46.19396666666667 10.000418333333334
vertex -39.973465000000004 -46.67350833333334 10.000418333333334
vertex -33.316298333333336 -46.67350833333334 10.000418333333334
endloop
endfacet
facet normal 0 0 1
outer loop
vertex -38.416365 -46.19396666666667 10.000418333333334
vertex -33.316298333333336 -46.67350833333334 10.000418333333334
vertex -36.50609666666667 -45.705398333333335 10.000418333333334
endloop
endfacet
facet normal 0 0 1
outer loop
vertex -38.416365 -46.19396666666667 10.000418333333334
vertex -36.50609666666667 -45.705398333333335 10.000418333333334
vertex -41.45271 -45.705398333333335 10.000418333333334
endloop
endfacet
facet normal 0 0 0.9999999999999999
outer loop
vertex -26.683955 -46.67350833333334 10.000418333333334
vertex -30.00012666666667 -46.99959666666667 10.000418333333334
vertex -20.637216666666667 -46.99959666666667 10.000418333333334
endloop
endfacet
facet normal 0 0 1
outer loop
vertex -26.683955 -46.67350833333334 10.000418333333334
vertex -20.637216666666667 -46.99959666666667 10.000418333333334
vertex -20.026788333333336 -46.67350833333334 10.000418333333334
endloop
endfacet
facet normal 0 0 1
outer loop
vertex -39.973465000000004 -46.67350833333334 10.000418333333334
vertex -39.363036666666666 -46.99959666666667 10.000418333333334
vertex -30.00012666666667 -46.99959666666667 10.000418333333334
endloop
endfacet
facet normal 0 0 1
outer loop
vertex -39.973465000000004 -46.67350833333334 10.000418333333334
vertex -30.00012666666667 -46.99959666666667 10.000418333333334
vertex -33.316298333333336 -46.67350833333334 10.000418333333334
endloop
endfacet
facet normal 0 0 1
outer loop
vertex -30.00012666666667 -48.097465 10.000418333333334
vertex -30.00012666666667 -46.99959666666667 10.000418333333334
vertex -39.363036666666666 -46.99959666666667 10.000418333333334
endloop
endfacet
facet normal 0 0 1
outer loop
vertex -30.00012666666667 -48.097465 10.000418333333334
vertex -39.363036666666666 -46.99959666666667 10.000418333333334
vertex -37.461795 -48.01509666666667 10.000418333333334
endloop
endfacet
facet normal 0 0 0.9999999999999999
outer loop
vertex -30.00012666666667 -48.097465 10.000418333333334
vertex -37.461795 -48.01509666666667 10.000418333333334
vertex -33.803738333333335 -49.12537666666667 10.000418333333334
endloop
endfacet
facet normal 0 0 1
outer loop
vertex -30.00012666666667 -48.097465 10.000418333333334
vertex -33.803738333333335 -49.12537666666667 10.000418333333334
vertex -30.00012666666667 -49.49998333333333 10.000418333333334
endloop
endfacet
facet normal 0 0 1
outer loop
vertex -30.00012666666667 -48.097465 10.000418333333334
vertex -30.00012666666667 -49.49998333333333 10.000418333333334
vertex -26.195386666666668 -49.12537666666667 10.000418333333334
endloop
endfacet
facet normal 0 0 1
outer loop
vertex -30.00012666666667 -48.097465 10.000418333333334
vertex -26.195386666666668 -49.12537666666667 10.000418333333334
vertex -22.53733 -48.01509666666667 10.000418333333334
endloop
endfacet
facet normal 0 0 1
outer loop
vertex -30.00012666666667 -48.097465 10.000418333333334
vertex -22.53733 -48.01509666666667 10.000418333333334
vertex -20.637216666666667 -46.99959666666667 10.000418333333334
endloop
endfacet
facet normal 0 0 1
outer loop
vertex -30.00012666666667 -48.097465 10.000418333333334
vertex -20.637216666666667 -46.99959666666667 10.000418333333334
vertex -30.00012666666667 -46.99959666666667 10.000418333333334
endloop
endfacet
facet normal 0.9569416067063066 0.2902804873813472 0
outer loop
vertex -11.318311666666668 35.26718666666667 4.900351666666667
vertex -11.984028333333335 37.461795 0
vertex -11.984028333333335 37.461795 10.000418333333334
endloop
endfacet
facet normal 0.9569772209191507 0.2901630500195946 0.000055183197828958086
outer loop
vertex -11.318311666666668 35.26718666666667 4.900351666666667
vertex -11.984028333333335 37.461795 10.000418333333334
vertex -10.874876666666667 33.803738333333335 10.000418333333334
endloop
endfacet
facet normal 0.957030610103275 0.28998691578302865 0
outer loop
vertex -11.318311666666668 35.26718666666667 4.900351666666667
vertex -10.874876666666667 33.803738333333335 10.000418333333334
vertex -10.874876666666667 33.803738333333335 4.499793333333334
endloop
endfacet
facet normal 0.957030610103275 0.2899869157830286 0
outer loop
vertex -11.318311666666668 35.26718666666667 4.900351666666667
vertex -10.874876666666667 33.803738333333335 4.499793333333334
vertex -10.874876666666667 33.803738333333335 0
endloop
endfacet
facet normal 0.9569772207979627 0.2901630499828494 -0.00005743220220016208
outer loop
vertex -11.318311666666668 35.26718666666667 4.900351666666667
vertex -10.874876666666667 33.803738333333335 0
vertex -11.984028333333335 37.461795 0
endloop
endfacet
facet normal 0.8819358998222447 0.47136935475773944 0
outer loop
vertex -13.785976666666668 40.833255 0
vertex -13.785976666666668 40.833255 10.000418333333334
vertex -11.984028333333335 37.461795 10.000418333333334
endloop
endfacet
facet normal 0.8819358998222447 0.47136935475773944 0
outer loop
vertex -13.785976666666668 40.833255 0
vertex -11.984028333333335 37.461795 10.000418333333334
vertex -11.984028333333335 37.461795 0
endloop
endfacet
facet normal 0.7729174963172732 0.6345065357320109 0
outer loop
vertex -16.211893333333336 43.788360000000004 0
vertex -16.211893333333336 43.788360000000004 10.000418333333334
vertex -13.785976666666668 40.833255 10.000418333333334
endloop
endfacet
facet normal 0.7729174963172732 0.6345065357320109 0
outer loop
vertex -16.211893333333336 43.788360000000004 0
vertex -13.785976666666668 40.833255 10.000418333333334
vertex -13.785976666666668 40.833255 0
endloop
endfacet
facet normal 0.6344749465891147 0.7729434202746877 -0.00010585276525711042
outer loop
vertex -17.33684166666667 44.712465 5.000773333333334
vertex -16.63389 44.13475833333334 0
vertex -19.16587 46.213148333333336 0
endloop
endfacet
facet normal 0.6343019948000612 0.7730853635871415 0
outer loop
vertex -17.33684166666667 44.712465 5.000773333333334
vertex -19.16587 46.213148333333336 0
vertex -19.16587 46.213148333333336 10.000418333333334
endloop
endfacet
facet normal 0.6344749465875101 0.7729434202727328 0.00010587665439366439
outer loop
vertex -17.33684166666667 44.712465 5.000773333333334
vertex -19.16587 46.213148333333336 10.000418333333334
vertex -16.63389 44.13475833333334 10.000418333333334
endloop
endfacet
facet normal 0.6344749465875117 0.7729434202727316 0.00010587665439325793
outer loop
vertex -17.33684166666667 44.712465 5.000773333333334
vertex -16.63389 44.13475833333334 10.000418333333334
vertex -16.211893333333336 43.788360000000004 10.000418333333334
endloop
endfacet
facet normal 0.6347559510580459 0.7727126779058279 0
outer loop
vertex -17.33684166666667 44.712465 5.000773333333334
vertex -16.211893333333336 43.788360000000004 10.000418333333334
vertex -16.211893333333336 43.788360000000004 0
endloop
endfacet
facet normal 0.6344749465891162 0.7729434202746862 -0.000105852765256704
outer loop
vertex -17.33684166666667 44.712465 5.000773333333334
vertex -16.211893333333336 43.788360000000004 0
vertex -16.63389 44.13475833333334 0
endloop
endfacet
facet normal 0.4713693547577397 0.8819358998222444 0
outer loop
vertex -22.53733 48.01509666666667 0
vertex -22.53733 48.01509666666667 10.000418333333334
vertex -19.16587 46.213148333333336 10.000418333333334
endloop
endfacet
facet normal 0.4713693547577397 0.8819358998222444 0
outer loop
vertex -22.53733 48.01509666666667 0
vertex -19.16587 46.213148333333336 10.000418333333334
vertex -19.16587 46.213148333333336 0
endloop
endfacet
facet normal 0.29043334419761035 0.956895225496602 0
outer loop
vertex -26.195386666666668 49.12537666666667 0
vertex -26.195386666666668 49.12537666666667 10.000418333333334
vertex -22.53733 48.01509666666667 10.000418333333334
endloop
endfacet
facet normal 0.29043334419761035 0.956895225496602 0
outer loop
vertex -26.195386666666668 49.12537666666667 0
vertex -22.53733 48.01509666666667 10.000418333333334
vertex -22.53733 48.01509666666667 0
endloop
endfacet
facet normal 0.09798410712601748 0.9951879796052188 0
outer loop
vertex -30.00012666666667 49.49998333333333 0
vertex -30.00012666666667 49.49998333333333 10.000418333333334
vertex -26.195386666666668 49.12537666666667 10.000418333333334
endloop
endfacet
facet normal 0.09798410712601748 0.9951879796052188 0
outer loop
vertex -30.00012666666667 49.49998333333333 0
vertex -26.195386666666668 49.12537666666667 10.000418333333334
vertex -26.195386666666668 49.12537666666667 0
endloop
endfacet
facet normal -0.09801289471377697 0.9951851448197094 0
outer loop
vertex -33.803738333333335 49.12537666666667 0
vertex -33.803738333333335 49.12537666666667 10.000418333333334
vertex -30.00012666666667 49.49998333333333 10.000418333333334
endloop
endfacet
facet normal -0.09801289471377697 0.9951851448197094 0
outer loop
vertex -33.803738333333335 49.12537666666667 0
vertex -30.00012666666667 49.49998333333333 10.000418333333334
vertex -30.00012666666667 49.49998333333333 0
endloop
endfacet
facet normal -0.29043334419761035 0.956895225496602 0
outer loop
vertex -37.461795 48.01509666666667 0
vertex -37.461795 48.01509666666667 10.000418333333334
vertex -33.803738333333335 49.12537666666667 10.000418333333334
endloop
endfacet
facet normal -0.29043334419761035 0.956895225496602 0
outer loop
vertex -37.461795 48.01509666666667 0
vertex -33.803738333333335 49.12537666666667 10.000418333333334
vertex -33.803738333333335 49.12537666666667 0
endloop
endfacet
facet normal -0.4713693547577397 0.8819358998222444 0
outer loop
vertex -40.833255 46.213148333333336 0
vertex -40.833255 46.213148333333336 10.000418333333334
vertex -37.461795 48.01509666666667 10.000418333333334
endloop
endfacet
facet normal -0.4713693547577397 0.8819358998222444 0
outer loop
vertex -40.833255 46.213148333333336 0
vertex -37.461795 48.01509666666667 10.000418333333334
vertex -37.461795 48.01509666666667 0
endloop
endfacet
facet normal -0.6343301814924244 0.7730622360766227 0
outer loop
vertex -43.788360000000004 43.788360000000004 0
vertex -43.788360000000004 43.788360000000004 10.000418333333334
vertex -40.833255 46.213148333333336 10.000418333333334
endloop
endfacet
facet normal -0.6343301814924244 0.7730622360766227 0
outer loop
vertex -43.788360000000004 43.788360000000004 0
vertex -40.833255 46.213148333333336 10.000418333333334
vertex -40.833255 46.213148333333336 0
endloop
endfacet
facet normal -0.7730622360766227 0.6343301814924244 0
outer loop
vertex -46.213148333333336 40.833255 0
vertex -46.213148333333336 40.833255 10.000418333333334
vertex -43.788360000000004 43.788360000000004 10.000418333333334
endloop
endfacet
facet normal -0.7730622360766227 0.6343301814924244 0
outer loop
vertex -46.213148333333336 40.833255 0
vertex -43.788360000000004 43.788360000000004 10.000418333333334
vertex -43.788360000000004 43.788360000000004 0
endloop
endfacet
facet normal -0.8819358998222444 0.4713693547577397 0
outer loop
vertex -48.01509666666667 37.461795 0
vertex -48.01509666666667 37.461795 10.000418333333334
vertex -46.213148333333336 40.833255 10.000418333333334
endloop
endfacet
facet normal -0.8819358998222444 0.4713693547577397 0
outer loop
vertex -48.01509666666667 37.461795 0
vertex -46.213148333333336 40.833255 10.000418333333334
vertex -46.213148333333336 40.833255 0
endloop
endfacet
facet normal -0.9568256342382033 0.2906625288279519 0
outer loop
vertex -48.68081333333333 35.26718666666667 4.900351666666667
vertex -49.12537666666667 33.803738333333335 0
vertex -49.12537666666667 33.803738333333335 4.499793333333334
endloop
endfacet
facet normal -0.9568256342382034 0.29066252882795196 0
outer loop
vertex -48.68081333333333 35.26718666666667 4.900351666666667
vertex -49.12537666666667 33.803738333333335 4.499793333333334
vertex -49.12537666666667 33.803738333333335 10.000418333333334
endloop
endfacet
facet normal -0.9568952230280308 0.29043334344835864 -0.00007182996029302403
outer loop
vertex -48.68081333333333 35.26718666666667 4.900351666666667
vertex -49.12537666666667 33.803738333333335 10.000418333333334
vertex -48.01509666666667 37.461795 10.000418333333334
endloop
endfacet
facet normal -0.956941606706307 0.290280487381345 0
outer loop
vertex -48.68081333333333 35.26718666666667 4.900351666666667
vertex -48.01509666666667 37.461795 10.000418333333334
vertex -48.01509666666667 37.461795 0
endloop
endfacet
facet normal -0.956895222822716 0.2904333433860423 0.00007475740742684918
outer loop
vertex -48.68081333333333 35.26718666666667 4.900351666666667
vertex -48.01509666666667 37.461795 0
vertex -49.12537666666667 33.803738333333335 0
endloop
endfacet
facet normal -0.956941606706307 -0.290280487381345 0
outer loop
vertex -48.68081333333333 24.731938333333336 4.900351666666667
vertex -48.01509666666667 22.53733 0
vertex -48.01509666666667 22.53733 10.000418333333334
endloop
endfacet
facet normal -0.9568952230280308 -0.29043334344835864 -0.00007182996029302403
outer loop
vertex -48.68081333333333 24.731938333333336 4.900351666666667
vertex -48.01509666666667 22.53733 10.000418333333334
vertex -49.12537666666667 26.195386666666668 10.000418333333334
endloop
endfacet
facet normal -0.9568256342382034 -0.29066252882795196 0
outer loop
vertex -48.68081333333333 24.731938333333336 4.900351666666667
vertex -49.12537666666667 26.195386666666668 10.000418333333334
vertex -49.12537666666667 26.195386666666668 4.499793333333334
endloop
endfacet
facet normal -0.9568256342382033 -0.2906625288279519 0
outer loop
vertex -48.68081333333333 24.731938333333336 4.900351666666667
vertex -49.12537666666667 26.195386666666668 4.499793333333334
vertex -49.12537666666667 26.195386666666668 0
endloop
endfacet
facet normal -0.956895222822716 -0.2904333433860423 0.00007475740742684918
outer loop
vertex -48.68081333333333 24.731938333333336 4.900351666666667
vertex -49.12537666666667 26.195386666666668 0
vertex -48.01509666666667 22.53733 0
endloop
endfacet
facet normal -0.8819358998222444 -0.4713693547577397 0
outer loop
vertex -46.213148333333336 19.16587 0
vertex -46.213148333333336 19.16587 10.000418333333334
vertex -48.01509666666667 22.53733 10.000418333333334
endloop
endfacet
facet normal -0.8819358998222444 -0.4713693547577397 0
outer loop
vertex -46.213148333333336 19.16587 0
vertex -48.01509666666667 22.53733 10.000418333333334
vertex -48.01509666666667 22.53733 0
endloop
endfacet
facet normal -0.7729434246050287 -0.6344749501436999 0
outer loop
vertex -43.788360000000004 16.211893333333336 0
vertex -43.788360000000004 16.211893333333336 10.000418333333334
vertex -46.213148333333336 19.16587 10.000418333333334
endloop
endfacet
facet normal -0.7729434246050287 -0.6344749501436999 0
outer loop
vertex -43.788360000000004 16.211893333333336 0
vertex -46.213148333333336 19.16587 10.000418333333334
vertex -46.213148333333336 19.16587 0
endloop
endfacet
facet normal -0.6345065357320109 -0.7729174963172732 0
outer loop
vertex -40.833255 13.785976666666668 0
vertex -40.833255 13.785976666666668 10.000418333333334
vertex -43.788360000000004 16.211893333333336 10.000418333333334
endloop
endfacet
facet normal -0.6345065357320109 -0.7729174963172732 0
outer loop
vertex -40.833255 13.785976666666668 0
vertex -43.788360000000004 16.211893333333336 10.000418333333334
vertex -43.788360000000004 16.211893333333336 0
endloop
endfacet
facet normal -0.47136935475773944 -0.8819358998222447 0
outer loop
vertex -37.461795 11.984028333333335 0
vertex -37.461795 11.984028333333335 10.000418333333334
vertex -40.833255 13.785976666666668 10.000418333333334
endloop
endfacet
facet normal -0.47136935475773944 -0.8819358998222447 0
outer loop
vertex -37.461795 11.984028333333335 0
vertex -40.833255 13.785976666666668 10.000418333333334
vertex -40.833255 13.785976666666668 0
endloop
endfacet
facet normal -0.2901630504613948 -0.9569772223762373 0
outer loop
vertex -33.803738333333335 10.874876666666667 0
vertex -33.803738333333335 10.874876666666667 10.000418333333334
vertex -37.461795 11.984028333333335 10.000418333333334
endloop
endfacet
facet normal -0.2901630504613948 -0.9569772223762373 0
outer loop
vertex -33.803738333333335 10.874876666666667 0
vertex -37.461795 11.984028333333335 10.000418333333334
vertex -37.461795 11.984028333333335 0
endloop
endfacet
facet normal -0.09801289471377743 -0.9951851448197093 0
outer loop
vertex -30.00012666666667 10.50027 0
vertex -30.00012666666667 10.50027 10.000418333333334
vertex -33.803738333333335 10.874876666666667 10.000418333333334
endloop
endfacet
facet normal -0.09801289471377743 -0.9951851448197093 0
outer loop
vertex -30.00012666666667 10.50027 0
vertex -33.803738333333335 10.874876666666667 10.000418333333334
vertex -33.803738333333335 10.874876666666667 0
endloop
endfacet
facet normal 0.09798410712601792 -0.9951879796052185 0
outer loop
vertex -26.195386666666668 10.874876666666667 0
vertex -26.195386666666668 10.874876666666667 10.000418333333334
vertex -30.00012666666667 10.50027 10.000418333333334
endloop
endfacet
facet normal 0.09798410712601792 -0.9951879796052185 0
outer loop
vertex -26.195386666666668 10.874876666666667 0
vertex -30.00012666666667 10.50027 10.000418333333334
vertex -30.00012666666667 10.50027 0
endloop
endfacet
facet normal 0.2901630504613948 -0.9569772223762373 0
outer loop
vertex -22.53733 11.984028333333335 0
vertex -22.53733 11.984028333333335 10.000418333333334
vertex -26.195386666666668 10.874876666666667 10.000418333333334
endloop
endfacet
facet normal 0.2901630504613948 -0.9569772223762373 0
outer loop
vertex -22.53733 11.984028333333335 0
vertex -26.195386666666668 10.874876666666667 10.000418333333334
vertex -26.195386666666668 10.874876666666667 0
endloop
endfacet
facet normal 0.47136935475773944 -0.8819358998222447 0
outer loop
vertex -19.16587 13.785976666666668 0
vertex -19.16587 13.785976666666668 10.000418333333334
vertex -22.53733 11.984028333333335 10.000418333333334
endloop
endfacet
facet normal 0.47136935475773944 -0.8819358998222447 0
outer loop
vertex -19.16587 13.785976666666668 0
vertex -22.53733 11.984028333333335 10.000418333333334
vertex -22.53733 11.984028333333335 0
endloop
endfacet
facet normal 0.6346512903929921 -0.7727986410459778 0
outer loop
vertex -16.211893333333336 16.211893333333336 0
vertex -16.211893333333336 16.211893333333336 10.000418333333334
vertex -19.16587 13.785976666666668 10.000418333333334
endloop
endfacet
facet normal 0.6346512903929921 -0.7727986410459778 0
outer loop
vertex -16.211893333333336 16.211893333333336 0
vertex -19.16587 13.785976666666668 10.000418333333334
vertex -19.16587 13.785976666666668 0
endloop
endfacet
facet normal 0.7727986410459778 -0.6346512903929921 0
outer loop
vertex -13.785976666666668 19.16587 0
vertex -13.785976666666668 19.16587 10.000418333333334
vertex -16.211893333333336 16.211893333333336 10.000418333333334
endloop
endfacet
facet normal 0.7727986410459778 -0.6346512903929921 0
outer loop
vertex -13.785976666666668 19.16587 0
vertex -16.211893333333336 16.211893333333336 10.000418333333334
vertex -16.211893333333336 16.211893333333336 0
endloop
endfacet
facet normal 0.8819358998222447 -0.47136935475773944 0
outer loop
vertex -11.984028333333335 22.53733 0
vertex -11.984028333333335 22.53733 10.000418333333334
vertex -13.785976666666668 19.16587 10.000418333333334
endloop
endfacet
facet normal 0.8819358998222447 -0.47136935475773944 0
outer loop
vertex -11.984028333333335 22.53733 0
vertex -13.785976666666668 19.16587 10.000418333333334
vertex -13.785976666666668 19.16587 0
endloop
endfacet
facet normal 0.957030610103275 -0.2899869157830286 0
outer loop
vertex -11.318311666666668 24.731938333333336 4.900351666666667
vertex -10.874876666666667 26.195386666666668 0
vertex -10.874876666666667 26.195386666666668 4.499793333333334
endloop
endfacet
facet normal 0.957030610103275 -0.28998691578302865 0
outer loop
vertex -11.318311666666668 24.731938333333336 4.900351666666667
vertex -10.874876666666667 26.195386666666668 4.499793333333334
vertex -10.874876666666667 26.195386666666668 10.000418333333334
endloop
endfacet
facet normal 0.9569772209191507 -0.2901630500195946 0.000055183197828958086
outer loop
vertex -11.318311666666668 24.731938333333336 4.900351666666667
vertex -10.874876666666667 26.195386666666668 10.000418333333334
vertex -11.984028333333335 22.53733 10.000418333333334
endloop
endfacet
facet normal 0.9569416067063066 -0.2902804873813472 0
outer loop
vertex -11.318311666666668 24.731938333333336 4.900351666666667
vertex -11.984028333333335 22.53733 10.000418333333334
vertex -11.984028333333335 22.53733 0
endloop
endfacet
facet normal 0.9569772207979627 -0.2901630499828494 -0.00005743220220016208
outer loop
vertex -11.318311666666668 24.731938333333336 4.900351666666667
vertex -11.984028333333335 22.53733 0
vertex -10.874876666666667 26.195386666666668 0
endloop
endfacet
facet normal 0.9951851448197095 0.09801289471377746 0
outer loop
vertex -10.50027 30.00012666666667 10.000418333333334
vertex -10.50027 30.00012666666667 4.499793333333334
vertex -10.874876666666667 33.803738333333335 4.499793333333334
endloop
endfacet
facet normal 0.9951851448197095 0.09801289471377746 0
outer loop
vertex -10.50027 30.00012666666667 10.000418333333334
vertex -10.874876666666667 33.803738333333335 4.499793333333334
vertex -10.874876666666667 33.803738333333335 10.000418333333334
endloop
endfacet
facet normal 0.9951580892710009 0.09828721869343231 0
outer loop
vertex -10.721423333333334 32.25002333333334 4.499793333333334
vertex -10.721423333333334 32.25002333333334 0
vertex -10.874876666666667 33.803738333333335 0
endloop
endfacet
facet normal 0.9951580892710009 0.09828721869343231 0
outer loop
vertex -10.721423333333334 32.25002333333334 4.499793333333334
vertex -10.874876666666667 33.803738333333335 0
vertex -10.874876666666667 33.803738333333335 4.499793333333334
endloop
endfacet
facet normal -0.9951851448197095 0.09801289471377699 0
outer loop
vertex -49.12537666666667 33.803738333333335 10.000418333333334
vertex -49.12537666666667 33.803738333333335 4.499793333333334
vertex -49.49998333333333 30.00012666666667 4.499793333333334
endloop
endfacet
facet normal -0.9951851448197095 0.09801289471377699 0
outer loop
vertex -49.12537666666667 33.803738333333335 10.000418333333334
vertex -49.49998333333333 30.00012666666667 4.499793333333334
vertex -49.49998333333333 30.00012666666667 10.000418333333334
endloop
endfacet
facet normal -0.9951580892710007 0.0982872186934357 0
outer loop
vertex -49.12537666666667 33.803738333333335 4.499793333333334
vertex -49.12537666666667 33.803738333333335 0
vertex -49.278830000000006 32.25002333333334 0
endloop
endfacet
facet normal -0.9951580892710007 0.0982872186934357 0
outer loop
vertex -49.12537666666667 33.803738333333335 4.499793333333334
vertex -49.278830000000006 32.25002333333334 0
vertex -49.278830000000006 32.25002333333334 4.499793333333334
endloop
endfacet
facet normal -0.9951879796052187 -0.09798410712601746 0
outer loop
vertex -49.49998333333333 30.00012666666667 10.000418333333334
vertex -49.49998333333333 30.00012666666667 4.499793333333334
vertex -49.12537666666667 26.195386666666668 4.499793333333334
endloop
endfacet
facet normal -0.9951879796052187 -0.09798410712601746 0
outer loop
vertex -49.49998333333333 30.00012666666667 10.000418333333334
vertex -49.12537666666667 26.195386666666668 4.499793333333334
vertex -49.12537666666667 26.195386666666668 10.000418333333334
endloop
endfacet
facet normal -0.9951650633025317 -0.0982165809935768 0
outer loop
vertex -49.278830000000006 27.750230000000002 4.499793333333334
vertex -49.278830000000006 27.750230000000002 0
vertex -49.12537666666667 26.195386666666668 0
endloop
endfacet
facet normal -0.9951650633025317 -0.0982165809935768 0
outer loop
vertex -49.278830000000006 27.750230000000002 4.499793333333334
vertex -49.12537666666667 26.195386666666668 0
vertex -49.12537666666667 26.195386666666668 4.499793333333334
endloop
endfacet
facet normal 0.9951879796052187 -0.09798410712601793 0
outer loop
vertex -10.874876666666667 26.195386666666668 10.000418333333334
vertex -10.874876666666667 26.195386666666668 4.499793333333334
vertex -10.50027 30.00012666666667 4.499793333333334
endloop
endfacet
facet normal 0.9951879796052187 -0.09798410712601793 0
outer loop
vertex -10.874876666666667 26.195386666666668 10.000418333333334
vertex -10.50027 30.00012666666667 4.499793333333334
vertex -10.50027 30.00012666666667 10.000418333333334
endloop
endfacet
facet normal 0.995165063302532 -0.09821658099357342 0
outer loop
vertex -10.874876666666667 26.195386666666668 4.499793333333334
vertex -10.874876666666667 26.195386666666668 0
vertex -10.721423333333334 27.750230000000002 0
endloop
endfacet
facet normal 0.995165063302532 -0.09821658099357342 0
outer loop
vertex -10.874876666666667 26.195386666666668 4.499793333333334
vertex -10.721423333333334 27.750230000000002 0
vertex -10.721423333333334 27.750230000000002 4.499793333333334
endloop
endfacet
facet normal 0.9952037853298832 0.09782344128618674 0
outer loop
vertex -7.5000316666666675 30.00012666666667 4.499793333333334
vertex -7.5000316666666675 30.00012666666667 0
vertex -7.721185 32.25002333333334 0
endloop
endfacet
facet normal 0.9952037853298832 0.09782344128618674 0
outer loop
vertex -7.5000316666666675 30.00012666666667 4.499793333333334
vertex -7.721185 32.25002333333334 0
vertex -7.721185 32.25002333333334 4.499793333333334
endloop
endfacet
facet normal -0.9951550755217403 0.09831772812326144 0
outer loop
vertex -52.27794 32.25002333333334 4.499793333333334
vertex -52.27794 32.25002333333334 0
vertex -52.50022166666667 30.00012666666667 0
endloop
endfacet
facet normal -0.9951550755217403 0.09831772812326144 0
outer loop
vertex -52.27794 32.25002333333334 4.499793333333334
vertex -52.50022166666667 30.00012666666667 0
vertex -52.50022166666667 30.00012666666667 4.499793333333334
endloop
endfacet
facet normal -0.9951550755217403 -0.09831772812326144 0
outer loop
vertex -52.50022166666667 30.00012666666667 4.499793333333334
vertex -52.50022166666667 30.00012666666667 0
vertex -52.27794 27.750230000000002 0
endloop
endfacet
facet normal -0.9951550755217403 -0.09831772812326144 0
outer loop
vertex -52.50022166666667 30.00012666666667 4.499793333333334
vertex -52.27794 27.750230000000002 0
vertex -52.27794 27.750230000000002 4.499793333333334
endloop
endfacet
facet normal 0.9952037853298832 -0.09782344128618674 0
outer loop
vertex -7.5000316666666675 30.00012666666667 0
vertex -7.5000316666666675 30.00012666666667 4.499793333333334
vertex -7.721185 27.750230000000002 4.499793333333334
endloop
endfacet
facet normal 0.9952037853298832 -0.09782344128618674 0
outer loop
vertex -7.5000316666666675 30.00012666666667 0
vertex -7.721185 27.750230000000002 4.499793333333334
vertex -7.721185 27.750230000000002 0
endloop
endfacet
facet normal 0 -0.9999999999999999 0
outer loop
vertex -10.721423333333334 27.750230000000002 4.499793333333334
vertex -10.721423333333334 27.750230000000002 0
vertex -7.721185 27.750230000000002 0
endloop
endfacet
facet normal 0 -0.9999999999999999 0
outer loop
vertex -10.721423333333334 27.750230000000002 4.499793333333334
vertex -7.721185 27.750230000000002 0
vertex -7.721185 27.750230000000002 4.499793333333334
endloop
endfacet
facet normal 0 -1 0
outer loop
vertex -52.27794 27.750230000000002 4.499793333333334
vertex -52.27794 27.750230000000002 0
vertex -49.278830000000006 27.750230000000002 0
endloop
endfacet
facet normal 0 -1 0
outer loop
vertex -52.27794 27.750230000000002 4.499793333333334
vertex -49.278830000000006 27.750230000000002 0
vertex -49.278830000000006 27.750230000000002 4.499793333333334
endloop
endfacet
facet normal 0 1 0
outer loop
vertex -49.278830000000006 32.25002333333334 4.499793333333334
vertex -49.278830000000006 32.25002333333334 0
vertex -52.27794 32.25002333333334 0
endloop
endfacet
facet normal 0 1 0
outer loop
vertex -49.278830000000006 32.25002333333334 4.499793333333334
vertex -52.27794 32.25002333333334 0
vertex -52.27794 32.25002333333334 4.499793333333334
endloop
endfacet
facet normal 0 0.9999999999999999 0
outer loop
vertex -7.721185 32.25002333333334 4.499793333333334
vertex -7.721185 32.25002333333334 0
vertex -10.721423333333334 32.25002333333334 0
endloop
endfacet
facet normal 0 0.9999999999999999 0
outer loop
vertex -7.721185 32.25002333333334 4.499793333333334
vertex -10.721423333333334 32.25002333333334 0
vertex -10.721423333333334 32.25002333333334 4.499793333333334
endloop
endfacet
facet normal -0.9951670805594799 -0.09819613928623658 0
outer loop
vertex -12.999528333333334 30.00012666666667 0
vertex -12.999528333333334 30.00012666666667 10.000418333333334
vertex -13.326745 33.316298333333336 10.000418333333334
endloop
endfacet
facet normal -0.9951670805594799 -0.09819613928623658 0
outer loop
vertex -12.999528333333334 30.00012666666667 0
vertex -13.326745 33.316298333333336 10.000418333333334
vertex -13.326745 33.316298333333336 0
endloop
endfacet
facet normal -0.9569930808675262 -0.2901107429442766 0
outer loop
vertex -13.326745 33.316298333333336 0
vertex -13.326745 33.316298333333336 10.000418333333334
vertex -14.293726666666668 36.50609666666667 10.000418333333334
endloop
endfacet
facet normal -0.9569930808675262 -0.2901107429442766 0
outer loop
vertex -13.326745 33.316298333333336 0
vertex -14.293726666666668 36.50609666666667 10.000418333333334
vertex -14.293726666666668 36.50609666666667 0
endloop
endfacet
facet normal -0.8817617151043599 -0.47169511103701034 0
outer loop
vertex -14.293726666666668 36.50609666666667 0
vertex -14.293726666666668 36.50609666666667 10.000418333333334
vertex -15.865495000000001 39.44427666666667 10.000418333333334
endloop
endfacet
facet normal -0.8817617151043599 -0.47169511103701034 0
outer loop
vertex -14.293726666666668 36.50609666666667 0
vertex -15.865495000000001 39.44427666666667 10.000418333333334
vertex -15.865495000000001 39.44427666666667 0
endloop
endfacet
facet normal -0.7731116904420864 -0.6342699063504272 0
outer loop
vertex -15.865495000000001 39.44427666666667 0
vertex -15.865495000000001 39.44427666666667 10.000418333333334
vertex -17.978863333333333 42.02026166666667 10.000418333333334
endloop
endfacet
facet normal -0.7731116904420864 -0.6342699063504272 0
outer loop
vertex -15.865495000000001 39.44427666666667 0
vertex -17.978863333333333 42.02026166666667 10.000418333333334
vertex -17.978863333333333 42.02026166666667 0
endloop
endfacet
facet normal -0.6344722459519561 -0.7729456443480878 0
outer loop
vertex -17.978863333333333 42.02026166666667 0
vertex -17.978863333333333 42.02026166666667 10.000418333333334
vertex -20.554848333333336 44.13475833333334 10.000418333333334
endloop
endfacet
facet normal -0.6344722459519561 -0.7729456443480878 0
outer loop
vertex -17.978863333333333 42.02026166666667 0
vertex -20.554848333333336 44.13475833333334 10.000418333333334
vertex -20.554848333333336 44.13475833333334 0
endloop
endfacet
facet normal -0.47129100179309275 -0.8819777727521613 0
outer loop
vertex -20.554848333333336 44.13475833333334 0
vertex -20.554848333333336 44.13475833333334 10.000418333333334
vertex -23.49415666666667 45.705398333333335 10.000418333333334
endloop
endfacet
facet normal -0.47129100179309275 -0.8819777727521613 0
outer loop
vertex -20.554848333333336 44.13475833333334 0
vertex -23.49415666666667 45.705398333333335 10.000418333333334
vertex -23.49415666666667 45.705398333333335 0
endloop
endfacet
facet normal -0.2904207250249518 -0.9568990555309277 0
outer loop
vertex -23.49415666666667 45.705398333333335 0
vertex -23.49415666666667 45.705398333333335 10.000418333333334
vertex -26.683955 46.67350833333334 10.000418333333334
endloop
endfacet
facet normal -0.2904207250249518 -0.9568990555309277 0
outer loop
vertex -23.49415666666667 45.705398333333335 0
vertex -26.683955 46.67350833333334 10.000418333333334
vertex -26.683955 46.67350833333334 0
endloop
endfacet
facet normal -0.09786078021797655 -0.9952001143966618 0
outer loop
vertex -26.683955 46.67350833333334 0
vertex -26.683955 46.67350833333334 10.000418333333334
vertex -30.00012666666667 46.99959666666667 10.000418333333334
endloop
endfacet
facet normal -0.09786078021797655 -0.9952001143966618 0
outer loop
vertex -26.683955 46.67350833333334 0
vertex -30.00012666666667 46.99959666666667 10.000418333333334
vertex -30.00012666666667 46.99959666666667 0
endloop
endfacet
facet normal 0.09786078021797667 -0.9952001143966619 0
outer loop
vertex -30.00012666666667 46.99959666666667 0
vertex -30.00012666666667 46.99959666666667 10.000418333333334
vertex -33.316298333333336 46.67350833333334 10.000418333333334
endloop
endfacet
facet normal 0.09786078021797667 -0.9952001143966619 0
outer loop
vertex -30.00012666666667 46.99959666666667 0
vertex -33.316298333333336 46.67350833333334 10.000418333333334
vertex -33.316298333333336 46.67350833333334 0
endloop
endfacet
facet normal 0.2904207250249515 -0.9568990555309278 0
outer loop
vertex -33.316298333333336 46.67350833333334 0
vertex -33.316298333333336 46.67350833333334 10.000418333333334
vertex -36.50609666666667 45.705398333333335 10.000418333333334
endloop
endfacet
facet normal 0.2904207250249515 -0.9568990555309278 0
outer loop
vertex -33.316298333333336 46.67350833333334 0
vertex -36.50609666666667 45.705398333333335 10.000418333333334
vertex -36.50609666666667 45.705398333333335 0
endloop
endfacet
facet normal 0.4714317710699343 -0.8819025372601358 0
outer loop
vertex -36.50609666666667 45.705398333333335 0
vertex -36.50609666666667 45.705398333333335 10.000418333333334
vertex -39.44427666666667 44.13475833333334 10.000418333333334
endloop
endfacet
facet normal 0.4714317710699343 -0.8819025372601358 0
outer loop
vertex -36.50609666666667 45.705398333333335 0
vertex -39.44427666666667 44.13475833333334 10.000418333333334
vertex -39.44427666666667 44.13475833333334 0
endloop
endfacet
facet normal 0.6344722459519561 -0.7729456443480878 0
outer loop
vertex -39.44427666666667 44.13475833333334 0
vertex -39.44427666666667 44.13475833333334 10.000418333333334
vertex -42.02026166666667 42.02026166666667 10.000418333333334
endloop
endfacet
facet normal 0.6344722459519561 -0.7729456443480878 0
outer loop
vertex -39.44427666666667 44.13475833333334 0
vertex -42.02026166666667 42.02026166666667 10.000418333333334
vertex -42.02026166666667 42.02026166666667 0
endloop
endfacet
facet normal 0.7729456443480878 -0.6344722459519561 0
outer loop
vertex -42.02026166666667 42.02026166666667 0
vertex -42.02026166666667 42.02026166666667 10.000418333333334
vertex -44.13475833333334 39.44427666666667 10.000418333333334
endloop
endfacet
facet normal 0.7729456443480878 -0.6344722459519561 0
outer loop
vertex -42.02026166666667 42.02026166666667 0
vertex -44.13475833333334 39.44427666666667 10.000418333333334
vertex -44.13475833333334 39.44427666666667 0
endloop
endfacet
facet normal 0.8819025372601358 -0.4714317710699343 0
outer loop
vertex -44.13475833333334 39.44427666666667 0
vertex -44.13475833333334 39.44427666666667 10.000418333333334
vertex -45.705398333333335 36.50609666666667 10.000418333333334
endloop
endfacet
facet normal 0.8819025372601358 -0.4714317710699343 0
outer loop
vertex -44.13475833333334 39.44427666666667 0
vertex -45.705398333333335 36.50609666666667 10.000418333333334
vertex -45.705398333333335 36.50609666666667 0
endloop
endfacet
facet normal 0.9568990555309278 -0.2904207250249515 0
outer loop
vertex -45.705398333333335 36.50609666666667 0
vertex -45.705398333333335 36.50609666666667 10.000418333333334
vertex -46.67350833333334 33.316298333333336 10.000418333333334
endloop
endfacet
facet normal 0.9568990555309278 -0.2904207250249515 0
outer loop
vertex -45.705398333333335 36.50609666666667 0
vertex -46.67350833333334 33.316298333333336 10.000418333333334
vertex -46.67350833333334 33.316298333333336 0
endloop
endfacet
facet normal 0.9952001143966619 -0.09786078021797667 0
outer loop
vertex -46.67350833333334 33.316298333333336 0
vertex -46.67350833333334 33.316298333333336 10.000418333333334
vertex -46.99959666666667 30.00012666666667 10.000418333333334
endloop
endfacet
facet normal 0.9952001143966619 -0.09786078021797667 0
outer loop
vertex -46.67350833333334 33.316298333333336 0
vertex -46.99959666666667 30.00012666666667 10.000418333333334
vertex -46.99959666666667 30.00012666666667 0
endloop
endfacet
facet normal 0.9952001143966618 0.09786078021797655 0
outer loop
vertex -46.99959666666667 30.00012666666667 0
vertex -46.99959666666667 30.00012666666667 10.000418333333334
vertex -46.67350833333334 26.683955 10.000418333333334
endloop
endfacet
facet normal 0.9952001143966618 0.09786078021797655 0
outer loop
vertex -46.99959666666667 30.00012666666667 0
vertex -46.67350833333334 26.683955 10.000418333333334
vertex -46.67350833333334 26.683955 0
endloop
endfacet
facet normal 0.9568990555309277 0.2904207250249518 0
outer loop
vertex -46.67350833333334 26.683955 0
vertex -46.67350833333334 26.683955 10.000418333333334
vertex -45.705398333333335 23.49415666666667 10.000418333333334
endloop
endfacet
facet normal 0.9568990555309277 0.2904207250249518 0
outer loop
vertex -46.67350833333334 26.683955 0
vertex -45.705398333333335 23.49415666666667 10.000418333333334
vertex -45.705398333333335 23.49415666666667 0
endloop
endfacet
facet normal 0.8819777727521613 0.47129100179309275 0
outer loop
vertex -45.705398333333335 23.49415666666667 0
vertex -45.705398333333335 23.49415666666667 10.000418333333334
vertex -44.13475833333334 20.554848333333336 10.000418333333334
endloop
endfacet
facet normal 0.8819777727521613 0.47129100179309275 0
outer loop
vertex -45.705398333333335 23.49415666666667 0
vertex -44.13475833333334 20.554848333333336 10.000418333333334
vertex -44.13475833333334 20.554848333333336 0
endloop
endfacet
facet normal 0.7729456443480878 0.6344722459519561 0
outer loop
vertex -44.13475833333334 20.554848333333336 0
vertex -44.13475833333334 20.554848333333336 10.000418333333334
vertex -42.02026166666667 17.978863333333333 10.000418333333334
endloop
endfacet
facet normal 0.7729456443480878 0.6344722459519561 0
outer loop
vertex -44.13475833333334 20.554848333333336 0
vertex -42.02026166666667 17.978863333333333 10.000418333333334
vertex -42.02026166666667 17.978863333333333 0
endloop
endfacet
facet normal 0.6342699063504272 0.7731116904420864 0
outer loop
vertex -42.02026166666667 17.978863333333333 0
vertex -42.02026166666667 17.978863333333333 10.000418333333334
vertex -39.44427666666667 15.865495000000001 10.000418333333334
endloop
endfacet
facet normal 0.6342699063504272 0.7731116904420864 0
outer loop
vertex -42.02026166666667 17.978863333333333 0
vertex -39.44427666666667 15.865495000000001 10.000418333333334
vertex -39.44427666666667 15.865495000000001 0
endloop
endfacet
facet normal 0.47169511103701034 0.8817617151043599 0
outer loop
vertex -39.44427666666667 15.865495000000001 0
vertex -39.44427666666667 15.865495000000001 10.000418333333334
vertex -36.50609666666667 14.293726666666668 10.000418333333334
endloop
endfacet
facet normal 0.47169511103701034 0.8817617151043599 0
outer loop
vertex -39.44427666666667 15.865495000000001 0
vertex -36.50609666666667 14.293726666666668 10.000418333333334
vertex -36.50609666666667 14.293726666666668 0
endloop
endfacet
facet normal 0.2901107429442766 0.9569930808675262 0
outer loop
vertex -36.50609666666667 14.293726666666668 0
vertex -36.50609666666667 14.293726666666668 10.000418333333334
vertex -33.316298333333336 13.326745 10.000418333333334
endloop
endfacet
facet normal 0.2901107429442766 0.9569930808675262 0
outer loop
vertex -36.50609666666667 14.293726666666668 0
vertex -33.316298333333336 13.326745 10.000418333333334
vertex -33.316298333333336 13.326745 0
endloop
endfacet
facet normal 0.09819613928623658 0.9951670805594799 0
outer loop
vertex -33.316298333333336 13.326745 0
vertex -33.316298333333336 13.326745 10.000418333333334
vertex -30.00012666666667 12.999528333333334 10.000418333333334
endloop
endfacet
facet normal 0.09819613928623658 0.9951670805594799 0
outer loop
vertex -33.316298333333336 13.326745 0
vertex -30.00012666666667 12.999528333333334 10.000418333333334
vertex -30.00012666666667 12.999528333333334 0
endloop
endfacet
facet normal -0.09819613928623648 0.9951670805594799 0
outer loop
vertex -30.00012666666667 12.999528333333334 0
vertex -30.00012666666667 12.999528333333334 10.000418333333334
vertex -26.683955 13.326745 10.000418333333334
endloop
endfacet
facet normal -0.09819613928623648 0.9951670805594799 0
outer loop
vertex -30.00012666666667 12.999528333333334 0
vertex -26.683955 13.326745 10.000418333333334
vertex -26.683955 13.326745 0
endloop
endfacet
facet normal -0.2901107429442769 0.9569930808675262 0
outer loop
vertex -26.683955 13.326745 0
vertex -26.683955 13.326745 10.000418333333334
vertex -23.49415666666667 14.293726666666668 10.000418333333334
endloop
endfacet
facet normal -0.2901107429442769 0.9569930808675262 0
outer loop
vertex -26.683955 13.326745 0
vertex -23.49415666666667 14.293726666666668 10.000418333333334
vertex -23.49415666666667 14.293726666666668 0
endloop
endfacet
facet normal -0.4715543080844414 0.8818370226561163 0
outer loop
vertex -23.49415666666667 14.293726666666668 0
vertex -23.49415666666667 14.293726666666668 10.000418333333334
vertex -20.554848333333336 15.865495000000001 10.000418333333334
endloop
endfacet
facet normal -0.4715543080844414 0.8818370226561163 0
outer loop
vertex -23.49415666666667 14.293726666666668 0
vertex -20.554848333333336 15.865495000000001 10.000418333333334
vertex -20.554848333333336 15.865495000000001 0
endloop
endfacet
facet normal -0.6342699063504272 0.7731116904420864 0
outer loop
vertex -20.554848333333336 15.865495000000001 0
vertex -20.554848333333336 15.865495000000001 10.000418333333334
vertex -17.978863333333333 17.978863333333333 10.000418333333334
endloop
endfacet
facet normal -0.6342699063504272 0.7731116904420864 0
outer loop
vertex -20.554848333333336 15.865495000000001 0
vertex -17.978863333333333 17.978863333333333 10.000418333333334
vertex -17.978863333333333 17.978863333333333 0
endloop
endfacet
facet normal -0.7731116904420864 0.6342699063504272 0
outer loop
vertex -17.978863333333333 17.978863333333333 0
vertex -17.978863333333333 17.978863333333333 10.000418333333334
vertex -15.865495000000001 20.554848333333336 10.000418333333334
endloop
endfacet
facet normal -0.7731116904420864 0.6342699063504272 0
outer loop
vertex -17.978863333333333 17.978863333333333 0
vertex -15.865495000000001 20.554848333333336 10.000418333333334
vertex -15.865495000000001 20.554848333333336 0
endloop
endfacet
facet normal -0.8818370226561163 0.4715543080844414 0
outer loop
vertex -15.865495000000001 20.554848333333336 0
vertex -15.865495000000001 20.554848333333336 10.000418333333334
vertex -14.293726666666668 23.49415666666667 10.000418333333334
endloop
endfacet
facet normal -0.8818370226561163 0.4715543080844414 0
outer loop
vertex -15.865495000000001 20.554848333333336 0
vertex -14.293726666666668 23.49415666666667 10.000418333333334
vertex -14.293726666666668 23.49415666666667 0
endloop
endfacet
facet normal -0.9569930808675262 0.2901107429442769 0
outer loop
vertex -14.293726666666668 23.49415666666667 0
vertex -14.293726666666668 23.49415666666667 10.000418333333334
vertex -13.326745 26.683955 10.000418333333334
endloop
endfacet
facet normal -0.9569930808675262 0.2901107429442769 0
outer loop
vertex -14.293726666666668 23.49415666666667 0
vertex -13.326745 26.683955 10.000418333333334
vertex -13.326745 26.683955 0
endloop
endfacet
facet normal -0.9951670805594799 0.09819613928623648 0
outer loop
vertex -13.326745 26.683955 0
vertex -13.326745 26.683955 10.000418333333334
vertex -12.999528333333334 30.00012666666667 10.000418333333334
endloop
endfacet
facet normal -0.9951670805594799 0.09819613928623648 0
outer loop
vertex -13.326745 26.683955 0
vertex -12.999528333333334 30.00012666666667 10.000418333333334
vertex -12.999528333333334 30.00012666666667 0
endloop
endfacet
endsolid JSCAD
